split,support,method,enrollment,cap,role,point,threshold,conditional_status,queries,scored_queries,query_coverage,support_selection_coverage,zero_scored_speakers,eer,far_resolution,genuine,impostor,false_accepts,false_rejects,no_score_genuine,no_score_impostor,all_genuine,all_impostor,far,frr,all_input_far,all_input_frr,far_ci95_lower,far_ci95_upper,far_ci95_valid_replicates,far_ci95_undefined_replicates,frr_ci95_lower,frr_ci95_upper,frr_ci95_valid_replicates,frr_ci95_undefined_replicates,all_input_far_ci95_lower,all_input_far_ci95_upper,all_input_far_ci95_valid_replicates,all_input_far_ci95_undefined_replicates,all_input_frr_ci95_lower,all_input_frr_ci95_upper,all_input_frr_ci95_valid_replicates,all_input_frr_ci95_undefined_replicates,query_coverage_ci95_lower,query_coverage_ci95_upper,query_coverage_ci95_valid_replicates,query_coverage_ci95_undefined_replicates,pooled_eer_ci95_lower,pooled_eer_ci95_upper,pooled_eer_ci95_valid_replicates,pooled_eer_ci95_undefined_replicates
validation,common,ecapa_whole,n1,full,cross_text_verification,far_1pct,0.615823380972418,evaluable,392,392,1.0,0.8711111111111111,,0.0023688046647230322,0.00018221574344023323,392,5488,36,0,0,0,392,5488,0.006559766763848397,0.0,0.006559766763848397,0.0,,,,,,,,,,,,,,,,,,,,,,,,
validation,common,ecapa_whole,n1,full,cross_text_verification,far_0_1pct,0.6642427777860023,evaluable,392,392,1.0,0.8711111111111111,,0.0023688046647230322,0.00018221574344023323,392,5488,4,1,0,0,392,5488,0.0007288629737609329,0.002551020408163265,0.0007288629737609329,0.002551020408163265,,,,,,,,,,,,,,,,,,,,,,,,
validation,common,ecapa_whole,n1,full,cross_text_verification,eer_operating,0.6623031111481853,evaluable,392,392,1.0,0.8711111111111111,,0.0023688046647230322,0.00018221574344023323,392,5488,4,1,0,0,392,5488,0.0007288629737609329,0.002551020408163265,0.0007288629737609329,0.002551020408163265,,,,,,,,,,,,,,,,,,,,,,,,
validation,common,ecapa_whole,n1,full,verification,far_1pct,0.615823380972418,evaluable,735,735,1.0,0.98,,0.0010689990281827016,9.718172983479106e-05,735,10290,102,0,0,0,735,10290,0.009912536443148687,0.0,0.009912536443148687,0.0,,,,,,,,,,,,,,,,,,,,,,,,
validation,common,ecapa_whole,n1,full,verification,far_0_1pct,0.6642427777860023,evaluable,735,735,1.0,0.98,,0.0010689990281827016,9.718172983479106e-05,735,10290,10,1,0,0,735,10290,0.0009718172983479105,0.0013605442176870747,0.0009718172983479105,0.0013605442176870747,,,,,,,,,,,,,,,,,,,,,,,,
validation,common,ecapa_whole,n1,full,verification,eer_operating,0.6623031111481853,evaluable,735,735,1.0,0.98,,0.0010689990281827016,9.718172983479106e-05,735,10290,11,1,0,0,735,10290,0.0010689990281827016,0.0013605442176870747,0.0010689990281827016,0.0013605442176870747,,,,,,,,,,,,,,,,,,,,,,,,
validation,common,ecapa_whole,n1,max_1s,cross_text_verification,far_1pct,0.42059158263257707,not_evaluable,28,28,1.0,0.06222222222222222,jvs016;jvs075;jvs079,,,28,392,9,0,0,0,28,392,,,0.02295918367346939,0.0,,,,,,,,,,,,,,,,,,,,,,,,
validation,common,ecapa_whole,n1,max_1s,cross_text_verification,far_0_1pct,0.5054001793247156,not_evaluable,28,28,1.0,0.06222222222222222,jvs016;jvs075;jvs079,,,28,392,2,0,0,0,28,392,,,0.00510204081632653,0.0,,,,,,,,,,,,,,,,,,,,,,,,
validation,common,ecapa_whole,n1,max_1s,cross_text_verification,eer_operating,0.4238065779606443,not_evaluable,28,28,1.0,0.06222222222222222,jvs016;jvs075;jvs079,,,28,392,8,0,0,0,28,392,,,0.02040816326530612,0.0,,,,,,,,,,,,,,,,,,,,,,,,
validation,common,ecapa_whole,n1,max_1s,verification,far_1pct,0.42059158263257707,evaluable,47,47,1.0,0.06266666666666666,,0.007598784194528876,0.001519756838905775,47,658,6,0,0,0,47,658,0.00911854103343465,0.0,0.00911854103343465,0.0,,,,,,,,,,,,,,,,,,,,,,,,
validation,common,ecapa_whole,n1,max_1s,verification,far_0_1pct,0.5054001793247156,evaluable,47,47,1.0,0.06266666666666666,,0.007598784194528876,0.001519756838905775,47,658,0,6,0,0,47,658,0.0,0.1276595744680851,0.0,0.1276595744680851,,,,,,,,,,,,,,,,,,,,,,,,
validation,common,ecapa_whole,n1,max_1s,verification,eer_operating,0.4238065779606443,evaluable,47,47,1.0,0.06266666666666666,,0.007598784194528876,0.001519756838905775,47,658,5,0,0,0,47,658,0.007598784194528876,0.0,0.007598784194528876,0.0,,,,,,,,,,,,,,,,,,,,,,,,
validation,common,ecapa_whole,n1,max_2s,cross_text_verification,far_1pct,0.5412544385969839,evaluable,192,192,1.0,0.4266666666666667,,0.010416666666666666,0.0003720238095238095,192,2688,27,2,0,0,192,2688,0.010044642857142858,0.010416666666666666,0.010044642857142858,0.010416666666666666,,,,,,,,,,,,,,,,,,,,,,,,
validation,common,ecapa_whole,n1,max_2s,cross_text_verification,far_0_1pct,0.609986973977945,evaluable,192,192,1.0,0.4266666666666667,,0.010416666666666666,0.0003720238095238095,192,2688,1,7,0,0,192,2688,0.0003720238095238095,0.036458333333333336,0.0003720238095238095,0.036458333333333336,,,,,,,,,,,,,,,,,,,,,,,,
validation,common,ecapa_whole,n1,max_2s,cross_text_verification,eer_operating,0.5751836393448907,evaluable,192,192,1.0,0.4266666666666667,,0.010416666666666666,0.0003720238095238095,192,2688,10,2,0,0,192,2688,0.003720238095238095,0.010416666666666666,0.003720238095238095,0.010416666666666666,,,,,,,,,,,,,,,,,,,,,,,,
validation,common,ecapa_whole,n1,max_2s,verification,far_1pct,0.5412544385969839,evaluable,245,245,1.0,0.32666666666666666,,0.004956268221574344,0.0002915451895043732,245,3430,34,0,0,0,245,3430,0.009912536443148687,0.0,0.009912536443148687,0.0,,,,,,,,,,,,,,,,,,,,,,,,
validation,common,ecapa_whole,n1,max_2s,verification,far_0_1pct,0.609986973977945,evaluable,245,245,1.0,0.32666666666666666,,0.004956268221574344,0.0002915451895043732,245,3430,3,8,0,0,245,3430,0.0008746355685131195,0.0326530612244898,0.0008746355685131195,0.0326530612244898,,,,,,,,,,,,,,,,,,,,,,,,
validation,common,ecapa_whole,n1,max_2s,verification,eer_operating,0.5751836393448907,evaluable,245,245,1.0,0.32666666666666666,,0.004956268221574344,0.0002915451895043732,245,3430,17,1,0,0,245,3430,0.004956268221574344,0.004081632653061225,0.004956268221574344,0.004081632653061225,,,,,,,,,,,,,,,,,,,,,,,,
validation,common,ecapa_whole,n1,max_3s,cross_text_verification,far_1pct,0.5676451787815356,evaluable,324,324,1.0,0.72,,0.0026455026455026454,0.0002204585537918871,324,4536,46,0,0,0,324,4536,0.010141093474426807,0.0,0.010141093474426807,0.0,,,,,,,,,,,,,,,,,,,,,,,,
validation,common,ecapa_whole,n1,max_3s,cross_text_verification,far_0_1pct,0.6287176556486509,evaluable,324,324,1.0,0.72,,0.0026455026455026454,0.0002204585537918871,324,4536,9,2,0,0,324,4536,0.001984126984126984,0.006172839506172839,0.001984126984126984,0.006172839506172839,,,,,,,,,,,,,,,,,,,,,,,,
validation,common,ecapa_whole,n1,max_3s,cross_text_verification,eer_operating,0.61768499170014,evaluable,324,324,1.0,0.72,,0.0026455026455026454,0.0002204585537918871,324,4536,13,0,0,0,324,4536,0.0028659611992945325,0.0,0.0028659611992945325,0.0,,,,,,,,,,,,,,,,,,,,,,,,
validation,common,ecapa_whole,n1,max_3s,verification,far_1pct,0.5676451787815356,evaluable,501,501,1.0,0.668,,0.001996007984031936,0.00014257199885942402,501,7014,70,0,0,0,501,7014,0.00998003992015968,0.0,0.00998003992015968,0.0,,,,,,,,,,,,,,,,,,,,,,,,
validation,common,ecapa_whole,n1,max_3s,verification,far_0_1pct,0.6287176556486509,evaluable,501,501,1.0,0.668,,0.001996007984031936,0.00014257199885942402,501,7014,7,2,0,0,501,7014,0.000998003992015968,0.003992015968063872,0.000998003992015968,0.003992015968063872,,,,,,,,,,,,,,,,,,,,,,,,
validation,common,ecapa_whole,n1,max_3s,verification,eer_operating,0.61768499170014,evaluable,501,501,1.0,0.668,,0.001996007984031936,0.00014257199885942402,501,7014,14,1,0,0,501,7014,0.001996007984031936,0.001996007984031936,0.001996007984031936,0.001996007984031936,,,,,,,,,,,,,,,,,,,,,,,,
validation,common,ecapa_whole,n1,max_5s,cross_text_verification,far_1pct,0.5952207698945545,evaluable,382,382,1.0,0.8488888888888889,,0.002243829468960359,0.00018698578908002991,382,5348,54,0,0,0,382,5348,0.010097232610321616,0.0,0.010097232610321616,0.0,,,,,,,,,,,,,,,,,,,,,,,,
validation,common,ecapa_whole,n1,max_5s,cross_text_verification,far_0_1pct,0.6460151232041919,evaluable,382,382,1.0,0.8488888888888889,,0.002243829468960359,0.00018698578908002991,382,5348,9,1,0,0,382,5348,0.0016828721017202693,0.002617801047120419,0.0016828721017202693,0.002617801047120419,,,,,,,,,,,,,,,,,,,,,,,,
validation,common,ecapa_whole,n1,max_5s,cross_text_verification,eer_operating,0.658082201844573,evaluable,382,382,1.0,0.8488888888888889,,0.002243829468960359,0.00018698578908002991,382,5348,4,1,0,0,382,5348,0.0007479431563201197,0.002617801047120419,0.0007479431563201197,0.002617801047120419,,,,,,,,,,,,,,,,,,,,,,,,
validation,common,ecapa_whole,n1,max_5s,verification,far_1pct,0.5952207698945545,evaluable,681,681,1.0,0.908,,0.00031466331025802394,0.00010488777008600797,681,9534,95,0,0,0,681,9534,0.009964338158170757,0.0,0.009964338158170757,0.0,,,,,,,,,,,,,,,,,,,,,,,,
validation,common,ecapa_whole,n1,max_5s,verification,far_0_1pct,0.6460151232041919,evaluable,681,681,1.0,0.908,,0.00031466331025802394,0.00010488777008600797,681,9534,9,0,0,0,681,9534,0.0009439899307740718,0.0,0.0009439899307740718,0.0,,,,,,,,,,,,,,,,,,,,,,,,
validation,common,ecapa_whole,n1,max_5s,verification,eer_operating,0.658082201844573,evaluable,681,681,1.0,0.908,,0.00031466331025802394,0.00010488777008600797,681,9534,3,0,0,0,681,9534,0.00031466331025802394,0.0,0.00031466331025802394,0.0,,,,,,,,,,,,,,,,,,,,,,,,
validation,common,ecapa_whole,n10,full,cross_text_verification,far_1pct,0.6213587671475628,evaluable,392,392,1.0,0.8711111111111111,,0.0,0.00018221574344023323,392,5488,37,0,0,0,392,5488,0.00674198250728863,0.0,0.00674198250728863,0.0,,,,,,,,,,,,,,,,,,,,,,,,
validation,common,ecapa_whole,n10,full,cross_text_verification,far_0_1pct,0.674060846233041,evaluable,392,392,1.0,0.8711111111111111,,0.0,0.00018221574344023323,392,5488,2,0,0,0,392,5488,0.00036443148688046647,0.0,0.00036443148688046647,0.0,,,,,,,,,,,,,,,,,,,,,,,,
validation,common,ecapa_whole,n10,full,cross_text_verification,eer_operating,0.7034869456988823,evaluable,392,392,1.0,0.8711111111111111,,0.0,0.00018221574344023323,392,5488,0,2,0,0,392,5488,0.0,0.00510204081632653,0.0,0.00510204081632653,,,,,,,,,,,,,,,,,,,,,,,,
validation,common,ecapa_whole,n10,full,verification,far_1pct,0.6213587671475628,evaluable,735,735,1.0,0.98,,0.0,9.718172983479106e-05,735,10290,102,0,0,0,735,10290,0.009912536443148687,0.0,0.009912536443148687,0.0,,,,,,,,,,,,,,,,,,,,,,,,
validation,common,ecapa_whole,n10,full,verification,far_0_1pct,0.674060846233041,evaluable,735,735,1.0,0.98,,0.0,9.718172983479106e-05,735,10290,10,0,0,0,735,10290,0.0009718172983479105,0.0,0.0009718172983479105,0.0,,,,,,,,,,,,,,,,,,,,,,,,
validation,common,ecapa_whole,n10,full,verification,eer_operating,0.7034869456988823,evaluable,735,735,1.0,0.98,,0.0,9.718172983479106e-05,735,10290,0,0,0,0,735,10290,0.0,0.0,0.0,0.0,,,,,,,,,,,,,,,,,,,,,,,,
validation,common,ecapa_whole,n10,max_1s,cross_text_verification,far_1pct,0.4367110540860057,not_evaluable,28,28,1.0,0.06222222222222222,jvs016;jvs075;jvs079,,,28,392,7,0,0,0,28,392,,,0.017857142857142856,0.0,,,,,,,,,,,,,,,,,,,,,,,,
validation,common,ecapa_whole,n10,max_1s,cross_text_verification,far_0_1pct,0.5023764918287658,not_evaluable,28,28,1.0,0.06222222222222222,jvs016;jvs075;jvs079,,,28,392,3,0,0,0,28,392,,,0.007653061224489796,0.0,,,,,,,,,,,,,,,,,,,,,,,,
validation,common,ecapa_whole,n10,max_1s,cross_text_verification,eer_operating,0.46353073003141176,not_evaluable,28,28,1.0,0.06222222222222222,jvs016;jvs075;jvs079,,,28,392,4,0,0,0,28,392,,,0.01020408163265306,0.0,,,,,,,,,,,,,,,,,,,,,,,,
validation,common,ecapa_whole,n10,max_1s,verification,far_1pct,0.4367110540860057,evaluable,47,47,1.0,0.06266666666666666,,0.004559270516717325,0.001519756838905775,47,658,6,0,0,0,47,658,0.00911854103343465,0.0,0.00911854103343465,0.0,,,,,,,,,,,,,,,,,,,,,,,,
validation,common,ecapa_whole,n10,max_1s,verification,far_0_1pct,0.5023764918287658,evaluable,47,47,1.0,0.06266666666666666,,0.004559270516717325,0.001519756838905775,47,658,0,3,0,0,47,658,0.0,0.06382978723404255,0.0,0.06382978723404255,,,,,,,,,,,,,,,,,,,,,,,,
validation,common,ecapa_whole,n10,max_1s,verification,eer_operating,0.46353073003141176,evaluable,47,47,1.0,0.06266666666666666,,0.004559270516717325,0.001519756838905775,47,658,3,0,0,0,47,658,0.004559270516717325,0.0,0.004559270516717325,0.0,,,,,,,,,,,,,,,,,,,,,,,,
validation,common,ecapa_whole,n10,max_2s,cross_text_verification,far_1pct,0.5433342142822769,evaluable,192,192,1.0,0.4266666666666667,,0.010416666666666666,0.0003720238095238095,192,2688,30,2,0,0,192,2688,0.011160714285714286,0.010416666666666666,0.011160714285714286,0.010416666666666666,,,,,,,,,,,,,,,,,,,,,,,,
validation,common,ecapa_whole,n10,max_2s,cross_text_verification,far_0_1pct,0.6150182913878,evaluable,192,192,1.0,0.4266666666666667,,0.010416666666666666,0.0003720238095238095,192,2688,0,3,0,0,192,2688,0.0,0.015625,0.0,0.015625,,,,,,,,,,,,,,,,,,,,,,,,
validation,common,ecapa_whole,n10,max_2s,cross_text_verification,eer_operating,0.5779721369521291,evaluable,192,192,1.0,0.4266666666666667,,0.010416666666666666,0.0003720238095238095,192,2688,11,2,0,0,192,2688,0.004092261904761905,0.010416666666666666,0.004092261904761905,0.010416666666666666,,,,,,,,,,,,,,,,,,,,,,,,
validation,common,ecapa_whole,n10,max_2s,verification,far_1pct,0.5433342142822769,evaluable,245,245,1.0,0.32666666666666666,,0.004081632653061225,0.0002915451895043732,245,3430,34,0,0,0,245,3430,0.009912536443148687,0.0,0.009912536443148687,0.0,,,,,,,,,,,,,,,,,,,,,,,,
validation,common,ecapa_whole,n10,max_2s,verification,far_0_1pct,0.6150182913878,evaluable,245,245,1.0,0.32666666666666666,,0.004081632653061225,0.0002915451895043732,245,3430,3,4,0,0,245,3430,0.0008746355685131195,0.0163265306122449,0.0008746355685131195,0.0163265306122449,,,,,,,,,,,,,,,,,,,,,,,,
validation,common,ecapa_whole,n10,max_2s,verification,eer_operating,0.5779721369521291,evaluable,245,245,1.0,0.32666666666666666,,0.004081632653061225,0.0002915451895043732,245,3430,14,1,0,0,245,3430,0.004081632653061225,0.004081632653061225,0.004081632653061225,0.004081632653061225,,,,,,,,,,,,,,,,,,,,,,,,
validation,common,ecapa_whole,n10,max_3s,cross_text_verification,far_1pct,0.5745688207173544,evaluable,324,324,1.0,0.72,,0.0024250440917107582,0.0002204585537918871,324,4536,50,0,0,0,324,4536,0.011022927689594356,0.0,0.011022927689594356,0.0,,,,,,,,,,,,,,,,,,,,,,,,
validation,common,ecapa_whole,n10,max_3s,cross_text_verification,far_0_1pct,0.638769118458382,evaluable,324,324,1.0,0.72,,0.0024250440917107582,0.0002204585537918871,324,4536,5,2,0,0,324,4536,0.0011022927689594356,0.006172839506172839,0.0011022927689594356,0.006172839506172839,,,,,,,,,,,,,,,,,,,,,,,,
validation,common,ecapa_whole,n10,max_3s,cross_text_verification,eer_operating,0.6417834640392795,evaluable,324,324,1.0,0.72,,0.0024250440917107582,0.0002204585537918871,324,4536,4,2,0,0,324,4536,0.0008818342151675485,0.006172839506172839,0.0008818342151675485,0.006172839506172839,,,,,,,,,,,,,,,,,,,,,,,,
validation,common,ecapa_whole,n10,max_3s,verification,far_1pct,0.5745688207173544,evaluable,501,501,1.0,0.668,,0.000855431993156544,0.00014257199885942402,501,7014,70,0,0,0,501,7014,0.00998003992015968,0.0,0.00998003992015968,0.0,,,,,,,,,,,,,,,,,,,,,,,,
validation,common,ecapa_whole,n10,max_3s,verification,far_0_1pct,0.638769118458382,evaluable,501,501,1.0,0.668,,0.000855431993156544,0.00014257199885942402,501,7014,7,0,0,0,501,7014,0.000998003992015968,0.0,0.000998003992015968,0.0,,,,,,,,,,,,,,,,,,,,,,,,
validation,common,ecapa_whole,n10,max_3s,verification,eer_operating,0.6417834640392795,evaluable,501,501,1.0,0.668,,0.000855431993156544,0.00014257199885942402,501,7014,6,0,0,0,501,7014,0.000855431993156544,0.0,0.000855431993156544,0.0,,,,,,,,,,,,,,,,,,,,,,,,
validation,common,ecapa_whole,n10,max_5s,cross_text_verification,far_1pct,0.5997538859746011,evaluable,382,382,1.0,0.8488888888888889,,0.00018698578908002991,0.00018698578908002991,382,5348,54,0,0,0,382,5348,0.010097232610321616,0.0,0.010097232610321616,0.0,,,,,,,,,,,,,,,,,,,,,,,,
validation,common,ecapa_whole,n10,max_5s,cross_text_verification,far_0_1pct,0.6564996727984109,evaluable,382,382,1.0,0.8488888888888889,,0.00018698578908002991,0.00018698578908002991,382,5348,5,0,0,0,382,5348,0.0009349289454001496,0.0,0.0009349289454001496,0.0,,,,,,,,,,,,,,,,,,,,,,,,
validation,common,ecapa_whole,n10,max_5s,cross_text_verification,eer_operating,0.6861716587156762,evaluable,382,382,1.0,0.8488888888888889,,0.00018698578908002991,0.00018698578908002991,382,5348,1,0,0,0,382,5348,0.00018698578908002991,0.0,0.00018698578908002991,0.0,,,,,,,,,,,,,,,,,,,,,,,,
validation,common,ecapa_whole,n10,max_5s,verification,far_1pct,0.5997538859746011,evaluable,681,681,1.0,0.908,,0.0,0.00010488777008600797,681,9534,95,0,0,0,681,9534,0.009964338158170757,0.0,0.009964338158170757,0.0,,,,,,,,,,,,,,,,,,,,,,,,
validation,common,ecapa_whole,n10,max_5s,verification,far_0_1pct,0.6564996727984109,evaluable,681,681,1.0,0.908,,0.0,0.00010488777008600797,681,9534,9,0,0,0,681,9534,0.0009439899307740718,0.0,0.0009439899307740718,0.0,,,,,,,,,,,,,,,,,,,,,,,,
validation,common,ecapa_whole,n10,max_5s,verification,eer_operating,0.6861716587156762,evaluable,681,681,1.0,0.908,,0.0,0.00010488777008600797,681,9534,0,0,0,0,681,9534,0.0,0.0,0.0,0.0,,,,,,,,,,,,,,,,,,,,,,,,
validation,common,ecapa_whole,n5,full,cross_text_verification,far_1pct,0.6174082970879121,evaluable,392,392,1.0,0.8711111111111111,,0.0,0.00018221574344023323,392,5488,36,0,0,0,392,5488,0.006559766763848397,0.0,0.006559766763848397,0.0,,,,,,,,,,,,,,,,,,,,,,,,
validation,common,ecapa_whole,n5,full,cross_text_verification,far_0_1pct,0.666663315516019,evaluable,392,392,1.0,0.8711111111111111,,0.0,0.00018221574344023323,392,5488,3,0,0,0,392,5488,0.0005466472303206997,0.0,0.0005466472303206997,0.0,,,,,,,,,,,,,,,,,,,,,,,,
validation,common,ecapa_whole,n5,full,cross_text_verification,eer_operating,0.6942138195683939,evaluable,392,392,1.0,0.8711111111111111,,0.0,0.00018221574344023323,392,5488,0,1,0,0,392,5488,0.0,0.002551020408163265,0.0,0.002551020408163265,,,,,,,,,,,,,,,,,,,,,,,,
validation,common,ecapa_whole,n5,full,verification,far_1pct,0.6174082970879121,evaluable,735,735,1.0,0.98,,9.718172983479106e-05,9.718172983479106e-05,735,10290,102,0,0,0,735,10290,0.009912536443148687,0.0,0.009912536443148687,0.0,,,,,,,,,,,,,,,,,,,,,,,,
validation,common,ecapa_whole,n5,full,verification,far_0_1pct,0.666663315516019,evaluable,735,735,1.0,0.98,,9.718172983479106e-05,9.718172983479106e-05,735,10290,10,0,0,0,735,10290,0.0009718172983479105,0.0,0.0009718172983479105,0.0,,,,,,,,,,,,,,,,,,,,,,,,
validation,common,ecapa_whole,n5,full,verification,eer_operating,0.6942138195683939,evaluable,735,735,1.0,0.98,,9.718172983479106e-05,9.718172983479106e-05,735,10290,1,0,0,0,735,10290,9.718172983479106e-05,0.0,9.718172983479106e-05,0.0,,,,,,,,,,,,,,,,,,,,,,,,
validation,common,ecapa_whole,n5,max_1s,cross_text_verification,far_1pct,0.43433484865818844,not_evaluable,28,28,1.0,0.06222222222222222,jvs016;jvs075;jvs079,,,28,392,9,0,0,0,28,392,,,0.02295918367346939,0.0,,,,,,,,,,,,,,,,,,,,,,,,
validation,common,ecapa_whole,n5,max_1s,cross_text_verification,far_0_1pct,0.5066883282722647,not_evaluable,28,28,1.0,0.06222222222222222,jvs016;jvs075;jvs079,,,28,392,1,0,0,0,28,392,,,0.002551020408163265,0.0,,,,,,,,,,,,,,,,,,,,,,,,
validation,common,ecapa_whole,n5,max_1s,cross_text_verification,eer_operating,0.45886755777825744,not_evaluable,28,28,1.0,0.06222222222222222,jvs016;jvs075;jvs079,,,28,392,4,0,0,0,28,392,,,0.01020408163265306,0.0,,,,,,,,,,,,,,,,,,,,,,,,
validation,common,ecapa_whole,n5,max_1s,verification,far_1pct,0.43433484865818844,evaluable,47,47,1.0,0.06266666666666666,,0.004559270516717325,0.001519756838905775,47,658,6,0,0,0,47,658,0.00911854103343465,0.0,0.00911854103343465,0.0,,,,,,,,,,,,,,,,,,,,,,,,
validation,common,ecapa_whole,n5,max_1s,verification,far_0_1pct,0.5066883282722647,evaluable,47,47,1.0,0.06266666666666666,,0.004559270516717325,0.001519756838905775,47,658,0,3,0,0,47,658,0.0,0.06382978723404255,0.0,0.06382978723404255,,,,,,,,,,,,,,,,,,,,,,,,
validation,common,ecapa_whole,n5,max_1s,verification,eer_operating,0.45886755777825744,evaluable,47,47,1.0,0.06266666666666666,,0.004559270516717325,0.001519756838905775,47,658,3,0,0,0,47,658,0.004559270516717325,0.0,0.004559270516717325,0.0,,,,,,,,,,,,,,,,,,,,,,,,
validation,common,ecapa_whole,n5,max_2s,cross_text_verification,far_1pct,0.5415720149979032,evaluable,192,192,1.0,0.4266666666666667,,0.010416666666666666,0.0003720238095238095,192,2688,27,2,0,0,192,2688,0.010044642857142858,0.010416666666666666,0.010044642857142858,0.010416666666666666,,,,,,,,,,,,,,,,,,,,,,,,
validation,common,ecapa_whole,n5,max_2s,cross_text_verification,far_0_1pct,0.6088922273113703,evaluable,192,192,1.0,0.4266666666666667,,0.010416666666666666,0.0003720238095238095,192,2688,2,3,0,0,192,2688,0.000744047619047619,0.015625,0.000744047619047619,0.015625,,,,,,,,,,,,,,,,,,,,,,,,
validation,common,ecapa_whole,n5,max_2s,cross_text_verification,eer_operating,0.5747422693347796,evaluable,192,192,1.0,0.4266666666666667,,0.010416666666666666,0.0003720238095238095,192,2688,12,2,0,0,192,2688,0.004464285714285714,0.010416666666666666,0.004464285714285714,0.010416666666666666,,,,,,,,,,,,,,,,,,,,,,,,
validation,common,ecapa_whole,n5,max_2s,verification,far_1pct,0.5415720149979032,evaluable,245,245,1.0,0.32666666666666666,,0.004081632653061225,0.0002915451895043732,245,3430,34,0,0,0,245,3430,0.009912536443148687,0.0,0.009912536443148687,0.0,,,,,,,,,,,,,,,,,,,,,,,,
validation,common,ecapa_whole,n5,max_2s,verification,far_0_1pct,0.6088922273113703,evaluable,245,245,1.0,0.32666666666666666,,0.004081632653061225,0.0002915451895043732,245,3430,3,3,0,0,245,3430,0.0008746355685131195,0.012244897959183673,0.0008746355685131195,0.012244897959183673,,,,,,,,,,,,,,,,,,,,,,,,
validation,common,ecapa_whole,n5,max_2s,verification,eer_operating,0.5747422693347796,evaluable,245,245,1.0,0.32666666666666666,,0.004081632653061225,0.0002915451895043732,245,3430,14,1,0,0,245,3430,0.004081632653061225,0.004081632653061225,0.004081632653061225,0.004081632653061225,,,,,,,,,,,,,,,,,,,,,,,,
validation,common,ecapa_whole,n5,max_3s,cross_text_verification,far_1pct,0.5729344979079236,evaluable,324,324,1.0,0.72,,0.0026455026455026454,0.0002204585537918871,324,4536,51,0,0,0,324,4536,0.011243386243386243,0.0,0.011243386243386243,0.0,,,,,,,,,,,,,,,,,,,,,,,,
validation,common,ecapa_whole,n5,max_3s,cross_text_verification,far_0_1pct,0.6319604510181575,evaluable,324,324,1.0,0.72,,0.0026455026455026454,0.0002204585537918871,324,4536,5,2,0,0,324,4536,0.0011022927689594356,0.006172839506172839,0.0011022927689594356,0.006172839506172839,,,,,,,,,,,,,,,,,,,,,,,,
validation,common,ecapa_whole,n5,max_3s,cross_text_verification,eer_operating,0.6324762885655442,evaluable,324,324,1.0,0.72,,0.0026455026455026454,0.0002204585537918871,324,4536,5,2,0,0,324,4536,0.0011022927689594356,0.006172839506172839,0.0011022927689594356,0.006172839506172839,,,,,,,,,,,,,,,,,,,,,,,,
validation,common,ecapa_whole,n5,max_3s,verification,far_1pct,0.5729344979079236,evaluable,501,501,1.0,0.668,,0.000855431993156544,0.00014257199885942402,501,7014,70,0,0,0,501,7014,0.00998003992015968,0.0,0.00998003992015968,0.0,,,,,,,,,,,,,,,,,,,,,,,,
validation,common,ecapa_whole,n5,max_3s,verification,far_0_1pct,0.6319604510181575,evaluable,501,501,1.0,0.668,,0.000855431993156544,0.00014257199885942402,501,7014,7,0,0,0,501,7014,0.000998003992015968,0.0,0.000998003992015968,0.0,,,,,,,,,,,,,,,,,,,,,,,,
validation,common,ecapa_whole,n5,max_3s,verification,eer_operating,0.6324762885655442,evaluable,501,501,1.0,0.668,,0.000855431993156544,0.00014257199885942402,501,7014,6,0,0,0,501,7014,0.000855431993156544,0.0,0.000855431993156544,0.0,,,,,,,,,,,,,,,,,,,,,,,,
validation,common,ecapa_whole,n5,max_5s,cross_text_verification,far_1pct,0.5949464602561002,evaluable,382,382,1.0,0.8488888888888889,,0.0,0.00018698578908002991,382,5348,58,0,0,0,382,5348,0.010845175766641735,0.0,0.010845175766641735,0.0,,,,,,,,,,,,,,,,,,,,,,,,
validation,common,ecapa_whole,n5,max_5s,cross_text_verification,far_0_1pct,0.6504395128779602,evaluable,382,382,1.0,0.8488888888888889,,0.0,0.00018698578908002991,382,5348,5,0,0,0,382,5348,0.0009349289454001496,0.0,0.0009349289454001496,0.0,,,,,,,,,,,,,,,,,,,,,,,,
validation,common,ecapa_whole,n5,max_5s,cross_text_verification,eer_operating,0.6858622477161435,evaluable,382,382,1.0,0.8488888888888889,,0.0,0.00018698578908002991,382,5348,0,0,0,0,382,5348,0.0,0.0,0.0,0.0,,,,,,,,,,,,,,,,,,,,,,,,
validation,common,ecapa_whole,n5,max_5s,verification,far_1pct,0.5949464602561002,evaluable,681,681,1.0,0.908,,0.0,0.00010488777008600797,681,9534,95,0,0,0,681,9534,0.009964338158170757,0.0,0.009964338158170757,0.0,,,,,,,,,,,,,,,,,,,,,,,,
validation,common,ecapa_whole,n5,max_5s,verification,far_0_1pct,0.6504395128779602,evaluable,681,681,1.0,0.908,,0.0,0.00010488777008600797,681,9534,9,0,0,0,681,9534,0.0009439899307740718,0.0,0.0009439899307740718,0.0,,,,,,,,,,,,,,,,,,,,,,,,
validation,common,ecapa_whole,n5,max_5s,verification,eer_operating,0.6858622477161435,evaluable,681,681,1.0,0.908,,0.0,0.00010488777008600797,681,9534,0,0,0,0,681,9534,0.0,0.0,0.0,0.0,,,,,,,,,,,,,,,,,,,,,,,,
validation,common,vowel_context20,n1,full,cross_text_verification,far_1pct,0.3907897651178988,evaluable,392,392,1.0,0.8711111111111111,,0.035167638483965015,0.00018221574344023323,392,5488,64,93,0,0,392,5488,0.011661807580174927,0.2372448979591837,0.011661807580174927,0.2372448979591837,,,,,,,,,,,,,,,,,,,,,,,,
validation,common,vowel_context20,n1,full,cross_text_verification,far_0_1pct,0.45947514383011173,evaluable,392,392,1.0,0.8711111111111111,,0.035167638483965015,0.00018221574344023323,392,5488,7,213,0,0,392,5488,0.0012755102040816326,0.5433673469387755,0.0012755102040816326,0.5433673469387755,,,,,,,,,,,,,,,,,,,,,,,,
validation,common,vowel_context20,n1,full,cross_text_verification,eer_operating,0.33887965951035964,evaluable,392,392,1.0,0.8711111111111111,,0.035167638483965015,0.00018221574344023323,392,5488,151,25,0,0,392,5488,0.027514577259475217,0.06377551020408163,0.027514577259475217,0.06377551020408163,,,,,,,,,,,,,,,,,,,,,,,,
validation,common,vowel_context20,n1,full,verification,far_1pct,0.3907897651178988,evaluable,735,735,1.0,0.98,,0.02837706511175899,9.718172983479106e-05,735,10290,102,139,0,0,735,10290,0.009912536443148687,0.1891156462585034,0.009912536443148687,0.1891156462585034,,,,,,,,,,,,,,,,,,,,,,,,
validation,common,vowel_context20,n1,full,verification,far_0_1pct,0.45947514383011173,evaluable,735,735,1.0,0.98,,0.02837706511175899,9.718172983479106e-05,735,10290,10,391,0,0,735,10290,0.0009718172983479105,0.5319727891156463,0.0009718172983479105,0.5319727891156463,,,,,,,,,,,,,,,,,,,,,,,,
validation,common,vowel_context20,n1,full,verification,eer_operating,0.33887965951035964,evaluable,735,735,1.0,0.98,,0.02837706511175899,9.718172983479106e-05,735,10290,292,21,0,0,735,10290,0.02837706511175899,0.02857142857142857,0.02837706511175899,0.02857142857142857,,,,,,,,,,,,,,,,,,,,,,,,
validation,common,vowel_context20,n1,max_1s,cross_text_verification,far_1pct,0.4313208928791419,not_evaluable,28,28,1.0,0.06222222222222222,jvs016;jvs075;jvs079,,,28,392,3,9,0,0,28,392,,,0.007653061224489796,0.32142857142857145,,,,,,,,,,,,,,,,,,,,,,,,
validation,common,vowel_context20,n1,max_1s,cross_text_verification,far_0_1pct,0.5157331372635746,not_evaluable,28,28,1.0,0.06222222222222222,jvs016;jvs075;jvs079,,,28,392,0,19,0,0,28,392,,,0.0,0.6785714285714286,,,,,,,,,,,,,,,,,,,,,,,,
validation,common,vowel_context20,n1,max_1s,cross_text_verification,eer_operating,0.30290559258298794,not_evaluable,28,28,1.0,0.06222222222222222,jvs016;jvs075;jvs079,,,28,392,27,2,0,0,28,392,,,0.06887755102040816,0.07142857142857142,,,,,,,,,,,,,,,,,,,,,,,,
validation,common,vowel_context20,n1,max_1s,verification,far_1pct,0.4313208928791419,evaluable,47,47,1.0,0.06266666666666666,,0.06382978723404255,0.001519756838905775,47,658,6,14,0,0,47,658,0.00911854103343465,0.2978723404255319,0.00911854103343465,0.2978723404255319,,,,,,,,,,,,,,,,,,,,,,,,
validation,common,vowel_context20,n1,max_1s,verification,far_0_1pct,0.5157331372635746,evaluable,47,47,1.0,0.06266666666666666,,0.06382978723404255,0.001519756838905775,47,658,0,34,0,0,47,658,0.0,0.723404255319149,0.0,0.723404255319149,,,,,,,,,,,,,,,,,,,,,,,,
validation,common,vowel_context20,n1,max_1s,verification,eer_operating,0.30290559258298794,evaluable,47,47,1.0,0.06266666666666666,,0.06382978723404255,0.001519756838905775,47,658,42,3,0,0,47,658,0.06382978723404255,0.06382978723404255,0.06382978723404255,0.06382978723404255,,,,,,,,,,,,,,,,,,,,,,,,
validation,common,vowel_context20,n1,max_2s,cross_text_verification,far_1pct,0.4180801341167334,evaluable,192,192,1.0,0.4266666666666667,,0.05133928571428571,0.0003720238095238095,192,2688,32,56,0,0,192,2688,0.011904761904761904,0.2916666666666667,0.011904761904761904,0.2916666666666667,,,,,,,,,,,,,,,,,,,,,,,,
validation,common,vowel_context20,n1,max_2s,cross_text_verification,far_0_1pct,0.47160629998241255,evaluable,192,192,1.0,0.4266666666666667,,0.05133928571428571,0.0003720238095238095,192,2688,4,116,0,0,192,2688,0.001488095238095238,0.6041666666666666,0.001488095238095238,0.6041666666666666,,,,,,,,,,,,,,,,,,,,,,,,
validation,common,vowel_context20,n1,max_2s,cross_text_verification,eer_operating,0.334120003114473,evaluable,192,192,1.0,0.4266666666666667,,0.05133928571428571,0.0003720238095238095,192,2688,117,18,0,0,192,2688,0.04352678571428571,0.09375,0.04352678571428571,0.09375,,,,,,,,,,,,,,,,,,,,,,,,
validation,common,vowel_context20,n1,max_2s,verification,far_1pct,0.4180801341167334,evaluable,245,245,1.0,0.32666666666666666,,0.045481049562682216,0.0002915451895043732,245,3430,34,64,0,0,245,3430,0.009912536443148687,0.2612244897959184,0.009912536443148687,0.2612244897959184,,,,,,,,,,,,,,,,,,,,,,,,
validation,common,vowel_context20,n1,max_2s,verification,far_0_1pct,0.47160629998241255,evaluable,245,245,1.0,0.32666666666666666,,0.045481049562682216,0.0002915451895043732,245,3430,3,124,0,0,245,3430,0.0008746355685131195,0.5061224489795918,0.0008746355685131195,0.5061224489795918,,,,,,,,,,,,,,,,,,,,,,,,
validation,common,vowel_context20,n1,max_2s,verification,eer_operating,0.334120003114473,evaluable,245,245,1.0,0.32666666666666666,,0.045481049562682216,0.0002915451895043732,245,3430,156,11,0,0,245,3430,0.045481049562682216,0.044897959183673466,0.045481049562682216,0.044897959183673466,,,,,,,,,,,,,,,,,,,,,,,,
validation,common,vowel_context20,n1,max_3s,cross_text_verification,far_1pct,0.4026551369275174,evaluable,324,324,1.0,0.72,,0.043209876543209874,0.0002204585537918871,324,4536,51,82,0,0,324,4536,0.011243386243386243,0.25308641975308643,0.011243386243386243,0.25308641975308643,,,,,,,,,,,,,,,,,,,,,,,,
validation,common,vowel_context20,n1,max_3s,cross_text_verification,far_0_1pct,0.4776249151972665,evaluable,324,324,1.0,0.72,,0.043209876543209874,0.0002204585537918871,324,4536,1,203,0,0,324,4536,0.0002204585537918871,0.6265432098765432,0.0002204585537918871,0.6265432098765432,,,,,,,,,,,,,,,,,,,,,,,,
validation,common,vowel_context20,n1,max_3s,cross_text_verification,eer_operating,0.326183797122815,evaluable,324,324,1.0,0.72,,0.043209876543209874,0.0002204585537918871,324,4536,185,15,0,0,324,4536,0.040784832451499116,0.046296296296296294,0.040784832451499116,0.046296296296296294,,,,,,,,,,,,,,,,,,,,,,,,
validation,common,vowel_context20,n1,max_3s,verification,far_1pct,0.4026551369275174,evaluable,501,501,1.0,0.668,,0.04220131166238951,0.00014257199885942402,501,7014,70,113,0,0,501,7014,0.00998003992015968,0.22554890219560877,0.00998003992015968,0.22554890219560877,,,,,,,,,,,,,,,,,,,,,,,,
validation,common,vowel_context20,n1,max_3s,verification,far_0_1pct,0.4776249151972665,evaluable,501,501,1.0,0.668,,0.04220131166238951,0.00014257199885942402,501,7014,7,290,0,0,501,7014,0.000998003992015968,0.5788423153692615,0.000998003992015968,0.5788423153692615,,,,,,,,,,,,,,,,,,,,,,,,
validation,common,vowel_context20,n1,max_3s,verification,eer_operating,0.326183797122815,evaluable,501,501,1.0,0.668,,0.04220131166238951,0.00014257199885942402,501,7014,296,21,0,0,501,7014,0.04220131166238951,0.041916167664670656,0.04220131166238951,0.041916167664670656,,,,,,,,,,,,,,,,,,,,,,,,
validation,common,vowel_context20,n1,max_5s,cross_text_verification,far_1pct,0.39703821162637426,evaluable,382,382,1.0,0.8488888888888889,,0.03646222887060584,0.00018698578908002991,382,5348,59,98,0,0,382,5348,0.011032161555721766,0.25654450261780104,0.011032161555721766,0.25654450261780104,,,,,,,,,,,,,,,,,,,,,,,,
validation,common,vowel_context20,n1,max_5s,cross_text_verification,far_0_1pct,0.4641904785924624,evaluable,382,382,1.0,0.8488888888888889,,0.03646222887060584,0.00018698578908002991,382,5348,5,217,0,0,382,5348,0.0009349289454001496,0.5680628272251309,0.0009349289454001496,0.5680628272251309,,,,,,,,,,,,,,,,,,,,,,,,
validation,common,vowel_context20,n1,max_5s,cross_text_verification,eer_operating,0.3322179697552199,evaluable,382,382,1.0,0.8488888888888889,,0.03646222887060584,0.00018698578908002991,382,5348,173,18,0,0,382,5348,0.03234854151084517,0.04712041884816754,0.03234854151084517,0.04712041884816754,,,,,,,,,,,,,,,,,,,,,,,,
validation,common,vowel_context20,n1,max_5s,verification,far_1pct,0.39703821162637426,evaluable,681,681,1.0,0.908,,0.035976505139500736,0.00010488777008600797,681,9534,95,148,0,0,681,9534,0.009964338158170757,0.2173274596182085,0.009964338158170757,0.2173274596182085,,,,,,,,,,,,,,,,,,,,,,,,
validation,common,vowel_context20,n1,max_5s,verification,far_0_1pct,0.4641904785924624,evaluable,681,681,1.0,0.908,,0.035976505139500736,0.00010488777008600797,681,9534,9,358,0,0,681,9534,0.0009439899307740718,0.5256975036710719,0.0009439899307740718,0.5256975036710719,,,,,,,,,,,,,,,,,,,,,,,,
validation,common,vowel_context20,n1,max_5s,verification,eer_operating,0.3322179697552199,evaluable,681,681,1.0,0.908,,0.035976505139500736,0.00010488777008600797,681,9534,343,24,0,0,681,9534,0.035976505139500736,0.03524229074889868,0.035976505139500736,0.03524229074889868,,,,,,,,,,,,,,,,,,,,,,,,
validation,common,vowel_context20,n10,full,cross_text_verification,far_1pct,0.48411963110939893,evaluable,392,392,1.0,0.8711111111111111,,0.007106413994169096,0.00018221574344023323,392,5488,44,1,0,0,392,5488,0.008017492711370262,0.002551020408163265,0.008017492711370262,0.002551020408163265,,,,,,,,,,,,,,,,,,,,,,,,
validation,common,vowel_context20,n10,full,cross_text_verification,far_0_1pct,0.5446004216771375,evaluable,392,392,1.0,0.8711111111111111,,0.007106413994169096,0.00018221574344023323,392,5488,6,27,0,0,392,5488,0.0010932944606413995,0.06887755102040816,0.0010932944606413995,0.06887755102040816,,,,,,,,,,,,,,,,,,,,,,,,
validation,common,vowel_context20,n10,full,cross_text_verification,eer_operating,0.5038881540763741,evaluable,392,392,1.0,0.8711111111111111,,0.007106413994169096,0.00018221574344023323,392,5488,34,5,0,0,392,5488,0.00619533527696793,0.012755102040816327,0.00619533527696793,0.012755102040816327,,,,,,,,,,,,,,,,,,,,,,,,
validation,common,vowel_context20,n10,full,verification,far_1pct,0.48411963110939893,evaluable,735,735,1.0,0.98,,0.005442176870748299,9.718172983479106e-05,735,10290,102,2,0,0,735,10290,0.009912536443148687,0.0027210884353741495,0.009912536443148687,0.0027210884353741495,,,,,,,,,,,,,,,,,,,,,,,,
validation,common,vowel_context20,n10,full,verification,far_0_1pct,0.5446004216771375,evaluable,735,735,1.0,0.98,,0.005442176870748299,9.718172983479106e-05,735,10290,10,15,0,0,735,10290,0.0009718172983479105,0.02040816326530612,0.0009718172983479105,0.02040816326530612,,,,,,,,,,,,,,,,,,,,,,,,
validation,common,vowel_context20,n10,full,verification,eer_operating,0.5038881540763741,evaluable,735,735,1.0,0.98,,0.005442176870748299,9.718172983479106e-05,735,10290,56,4,0,0,735,10290,0.005442176870748299,0.005442176870748299,0.005442176870748299,0.005442176870748299,,,,,,,,,,,,,,,,,,,,,,,,
validation,common,vowel_context20,n10,max_1s,cross_text_verification,far_1pct,0.5091195135131316,not_evaluable,28,28,1.0,0.06222222222222222,jvs016;jvs075;jvs079,,,28,392,4,1,0,0,28,392,,,0.01020408163265306,0.03571428571428571,,,,,,,,,,,,,,,,,,,,,,,,
validation,common,vowel_context20,n10,max_1s,cross_text_verification,far_0_1pct,0.5834229803813051,not_evaluable,28,28,1.0,0.06222222222222222,jvs016;jvs075;jvs079,,,28,392,1,5,0,0,28,392,,,0.002551020408163265,0.17857142857142858,,,,,,,,,,,,,,,,,,,,,,,,
validation,common,vowel_context20,n10,max_1s,cross_text_verification,eer_operating,0.5180566891193317,not_evaluable,28,28,1.0,0.06222222222222222,jvs016;jvs075;jvs079,,,28,392,3,1,0,0,28,392,,,0.007653061224489796,0.03571428571428571,,,,,,,,,,,,,,,,,,,,,,,,
validation,common,vowel_context20,n10,max_1s,verification,far_1pct,0.5091195135131316,evaluable,47,47,1.0,0.06266666666666666,,0.004559270516717325,0.001519756838905775,47,658,6,0,0,0,47,658,0.00911854103343465,0.0,0.00911854103343465,0.0,,,,,,,,,,,,,,,,,,,,,,,,
validation,common,vowel_context20,n10,max_1s,verification,far_0_1pct,0.5834229803813051,evaluable,47,47,1.0,0.06266666666666666,,0.004559270516717325,0.001519756838905775,47,658,0,11,0,0,47,658,0.0,0.23404255319148937,0.0,0.23404255319148937,,,,,,,,,,,,,,,,,,,,,,,,
validation,common,vowel_context20,n10,max_1s,verification,eer_operating,0.5180566891193317,evaluable,47,47,1.0,0.06266666666666666,,0.004559270516717325,0.001519756838905775,47,658,3,0,0,0,47,658,0.004559270516717325,0.0,0.004559270516717325,0.0,,,,,,,,,,,,,,,,,,,,,,,,
validation,common,vowel_context20,n10,max_2s,cross_text_verification,far_1pct,0.5012077451164373,evaluable,192,192,1.0,0.4266666666666667,,0.011160714285714286,0.0003720238095238095,192,2688,24,3,0,0,192,2688,0.008928571428571428,0.015625,0.008928571428571428,0.015625,,,,,,,,,,,,,,,,,,,,,,,,
validation,common,vowel_context20,n10,max_2s,cross_text_verification,far_0_1pct,0.575719896002527,evaluable,192,192,1.0,0.4266666666666667,,0.011160714285714286,0.0003720238095238095,192,2688,0,38,0,0,192,2688,0.0,0.19791666666666666,0.0,0.19791666666666666,,,,,,,,,,,,,,,,,,,,,,,,
validation,common,vowel_context20,n10,max_2s,cross_text_verification,eer_operating,0.49461186265697854,evaluable,192,192,1.0,0.4266666666666667,,0.011160714285714286,0.0003720238095238095,192,2688,27,3,0,0,192,2688,0.010044642857142858,0.015625,0.010044642857142858,0.015625,,,,,,,,,,,,,,,,,,,,,,,,
validation,common,vowel_context20,n10,max_2s,verification,far_1pct,0.5012077451164373,evaluable,245,245,1.0,0.32666666666666666,,0.012244897959183673,0.0002915451895043732,245,3430,34,3,0,0,245,3430,0.009912536443148687,0.012244897959183673,0.009912536443148687,0.012244897959183673,,,,,,,,,,,,,,,,,,,,,,,,
validation,common,vowel_context20,n10,max_2s,verification,far_0_1pct,0.575719896002527,evaluable,245,245,1.0,0.32666666666666666,,0.012244897959183673,0.0002915451895043732,245,3430,3,25,0,0,245,3430,0.0008746355685131195,0.10204081632653061,0.0008746355685131195,0.10204081632653061,,,,,,,,,,,,,,,,,,,,,,,,
validation,common,vowel_context20,n10,max_2s,verification,eer_operating,0.49461186265697854,evaluable,245,245,1.0,0.32666666666666666,,0.012244897959183673,0.0002915451895043732,245,3430,42,3,0,0,245,3430,0.012244897959183673,0.012244897959183673,0.012244897959183673,0.012244897959183673,,,,,,,,,,,,,,,,,,,,,,,,
validation,common,vowel_context20,n10,max_3s,cross_text_verification,far_1pct,0.4945120183038734,evaluable,324,324,1.0,0.72,,0.007716049382716049,0.0002204585537918871,324,4536,35,3,0,0,324,4536,0.007716049382716049,0.009259259259259259,0.007716049382716049,0.009259259259259259,,,,,,,,,,,,,,,,,,,,,,,,
validation,common,vowel_context20,n10,max_3s,cross_text_verification,far_0_1pct,0.5709980790169709,evaluable,324,324,1.0,0.72,,0.007716049382716049,0.0002204585537918871,324,4536,2,50,0,0,324,4536,0.0004409171075837742,0.15432098765432098,0.0004409171075837742,0.15432098765432098,,,,,,,,,,,,,,,,,,,,,,,,
validation,common,vowel_context20,n10,max_3s,cross_text_verification,eer_operating,0.5108797474022342,evaluable,324,324,1.0,0.72,,0.007716049382716049,0.0002204585537918871,324,4536,25,3,0,0,324,4536,0.005511463844797178,0.009259259259259259,0.005511463844797178,0.009259259259259259,,,,,,,,,,,,,,,,,,,,,,,,
validation,common,vowel_context20,n10,max_3s,verification,far_1pct,0.4945120183038734,evaluable,501,501,1.0,0.668,,0.006558311947533505,0.00014257199885942402,501,7014,70,1,0,0,501,7014,0.00998003992015968,0.001996007984031936,0.00998003992015968,0.001996007984031936,,,,,,,,,,,,,,,,,,,,,,,,
validation,common,vowel_context20,n10,max_3s,verification,far_0_1pct,0.5709980790169709,evaluable,501,501,1.0,0.668,,0.006558311947533505,0.00014257199885942402,501,7014,7,46,0,0,501,7014,0.000998003992015968,0.09181636726546906,0.000998003992015968,0.09181636726546906,,,,,,,,,,,,,,,,,,,,,,,,
validation,common,vowel_context20,n10,max_3s,verification,eer_operating,0.5108797474022342,evaluable,501,501,1.0,0.668,,0.006558311947533505,0.00014257199885942402,501,7014,46,3,0,0,501,7014,0.006558311947533505,0.005988023952095809,0.006558311947533505,0.005988023952095809,,,,,,,,,,,,,,,,,,,,,,,,
validation,common,vowel_context20,n10,max_5s,cross_text_verification,far_1pct,0.4899532591097062,evaluable,382,382,1.0,0.8488888888888889,,0.007853403141361256,0.00018698578908002991,382,5348,45,2,0,0,382,5348,0.008414360508601346,0.005235602094240838,0.008414360508601346,0.005235602094240838,,,,,,,,,,,,,,,,,,,,,,,,
validation,common,vowel_context20,n10,max_5s,cross_text_verification,far_0_1pct,0.5594641815783393,evaluable,382,382,1.0,0.8488888888888889,,0.007853403141361256,0.00018698578908002991,382,5348,4,42,0,0,382,5348,0.0007479431563201197,0.1099476439790576,0.0007479431563201197,0.1099476439790576,,,,,,,,,,,,,,,,,,,,,,,,
validation,common,vowel_context20,n10,max_5s,cross_text_verification,eer_operating,0.5082124882497411,evaluable,382,382,1.0,0.8488888888888889,,0.007853403141361256,0.00018698578908002991,382,5348,29,6,0,0,382,5348,0.005422587883320867,0.015706806282722512,0.005422587883320867,0.015706806282722512,,,,,,,,,,,,,,,,,,,,,,,,
validation,common,vowel_context20,n10,max_5s,verification,far_1pct,0.4899532591097062,evaluable,681,681,1.0,0.908,,0.005873715124816446,0.00010488777008600797,681,9534,95,3,0,0,681,9534,0.009964338158170757,0.004405286343612335,0.009964338158170757,0.004405286343612335,,,,,,,,,,,,,,,,,,,,,,,,
validation,common,vowel_context20,n10,max_5s,verification,far_0_1pct,0.5594641815783393,evaluable,681,681,1.0,0.908,,0.005873715124816446,0.00010488777008600797,681,9534,9,36,0,0,681,9534,0.0009439899307740718,0.05286343612334802,0.0009439899307740718,0.05286343612334802,,,,,,,,,,,,,,,,,,,,,,,,
validation,common,vowel_context20,n10,max_5s,verification,eer_operating,0.5082124882497411,evaluable,681,681,1.0,0.908,,0.005873715124816446,0.00010488777008600797,681,9534,56,4,0,0,681,9534,0.005873715124816446,0.005873715124816446,0.005873715124816446,0.005873715124816446,,,,,,,,,,,,,,,,,,,,,,,,
validation,common,vowel_context20,n5,full,cross_text_verification,far_1pct,0.46758138380330755,evaluable,392,392,1.0,0.8711111111111111,,0.009293002915451895,0.00018221574344023323,392,5488,50,7,0,0,392,5488,0.009110787172011662,0.017857142857142856,0.009110787172011662,0.017857142857142856,,,,,,,,,,,,,,,,,,,,,,,,
validation,common,vowel_context20,n5,full,cross_text_verification,far_0_1pct,0.521730294870316,evaluable,392,392,1.0,0.8711111111111111,,0.009293002915451895,0.00018221574344023323,392,5488,10,32,0,0,392,5488,0.0018221574344023323,0.08163265306122448,0.0018221574344023323,0.08163265306122448,,,,,,,,,,,,,,,,,,,,,,,,
validation,common,vowel_context20,n5,full,cross_text_verification,eer_operating,0.4786839210424531,evaluable,392,392,1.0,0.8711111111111111,,0.009293002915451895,0.00018221574344023323,392,5488,36,11,0,0,392,5488,0.006559766763848397,0.02806122448979592,0.006559766763848397,0.02806122448979592,,,,,,,,,,,,,,,,,,,,,,,,
validation,common,vowel_context20,n5,full,verification,far_1pct,0.46758138380330755,evaluable,735,735,1.0,0.98,,0.006802721088435374,9.718172983479106e-05,735,10290,102,3,0,0,735,10290,0.009912536443148687,0.004081632653061225,0.009912536443148687,0.004081632653061225,,,,,,,,,,,,,,,,,,,,,,,,
validation,common,vowel_context20,n5,full,verification,far_0_1pct,0.521730294870316,evaluable,735,735,1.0,0.98,,0.006802721088435374,9.718172983479106e-05,735,10290,10,30,0,0,735,10290,0.0009718172983479105,0.04081632653061224,0.0009718172983479105,0.04081632653061224,,,,,,,,,,,,,,,,,,,,,,,,
validation,common,vowel_context20,n5,full,verification,eer_operating,0.4786839210424531,evaluable,735,735,1.0,0.98,,0.006802721088435374,9.718172983479106e-05,735,10290,70,5,0,0,735,10290,0.006802721088435374,0.006802721088435374,0.006802721088435374,0.006802721088435374,,,,,,,,,,,,,,,,,,,,,,,,
validation,common,vowel_context20,n5,max_1s,cross_text_verification,far_1pct,0.49082421626815237,not_evaluable,28,28,1.0,0.06222222222222222,jvs016;jvs075;jvs079,,,28,392,4,2,0,0,28,392,,,0.01020408163265306,0.07142857142857142,,,,,,,,,,,,,,,,,,,,,,,,
validation,common,vowel_context20,n5,max_1s,cross_text_verification,far_0_1pct,0.54587137553185,not_evaluable,28,28,1.0,0.06222222222222222,jvs016;jvs075;jvs079,,,28,392,1,3,0,0,28,392,,,0.002551020408163265,0.10714285714285714,,,,,,,,,,,,,,,,,,,,,,,,
validation,common,vowel_context20,n5,max_1s,cross_text_verification,eer_operating,0.48364432822237624,not_evaluable,28,28,1.0,0.06222222222222222,jvs016;jvs075;jvs079,,,28,392,5,2,0,0,28,392,,,0.012755102040816327,0.07142857142857142,,,,,,,,,,,,,,,,,,,,,,,,
validation,common,vowel_context20,n5,max_1s,verification,far_1pct,0.49082421626815237,evaluable,47,47,1.0,0.06266666666666666,,0.013677811550151976,0.001519756838905775,47,658,6,1,0,0,47,658,0.00911854103343465,0.02127659574468085,0.00911854103343465,0.02127659574468085,,,,,,,,,,,,,,,,,,,,,,,,
validation,common,vowel_context20,n5,max_1s,verification,far_0_1pct,0.54587137553185,evaluable,47,47,1.0,0.06266666666666666,,0.013677811550151976,0.001519756838905775,47,658,0,8,0,0,47,658,0.0,0.1702127659574468,0.0,0.1702127659574468,,,,,,,,,,,,,,,,,,,,,,,,
validation,common,vowel_context20,n5,max_1s,verification,eer_operating,0.48364432822237624,evaluable,47,47,1.0,0.06266666666666666,,0.013677811550151976,0.001519756838905775,47,658,9,1,0,0,47,658,0.013677811550151976,0.02127659574468085,0.013677811550151976,0.02127659574468085,,,,,,,,,,,,,,,,,,,,,,,,
validation,common,vowel_context20,n5,max_2s,cross_text_verification,far_1pct,0.48959546705422036,evaluable,192,192,1.0,0.4266666666666667,,0.010416666666666666,0.0003720238095238095,192,2688,21,3,0,0,192,2688,0.0078125,0.015625,0.0078125,0.015625,,,,,,,,,,,,,,,,,,,,,,,,
validation,common,vowel_context20,n5,max_2s,cross_text_verification,far_0_1pct,0.5495967760396979,evaluable,192,192,1.0,0.4266666666666667,,0.010416666666666666,0.0003720238095238095,192,2688,2,38,0,0,192,2688,0.000744047619047619,0.19791666666666666,0.000744047619047619,0.19791666666666666,,,,,,,,,,,,,,,,,,,,,,,,
validation,common,vowel_context20,n5,max_2s,cross_text_verification,eer_operating,0.48441688322931814,evaluable,192,192,1.0,0.4266666666666667,,0.010416666666666666,0.0003720238095238095,192,2688,22,3,0,0,192,2688,0.00818452380952381,0.015625,0.00818452380952381,0.015625,,,,,,,,,,,,,,,,,,,,,,,,
validation,common,vowel_context20,n5,max_2s,verification,far_1pct,0.48959546705422036,evaluable,245,245,1.0,0.32666666666666666,,0.012244897959183673,0.0002915451895043732,245,3430,34,4,0,0,245,3430,0.009912536443148687,0.0163265306122449,0.009912536443148687,0.0163265306122449,,,,,,,,,,,,,,,,,,,,,,,,
validation,common,vowel_context20,n5,max_2s,verification,far_0_1pct,0.5495967760396979,evaluable,245,245,1.0,0.32666666666666666,,0.012244897959183673,0.0002915451895043732,245,3430,3,28,0,0,245,3430,0.0008746355685131195,0.11428571428571428,0.0008746355685131195,0.11428571428571428,,,,,,,,,,,,,,,,,,,,,,,,
validation,common,vowel_context20,n5,max_2s,verification,eer_operating,0.48441688322931814,evaluable,245,245,1.0,0.32666666666666666,,0.012244897959183673,0.0002915451895043732,245,3430,42,3,0,0,245,3430,0.012244897959183673,0.012244897959183673,0.012244897959183673,0.012244897959183673,,,,,,,,,,,,,,,,,,,,,,,,
validation,common,vowel_context20,n5,max_3s,cross_text_verification,far_1pct,0.47892687002771933,evaluable,324,324,1.0,0.72,,0.009259259259259259,0.0002204585537918871,324,4536,32,8,0,0,324,4536,0.007054673721340388,0.024691358024691357,0.007054673721340388,0.024691358024691357,,,,,,,,,,,,,,,,,,,,,,,,
validation,common,vowel_context20,n5,max_3s,cross_text_verification,far_0_1pct,0.5507119966843891,evaluable,324,324,1.0,0.72,,0.009259259259259259,0.0002204585537918871,324,4536,1,67,0,0,324,4536,0.0002204585537918871,0.20679012345679013,0.0002204585537918871,0.20679012345679013,,,,,,,,,,,,,,,,,,,,,,,,
validation,common,vowel_context20,n5,max_3s,cross_text_verification,eer_operating,0.4727687401853091,evaluable,324,324,1.0,0.72,,0.009259259259259259,0.0002204585537918871,324,4536,37,6,0,0,324,4536,0.008156966490299823,0.018518518518518517,0.008156966490299823,0.018518518518518517,,,,,,,,,,,,,,,,,,,,,,,,
validation,common,vowel_context20,n5,max_3s,verification,far_1pct,0.47892687002771933,evaluable,501,501,1.0,0.668,,0.011976047904191617,0.00014257199885942402,501,7014,70,7,0,0,501,7014,0.00998003992015968,0.013972055888223553,0.00998003992015968,0.013972055888223553,,,,,,,,,,,,,,,,,,,,,,,,
validation,common,vowel_context20,n5,max_3s,verification,far_0_1pct,0.5507119966843891,evaluable,501,501,1.0,0.668,,0.011976047904191617,0.00014257199885942402,501,7014,7,73,0,0,501,7014,0.000998003992015968,0.14570858283433133,0.000998003992015968,0.14570858283433133,,,,,,,,,,,,,,,,,,,,,,,,
validation,common,vowel_context20,n5,max_3s,verification,eer_operating,0.4727687401853091,evaluable,501,501,1.0,0.668,,0.011976047904191617,0.00014257199885942402,501,7014,84,6,0,0,501,7014,0.011976047904191617,0.011976047904191617,0.011976047904191617,0.011976047904191617,,,,,,,,,,,,,,,,,,,,,,,,
validation,common,vowel_context20,n5,max_5s,cross_text_verification,far_1pct,0.47795598799201117,evaluable,382,382,1.0,0.8488888888888889,,0.010471204188481676,0.00018698578908002991,382,5348,40,10,0,0,382,5348,0.0074794315632011965,0.02617801047120419,0.0074794315632011965,0.02617801047120419,,,,,,,,,,,,,,,,,,,,,,,,
validation,common,vowel_context20,n5,max_5s,cross_text_verification,far_0_1pct,0.5344122811557778,evaluable,382,382,1.0,0.8488888888888889,,0.010471204188481676,0.00018698578908002991,382,5348,4,42,0,0,382,5348,0.0007479431563201197,0.1099476439790576,0.0007479431563201197,0.1099476439790576,,,,,,,,,,,,,,,,,,,,,,,,
validation,common,vowel_context20,n5,max_5s,cross_text_verification,eer_operating,0.48335187313873873,evaluable,382,382,1.0,0.8488888888888889,,0.010471204188481676,0.00018698578908002991,382,5348,34,11,0,0,382,5348,0.006357516828721017,0.028795811518324606,0.006357516828721017,0.028795811518324606,,,,,,,,,,,,,,,,,,,,,,,,
validation,common,vowel_context20,n5,max_5s,verification,far_1pct,0.47795598799201117,evaluable,681,681,1.0,0.908,,0.007971470526536606,0.00010488777008600797,681,9534,95,4,0,0,681,9534,0.009964338158170757,0.005873715124816446,0.009964338158170757,0.005873715124816446,,,,,,,,,,,,,,,,,,,,,,,,
validation,common,vowel_context20,n5,max_5s,verification,far_0_1pct,0.5344122811557778,evaluable,681,681,1.0,0.908,,0.007971470526536606,0.00010488777008600797,681,9534,9,51,0,0,681,9534,0.0009439899307740718,0.07488986784140969,0.0009439899307740718,0.07488986784140969,,,,,,,,,,,,,,,,,,,,,,,,
validation,common,vowel_context20,n5,max_5s,verification,eer_operating,0.48335187313873873,evaluable,681,681,1.0,0.908,,0.007971470526536606,0.00010488777008600797,681,9534,76,5,0,0,681,9534,0.007971470526536606,0.007342143906020558,0.007971470526536606,0.007342143906020558,,,,,,,,,,,,,,,,,,,,,,,,
validation,common,vowel_exact,n1,full,cross_text_verification,far_1pct,0.37496812613021224,evaluable,392,392,1.0,0.8711111111111111,,0.049927113702623906,0.00018221574344023323,392,5488,52,115,0,0,392,5488,0.009475218658892129,0.29336734693877553,0.009475218658892129,0.29336734693877553,,,,,,,,,,,,,,,,,,,,,,,,
validation,common,vowel_exact,n1,full,cross_text_verification,far_0_1pct,0.43475409329918485,evaluable,392,392,1.0,0.8711111111111111,,0.049927113702623906,0.00018221574344023323,392,5488,9,211,0,0,392,5488,0.0016399416909620992,0.5382653061224489,0.0016399416909620992,0.5382653061224489,,,,,,,,,,,,,,,,,,,,,,,,
validation,common,vowel_exact,n1,full,cross_text_verification,eer_operating,0.3128591889129729,evaluable,392,392,1.0,0.8711111111111111,,0.049927113702623906,0.00018221574344023323,392,5488,211,25,0,0,392,5488,0.03844752186588921,0.06377551020408163,0.03844752186588921,0.06377551020408163,,,,,,,,,,,,,,,,,,,,,,,,
validation,common,vowel_exact,n1,full,verification,far_1pct,0.37496812613021224,evaluable,735,735,1.0,0.98,,0.03751214771622935,9.718172983479106e-05,735,10290,102,154,0,0,735,10290,0.009912536443148687,0.20952380952380953,0.009912536443148687,0.20952380952380953,,,,,,,,,,,,,,,,,,,,,,,,
validation,common,vowel_exact,n1,full,verification,far_0_1pct,0.43475409329918485,evaluable,735,735,1.0,0.98,,0.03751214771622935,9.718172983479106e-05,735,10290,10,373,0,0,735,10290,0.0009718172983479105,0.507482993197279,0.0009718172983479105,0.507482993197279,,,,,,,,,,,,,,,,,,,,,,,,
validation,common,vowel_exact,n1,full,verification,eer_operating,0.3128591889129729,evaluable,735,735,1.0,0.98,,0.03751214771622935,9.718172983479106e-05,735,10290,386,28,0,0,735,10290,0.03751214771622935,0.0380952380952381,0.03751214771622935,0.0380952380952381,,,,,,,,,,,,,,,,,,,,,,,,
validation,common,vowel_exact,n1,max_1s,cross_text_verification,far_1pct,0.4166362125059939,not_evaluable,28,28,1.0,0.06222222222222222,jvs016;jvs075;jvs079,,,28,392,3,7,0,0,28,392,,,0.007653061224489796,0.25,,,,,,,,,,,,,,,,,,,,,,,,
validation,common,vowel_exact,n1,max_1s,cross_text_verification,far_0_1pct,0.4777364596105926,not_evaluable,28,28,1.0,0.06222222222222222,jvs016;jvs075;jvs079,,,28,392,0,14,0,0,28,392,,,0.0,0.5,,,,,,,,,,,,,,,,,,,,,,,,
validation,common,vowel_exact,n1,max_1s,cross_text_verification,eer_operating,0.30611229795180406,not_evaluable,28,28,1.0,0.06222222222222222,jvs016;jvs075;jvs079,,,28,392,28,5,0,0,28,392,,,0.07142857142857142,0.17857142857142858,,,,,,,,,,,,,,,,,,,,,,,,
validation,common,vowel_exact,n1,max_1s,verification,far_1pct,0.4166362125059939,evaluable,47,47,1.0,0.06266666666666666,,0.07598784194528875,0.001519756838905775,47,658,6,17,0,0,47,658,0.00911854103343465,0.3617021276595745,0.00911854103343465,0.3617021276595745,,,,,,,,,,,,,,,,,,,,,,,,
validation,common,vowel_exact,n1,max_1s,verification,far_0_1pct,0.4777364596105926,evaluable,47,47,1.0,0.06266666666666666,,0.07598784194528875,0.001519756838905775,47,658,0,32,0,0,47,658,0.0,0.6808510638297872,0.0,0.6808510638297872,,,,,,,,,,,,,,,,,,,,,,,,
validation,common,vowel_exact,n1,max_1s,verification,eer_operating,0.30611229795180406,evaluable,47,47,1.0,0.06266666666666666,,0.07598784194528875,0.001519756838905775,47,658,50,4,0,0,47,658,0.07598784194528875,0.0851063829787234,0.07598784194528875,0.0851063829787234,,,,,,,,,,,,,,,,,,,,,,,,
validation,common,vowel_exact,n1,max_2s,cross_text_verification,far_1pct,0.3992744266187879,evaluable,192,192,1.0,0.4266666666666667,,0.0703125,0.0003720238095238095,192,2688,33,60,0,0,192,2688,0.012276785714285714,0.3125,0.012276785714285714,0.3125,,,,,,,,,,,,,,,,,,,,,,,,
validation,common,vowel_exact,n1,max_2s,cross_text_verification,far_0_1pct,0.4784324754798504,evaluable,192,192,1.0,0.4266666666666667,,0.0703125,0.0003720238095238095,192,2688,0,131,0,0,192,2688,0.0,0.6822916666666666,0.0,0.6822916666666666,,,,,,,,,,,,,,,,,,,,,,,,
validation,common,vowel_exact,n1,max_2s,cross_text_verification,eer_operating,0.30569040512279877,evaluable,192,192,1.0,0.4266666666666667,,0.0703125,0.0003720238095238095,192,2688,171,16,0,0,192,2688,0.06361607142857142,0.08333333333333333,0.06361607142857142,0.08333333333333333,,,,,,,,,,,,,,,,,,,,,,,,
validation,common,vowel_exact,n1,max_2s,verification,far_1pct,0.3992744266187879,evaluable,245,245,1.0,0.32666666666666666,,0.05714285714285714,0.0002915451895043732,245,3430,34,70,0,0,245,3430,0.009912536443148687,0.2857142857142857,0.009912536443148687,0.2857142857142857,,,,,,,,,,,,,,,,,,,,,,,,
validation,common,vowel_exact,n1,max_2s,verification,far_0_1pct,0.4784324754798504,evaluable,245,245,1.0,0.32666666666666666,,0.05714285714285714,0.0002915451895043732,245,3430,3,157,0,0,245,3430,0.0008746355685131195,0.6408163265306123,0.0008746355685131195,0.6408163265306123,,,,,,,,,,,,,,,,,,,,,,,,
validation,common,vowel_exact,n1,max_2s,verification,eer_operating,0.30569040512279877,evaluable,245,245,1.0,0.32666666666666666,,0.05714285714285714,0.0002915451895043732,245,3430,196,14,0,0,245,3430,0.05714285714285714,0.05714285714285714,0.05714285714285714,0.05714285714285714,,,,,,,,,,,,,,,,,,,,,,,,
validation,common,vowel_exact,n1,max_3s,cross_text_verification,far_1pct,0.38600451149654225,evaluable,324,324,1.0,0.72,,0.05599647266313933,0.0002204585537918871,324,4536,45,91,0,0,324,4536,0.00992063492063492,0.2808641975308642,0.00992063492063492,0.2808641975308642,,,,,,,,,,,,,,,,,,,,,,,,
validation,common,vowel_exact,n1,max_3s,cross_text_verification,far_0_1pct,0.46123899708143223,evaluable,324,324,1.0,0.72,,0.05599647266313933,0.0002204585537918871,324,4536,0,200,0,0,324,4536,0.0,0.6172839506172839,0.0,0.6172839506172839,,,,,,,,,,,,,,,,,,,,,,,,
validation,common,vowel_exact,n1,max_3s,cross_text_verification,eer_operating,0.30923760841752407,evaluable,324,324,1.0,0.72,,0.05599647266313933,0.0002204585537918871,324,4536,218,26,0,0,324,4536,0.04805996472663139,0.08024691358024691,0.04805996472663139,0.08024691358024691,,,,,,,,,,,,,,,,,,,,,,,,
validation,common,vowel_exact,n1,max_3s,verification,far_1pct,0.38600451149654225,evaluable,501,501,1.0,0.668,,0.0499001996007984,0.00014257199885942402,501,7014,70,132,0,0,501,7014,0.00998003992015968,0.2634730538922156,0.00998003992015968,0.2634730538922156,,,,,,,,,,,,,,,,,,,,,,,,
validation,common,vowel_exact,n1,max_3s,verification,far_0_1pct,0.46123899708143223,evaluable,501,501,1.0,0.668,,0.0499001996007984,0.00014257199885942402,501,7014,7,304,0,0,501,7014,0.000998003992015968,0.6067864271457086,0.000998003992015968,0.6067864271457086,,,,,,,,,,,,,,,,,,,,,,,,
validation,common,vowel_exact,n1,max_3s,verification,eer_operating,0.30923760841752407,evaluable,501,501,1.0,0.668,,0.0499001996007984,0.00014257199885942402,501,7014,350,25,0,0,501,7014,0.0499001996007984,0.0499001996007984,0.0499001996007984,0.0499001996007984,,,,,,,,,,,,,,,,,,,,,,,,
validation,common,vowel_exact,n1,max_5s,cross_text_verification,far_1pct,0.3792165755130675,evaluable,382,382,1.0,0.8488888888888889,,0.051047120418848166,0.00018698578908002991,382,5348,49,107,0,0,382,5348,0.009162303664921465,0.2801047120418848,0.009162303664921465,0.2801047120418848,,,,,,,,,,,,,,,,,,,,,,,,
validation,common,vowel_exact,n1,max_5s,cross_text_verification,far_0_1pct,0.44342135971526137,evaluable,382,382,1.0,0.8488888888888889,,0.051047120418848166,0.00018698578908002991,382,5348,3,214,0,0,382,5348,0.0005609573672400897,0.5602094240837696,0.0005609573672400897,0.5602094240837696,,,,,,,,,,,,,,,,,,,,,,,,
validation,common,vowel_exact,n1,max_5s,cross_text_verification,eer_operating,0.3118433331179256,evaluable,382,382,1.0,0.8488888888888889,,0.051047120418848166,0.00018698578908002991,382,5348,220,23,0,0,382,5348,0.04113687359760658,0.060209424083769635,0.04113687359760658,0.060209424083769635,,,,,,,,,,,,,,,,,,,,,,,,
validation,common,vowel_exact,n1,max_5s,verification,far_1pct,0.3792165755130675,evaluable,681,681,1.0,0.908,,0.042584434654919234,0.00010488777008600797,681,9534,95,155,0,0,681,9534,0.009964338158170757,0.2276064610866373,0.009964338158170757,0.2276064610866373,,,,,,,,,,,,,,,,,,,,,,,,
validation,common,vowel_exact,n1,max_5s,verification,far_0_1pct,0.44342135971526137,evaluable,681,681,1.0,0.908,,0.042584434654919234,0.00010488777008600797,681,9534,9,363,0,0,681,9534,0.0009439899307740718,0.5330396475770925,0.0009439899307740718,0.5330396475770925,,,,,,,,,,,,,,,,,,,,,,,,
validation,common,vowel_exact,n1,max_5s,verification,eer_operating,0.3118433331179256,evaluable,681,681,1.0,0.908,,0.042584434654919234,0.00010488777008600797,681,9534,406,29,0,0,681,9534,0.042584434654919234,0.042584434654919234,0.042584434654919234,0.042584434654919234,,,,,,,,,,,,,,,,,,,,,,,,
validation,common,vowel_exact,n10,full,cross_text_verification,far_1pct,0.4782227879111038,evaluable,392,392,1.0,0.8711111111111111,,0.009475218658892129,0.00018221574344023323,392,5488,43,4,0,0,392,5488,0.00783527696793003,0.01020408163265306,0.00783527696793003,0.01020408163265306,,,,,,,,,,,,,,,,,,,,,,,,
validation,common,vowel_exact,n10,full,cross_text_verification,far_0_1pct,0.5413681840933452,evaluable,392,392,1.0,0.8711111111111111,,0.009475218658892129,0.00018221574344023323,392,5488,5,47,0,0,392,5488,0.0009110787172011661,0.11989795918367346,0.0009110787172011661,0.11989795918367346,,,,,,,,,,,,,,,,,,,,,,,,
validation,common,vowel_exact,n10,full,cross_text_verification,eer_operating,0.502508332899292,evaluable,392,392,1.0,0.8711111111111111,,0.009475218658892129,0.00018221574344023323,392,5488,24,10,0,0,392,5488,0.004373177842565598,0.025510204081632654,0.004373177842565598,0.025510204081632654,,,,,,,,,,,,,,,,,,,,,,,,
validation,common,vowel_exact,n10,full,verification,far_1pct,0.4782227879111038,evaluable,735,735,1.0,0.98,,0.004761904761904762,9.718172983479106e-05,735,10290,102,2,0,0,735,10290,0.009912536443148687,0.0027210884353741495,0.009912536443148687,0.0027210884353741495,,,,,,,,,,,,,,,,,,,,,,,,
validation,common,vowel_exact,n10,full,verification,far_0_1pct,0.5413681840933452,evaluable,735,735,1.0,0.98,,0.004761904761904762,9.718172983479106e-05,735,10290,10,38,0,0,735,10290,0.0009718172983479105,0.05170068027210884,0.0009718172983479105,0.05170068027210884,,,,,,,,,,,,,,,,,,,,,,,,
validation,common,vowel_exact,n10,full,verification,eer_operating,0.502508332899292,evaluable,735,735,1.0,0.98,,0.004761904761904762,9.718172983479106e-05,735,10290,49,4,0,0,735,10290,0.004761904761904762,0.005442176870748299,0.004761904761904762,0.005442176870748299,,,,,,,,,,,,,,,,,,,,,,,,
validation,common,vowel_exact,n10,max_1s,cross_text_verification,far_1pct,0.4838095176391178,not_evaluable,28,28,1.0,0.06222222222222222,jvs016;jvs075;jvs079,,,28,392,6,2,0,0,28,392,,,0.015306122448979591,0.07142857142857142,,,,,,,,,,,,,,,,,,,,,,,,
validation,common,vowel_exact,n10,max_1s,cross_text_verification,far_0_1pct,0.5806285894740782,not_evaluable,28,28,1.0,0.06222222222222222,jvs016;jvs075;jvs079,,,28,392,1,5,0,0,28,392,,,0.002551020408163265,0.17857142857142858,,,,,,,,,,,,,,,,,,,,,,,,
validation,common,vowel_exact,n10,max_1s,cross_text_verification,eer_operating,0.47729924157534104,not_evaluable,28,28,1.0,0.06222222222222222,jvs016;jvs075;jvs079,,,28,392,8,2,0,0,28,392,,,0.02040816326530612,0.07142857142857142,,,,,,,,,,,,,,,,,,,,,,,,
validation,common,vowel_exact,n10,max_1s,verification,far_1pct,0.4838095176391178,evaluable,47,47,1.0,0.06266666666666666,,0.015197568389057751,0.001519756838905775,47,658,6,1,0,0,47,658,0.00911854103343465,0.02127659574468085,0.00911854103343465,0.02127659574468085,,,,,,,,,,,,,,,,,,,,,,,,
validation,common,vowel_exact,n10,max_1s,verification,far_0_1pct,0.5806285894740782,evaluable,47,47,1.0,0.06266666666666666,,0.015197568389057751,0.001519756838905775,47,658,0,11,0,0,47,658,0.0,0.23404255319148937,0.0,0.23404255319148937,,,,,,,,,,,,,,,,,,,,,,,,
validation,common,vowel_exact,n10,max_1s,verification,eer_operating,0.47729924157534104,evaluable,47,47,1.0,0.06266666666666666,,0.015197568389057751,0.001519756838905775,47,658,10,1,0,0,47,658,0.015197568389057751,0.02127659574468085,0.015197568389057751,0.02127659574468085,,,,,,,,,,,,,,,,,,,,,,,,
validation,common,vowel_exact,n10,max_2s,cross_text_verification,far_1pct,0.4990348970790563,evaluable,192,192,1.0,0.4266666666666667,,0.013764880952380952,0.0003720238095238095,192,2688,20,8,0,0,192,2688,0.00744047619047619,0.041666666666666664,0.00744047619047619,0.041666666666666664,,,,,,,,,,,,,,,,,,,,,,,,
validation,common,vowel_exact,n10,max_2s,cross_text_verification,far_0_1pct,0.5651145365163728,evaluable,192,192,1.0,0.4266666666666667,,0.013764880952380952,0.0003720238095238095,192,2688,2,40,0,0,192,2688,0.000744047619047619,0.20833333333333334,0.000744047619047619,0.20833333333333334,,,,,,,,,,,,,,,,,,,,,,,,
validation,common,vowel_exact,n10,max_2s,cross_text_verification,eer_operating,0.4886724704256717,evaluable,192,192,1.0,0.4266666666666667,,0.013764880952380952,0.0003720238095238095,192,2688,30,5,0,0,192,2688,0.011160714285714286,0.026041666666666668,0.011160714285714286,0.026041666666666668,,,,,,,,,,,,,,,,,,,,,,,,
validation,common,vowel_exact,n10,max_2s,verification,far_1pct,0.4990348970790563,evaluable,245,245,1.0,0.32666666666666666,,0.012244897959183673,0.0002915451895043732,245,3430,34,3,0,0,245,3430,0.009912536443148687,0.012244897959183673,0.009912536443148687,0.012244897959183673,,,,,,,,,,,,,,,,,,,,,,,,
validation,common,vowel_exact,n10,max_2s,verification,far_0_1pct,0.5651145365163728,evaluable,245,245,1.0,0.32666666666666666,,0.012244897959183673,0.0002915451895043732,245,3430,3,35,0,0,245,3430,0.0008746355685131195,0.14285714285714285,0.0008746355685131195,0.14285714285714285,,,,,,,,,,,,,,,,,,,,,,,,
validation,common,vowel_exact,n10,max_2s,verification,eer_operating,0.4886724704256717,evaluable,245,245,1.0,0.32666666666666666,,0.012244897959183673,0.0002915451895043732,245,3430,42,3,0,0,245,3430,0.012244897959183673,0.012244897959183673,0.012244897959183673,0.012244897959183673,,,,,,,,,,,,,,,,,,,,,,,,
validation,common,vowel_exact,n10,max_3s,cross_text_verification,far_1pct,0.4905037486215814,evaluable,324,324,1.0,0.72,,0.007716049382716049,0.0002204585537918871,324,4536,35,3,0,0,324,4536,0.007716049382716049,0.009259259259259259,0.007716049382716049,0.009259259259259259,,,,,,,,,,,,,,,,,,,,,,,,
validation,common,vowel_exact,n10,max_3s,cross_text_verification,far_0_1pct,0.5645935991530994,evaluable,324,324,1.0,0.72,,0.007716049382716049,0.0002204585537918871,324,4536,2,77,0,0,324,4536,0.0004409171075837742,0.23765432098765432,0.0004409171075837742,0.23765432098765432,,,,,,,,,,,,,,,,,,,,,,,,
validation,common,vowel_exact,n10,max_3s,cross_text_verification,eer_operating,0.4905037486215814,evaluable,324,324,1.0,0.72,,0.007716049382716049,0.0002204585537918871,324,4536,35,3,0,0,324,4536,0.007716049382716049,0.009259259259259259,0.007716049382716049,0.009259259259259259,,,,,,,,,,,,,,,,,,,,,,,,
validation,common,vowel_exact,n10,max_3s,verification,far_1pct,0.4905037486215814,evaluable,501,501,1.0,0.668,,0.00998003992015968,0.00014257199885942402,501,7014,70,5,0,0,501,7014,0.00998003992015968,0.00998003992015968,0.00998003992015968,0.00998003992015968,,,,,,,,,,,,,,,,,,,,,,,,
validation,common,vowel_exact,n10,max_3s,verification,far_0_1pct,0.5645935991530994,evaluable,501,501,1.0,0.668,,0.00998003992015968,0.00014257199885942402,501,7014,7,77,0,0,501,7014,0.000998003992015968,0.1536926147704591,0.000998003992015968,0.1536926147704591,,,,,,,,,,,,,,,,,,,,,,,,
validation,common,vowel_exact,n10,max_3s,verification,eer_operating,0.4905037486215814,evaluable,501,501,1.0,0.668,,0.00998003992015968,0.00014257199885942402,501,7014,70,5,0,0,501,7014,0.00998003992015968,0.00998003992015968,0.00998003992015968,0.00998003992015968,,,,,,,,,,,,,,,,,,,,,,,,
validation,common,vowel_exact,n10,max_5s,cross_text_verification,far_1pct,0.4804677612551505,evaluable,382,382,1.0,0.8488888888888889,,0.010471204188481676,0.00018698578908002991,382,5348,41,4,0,0,382,5348,0.007666417352281227,0.010471204188481676,0.007666417352281227,0.010471204188481676,,,,,,,,,,,,,,,,,,,,,,,,
validation,common,vowel_exact,n10,max_5s,cross_text_verification,far_0_1pct,0.5557905671662116,evaluable,382,382,1.0,0.8488888888888889,,0.010471204188481676,0.00018698578908002991,382,5348,3,74,0,0,382,5348,0.0005609573672400897,0.193717277486911,0.0005609573672400897,0.193717277486911,,,,,,,,,,,,,,,,,,,,,,,,
validation,common,vowel_exact,n10,max_5s,cross_text_verification,eer_operating,0.49963785786718135,evaluable,382,382,1.0,0.8488888888888889,,0.010471204188481676,0.00018698578908002991,382,5348,27,9,0,0,382,5348,0.005048616305160808,0.02356020942408377,0.005048616305160808,0.02356020942408377,,,,,,,,,,,,,,,,,,,,,,,,
validation,common,vowel_exact,n10,max_5s,verification,far_1pct,0.4804677612551505,evaluable,681,681,1.0,0.908,,0.00618837843507447,0.00010488777008600797,681,9534,95,3,0,0,681,9534,0.009964338158170757,0.004405286343612335,0.009964338158170757,0.004405286343612335,,,,,,,,,,,,,,,,,,,,,,,,
validation,common,vowel_exact,n10,max_5s,verification,far_0_1pct,0.5557905671662116,evaluable,681,681,1.0,0.908,,0.00618837843507447,0.00010488777008600797,681,9534,9,63,0,0,681,9534,0.0009439899307740718,0.09251101321585903,0.0009439899307740718,0.09251101321585903,,,,,,,,,,,,,,,,,,,,,,,,
validation,common,vowel_exact,n10,max_5s,verification,eer_operating,0.49963785786718135,evaluable,681,681,1.0,0.908,,0.00618837843507447,0.00010488777008600797,681,9534,59,4,0,0,681,9534,0.00618837843507447,0.005873715124816446,0.00618837843507447,0.005873715124816446,,,,,,,,,,,,,,,,,,,,,,,,
validation,common,vowel_exact,n5,full,cross_text_verification,far_1pct,0.4622698113299524,evaluable,392,392,1.0,0.8711111111111111,,0.014941690962099125,0.00018221574344023323,392,5488,47,12,0,0,392,5488,0.008564139941690961,0.030612244897959183,0.008564139941690961,0.030612244897959183,,,,,,,,,,,,,,,,,,,,,,,,
validation,common,vowel_exact,n5,full,cross_text_verification,far_0_1pct,0.5215929538861043,evaluable,392,392,1.0,0.8711111111111111,,0.014941690962099125,0.00018221574344023323,392,5488,4,68,0,0,392,5488,0.0007288629737609329,0.17346938775510204,0.0007288629737609329,0.17346938775510204,,,,,,,,,,,,,,,,,,,,,,,,
validation,common,vowel_exact,n5,full,cross_text_verification,eer_operating,0.4758484769113213,evaluable,392,392,1.0,0.8711111111111111,,0.014941690962099125,0.00018221574344023323,392,5488,34,15,0,0,392,5488,0.00619533527696793,0.03826530612244898,0.00619533527696793,0.03826530612244898,,,,,,,,,,,,,,,,,,,,,,,,
validation,common,vowel_exact,n5,full,verification,far_1pct,0.4622698113299524,evaluable,735,735,1.0,0.98,,0.006997084548104956,9.718172983479106e-05,735,10290,102,4,0,0,735,10290,0.009912536443148687,0.005442176870748299,0.009912536443148687,0.005442176870748299,,,,,,,,,,,,,,,,,,,,,,,,
validation,common,vowel_exact,n5,full,verification,far_0_1pct,0.5215929538861043,evaluable,735,735,1.0,0.98,,0.006997084548104956,9.718172983479106e-05,735,10290,10,70,0,0,735,10290,0.0009718172983479105,0.09523809523809523,0.0009718172983479105,0.09523809523809523,,,,,,,,,,,,,,,,,,,,,,,,
validation,common,vowel_exact,n5,full,verification,eer_operating,0.4758484769113213,evaluable,735,735,1.0,0.98,,0.006997084548104956,9.718172983479106e-05,735,10290,72,5,0,0,735,10290,0.006997084548104956,0.006802721088435374,0.006997084548104956,0.006802721088435374,,,,,,,,,,,,,,,,,,,,,,,,
validation,common,vowel_exact,n5,max_1s,cross_text_verification,far_1pct,0.4855178144431471,not_evaluable,28,28,1.0,0.06222222222222222,jvs016;jvs075;jvs079,,,28,392,4,3,0,0,28,392,,,0.01020408163265306,0.10714285714285714,,,,,,,,,,,,,,,,,,,,,,,,
validation,common,vowel_exact,n5,max_1s,cross_text_verification,far_0_1pct,0.5338885705123458,not_evaluable,28,28,1.0,0.06222222222222222,jvs016;jvs075;jvs079,,,28,392,1,6,0,0,28,392,,,0.002551020408163265,0.21428571428571427,,,,,,,,,,,,,,,,,,,,,,,,
validation,common,vowel_exact,n5,max_1s,cross_text_verification,eer_operating,0.4502681915390539,not_evaluable,28,28,1.0,0.06222222222222222,jvs016;jvs075;jvs079,,,28,392,13,1,0,0,28,392,,,0.03316326530612245,0.03571428571428571,,,,,,,,,,,,,,,,,,,,,,,,
validation,common,vowel_exact,n5,max_1s,verification,far_1pct,0.4855178144431471,evaluable,47,47,1.0,0.06266666666666666,,0.02127659574468085,0.001519756838905775,47,658,6,2,0,0,47,658,0.00911854103343465,0.0425531914893617,0.00911854103343465,0.0425531914893617,,,,,,,,,,,,,,,,,,,,,,,,
validation,common,vowel_exact,n5,max_1s,verification,far_0_1pct,0.5338885705123458,evaluable,47,47,1.0,0.06266666666666666,,0.02127659574468085,0.001519756838905775,47,658,0,9,0,0,47,658,0.0,0.19148936170212766,0.0,0.19148936170212766,,,,,,,,,,,,,,,,,,,,,,,,
validation,common,vowel_exact,n5,max_1s,verification,eer_operating,0.4502681915390539,evaluable,47,47,1.0,0.06266666666666666,,0.02127659574468085,0.001519756838905775,47,658,14,1,0,0,47,658,0.02127659574468085,0.02127659574468085,0.02127659574468085,0.02127659574468085,,,,,,,,,,,,,,,,,,,,,,,,
validation,common,vowel_exact,n5,max_2s,cross_text_verification,far_1pct,0.49014412728860984,evaluable,192,192,1.0,0.4266666666666667,,0.020089285714285716,0.0003720238095238095,192,2688,23,15,0,0,192,2688,0.00855654761904762,0.078125,0.00855654761904762,0.078125,,,,,,,,,,,,,,,,,,,,,,,,
validation,common,vowel_exact,n5,max_2s,cross_text_verification,far_0_1pct,0.5353350632654202,evaluable,192,192,1.0,0.4266666666666667,,0.020089285714285716,0.0003720238095238095,192,2688,3,46,0,0,192,2688,0.0011160714285714285,0.23958333333333334,0.0011160714285714285,0.23958333333333334,,,,,,,,,,,,,,,,,,,,,,,,
validation,common,vowel_exact,n5,max_2s,cross_text_verification,eer_operating,0.4682378571941931,evaluable,192,192,1.0,0.4266666666666667,,0.020089285714285716,0.0003720238095238095,192,2688,41,9,0,0,192,2688,0.01525297619047619,0.046875,0.01525297619047619,0.046875,,,,,,,,,,,,,,,,,,,,,,,,
validation,common,vowel_exact,n5,max_2s,verification,far_1pct,0.49014412728860984,evaluable,245,245,1.0,0.32666666666666666,,0.0163265306122449,0.0002915451895043732,245,3430,34,6,0,0,245,3430,0.009912536443148687,0.024489795918367346,0.009912536443148687,0.024489795918367346,,,,,,,,,,,,,,,,,,,,,,,,
validation,common,vowel_exact,n5,max_2s,verification,far_0_1pct,0.5353350632654202,evaluable,245,245,1.0,0.32666666666666666,,0.0163265306122449,0.0002915451895043732,245,3430,3,38,0,0,245,3430,0.0008746355685131195,0.15510204081632653,0.0008746355685131195,0.15510204081632653,,,,,,,,,,,,,,,,,,,,,,,,
validation,common,vowel_exact,n5,max_2s,verification,eer_operating,0.4682378571941931,evaluable,245,245,1.0,0.32666666666666666,,0.0163265306122449,0.0002915451895043732,245,3430,56,4,0,0,245,3430,0.0163265306122449,0.0163265306122449,0.0163265306122449,0.0163265306122449,,,,,,,,,,,,,,,,,,,,,,,,
validation,common,vowel_exact,n5,max_3s,cross_text_verification,far_1pct,0.4770310580391128,evaluable,324,324,1.0,0.72,,0.012345679012345678,0.0002204585537918871,324,4536,34,16,0,0,324,4536,0.007495590828924162,0.04938271604938271,0.007495590828924162,0.04938271604938271,,,,,,,,,,,,,,,,,,,,,,,,
validation,common,vowel_exact,n5,max_3s,cross_text_verification,far_0_1pct,0.5367374644754561,evaluable,324,324,1.0,0.72,,0.012345679012345678,0.0002204585537918871,324,4536,2,86,0,0,324,4536,0.0004409171075837742,0.2654320987654321,0.0004409171075837742,0.2654320987654321,,,,,,,,,,,,,,,,,,,,,,,,
validation,common,vowel_exact,n5,max_3s,cross_text_verification,eer_operating,0.4607109717773359,evaluable,324,324,1.0,0.72,,0.012345679012345678,0.0002204585537918871,324,4536,47,10,0,0,324,4536,0.010361552028218694,0.030864197530864196,0.010361552028218694,0.030864197530864196,,,,,,,,,,,,,,,,,,,,,,,,
validation,common,vowel_exact,n5,max_3s,verification,far_1pct,0.4770310580391128,evaluable,501,501,1.0,0.668,,0.013972055888223553,0.00014257199885942402,501,7014,70,12,0,0,501,7014,0.00998003992015968,0.023952095808383235,0.00998003992015968,0.023952095808383235,,,,,,,,,,,,,,,,,,,,,,,,
validation,common,vowel_exact,n5,max_3s,verification,far_0_1pct,0.5367374644754561,evaluable,501,501,1.0,0.668,,0.013972055888223553,0.00014257199885942402,501,7014,7,94,0,0,501,7014,0.000998003992015968,0.18762475049900199,0.000998003992015968,0.18762475049900199,,,,,,,,,,,,,,,,,,,,,,,,
validation,common,vowel_exact,n5,max_3s,verification,eer_operating,0.4607109717773359,evaluable,501,501,1.0,0.668,,0.013972055888223553,0.00014257199885942402,501,7014,98,7,0,0,501,7014,0.013972055888223553,0.013972055888223553,0.013972055888223553,0.013972055888223553,,,,,,,,,,,,,,,,,,,,,,,,
validation,common,vowel_exact,n5,max_5s,cross_text_verification,far_1pct,0.468286299702577,evaluable,382,382,1.0,0.8488888888888889,,0.014958863126402393,0.00018698578908002991,382,5348,43,13,0,0,382,5348,0.008040388930441287,0.034031413612565446,0.008040388930441287,0.034031413612565446,,,,,,,,,,,,,,,,,,,,,,,,
validation,common,vowel_exact,n5,max_5s,cross_text_verification,far_0_1pct,0.5333983654999243,evaluable,382,382,1.0,0.8488888888888889,,0.014958863126402393,0.00018698578908002991,382,5348,2,91,0,0,382,5348,0.00037397157816005983,0.23821989528795812,0.00037397157816005983,0.23821989528795812,,,,,,,,,,,,,,,,,,,,,,,,
validation,common,vowel_exact,n5,max_5s,cross_text_verification,eer_operating,0.4668532660424282,evaluable,382,382,1.0,0.8488888888888889,,0.014958863126402393,0.00018698578908002991,382,5348,44,13,0,0,382,5348,0.008227374719521317,0.034031413612565446,0.008227374719521317,0.034031413612565446,,,,,,,,,,,,,,,,,,,,,,,,
validation,common,vowel_exact,n5,max_5s,verification,far_1pct,0.468286299702577,evaluable,681,681,1.0,0.908,,0.010279001468428781,0.00010488777008600797,681,9534,95,8,0,0,681,9534,0.009964338158170757,0.011747430249632892,0.009964338158170757,0.011747430249632892,,,,,,,,,,,,,,,,,,,,,,,,
validation,common,vowel_exact,n5,max_5s,verification,far_0_1pct,0.5333983654999243,evaluable,681,681,1.0,0.908,,0.010279001468428781,0.00010488777008600797,681,9534,9,103,0,0,681,9534,0.0009439899307740718,0.1512481644640235,0.0009439899307740718,0.1512481644640235,,,,,,,,,,,,,,,,,,,,,,,,
validation,common,vowel_exact,n5,max_5s,verification,eer_operating,0.4668532660424282,evaluable,681,681,1.0,0.908,,0.010279001468428781,0.00010488777008600797,681,9534,98,7,0,0,681,9534,0.010279001468428781,0.010279001468428781,0.010279001468428781,0.010279001468428781,,,,,,,,,,,,,,,,,,,,,,,,
validation,native,ecapa_whole,n1,full,cross_text_verification,far_1pct,0.615823380972418,evaluable,450,450,1.0,1.0,,0.0020634920634920637,0.00015873015873015873,450,6300,41,0,0,0,450,6300,0.006507936507936508,0.0,0.006507936507936508,0.0,,,,,,,,,,,,,,,,,,,,,,,,
validation,native,ecapa_whole,n1,full,cross_text_verification,far_0_1pct,0.6642427777860023,evaluable,450,450,1.0,1.0,,0.0020634920634920637,0.00015873015873015873,450,6300,4,3,0,0,450,6300,0.0006349206349206349,0.006666666666666667,0.0006349206349206349,0.006666666666666667,,,,,,,,,,,,,,,,,,,,,,,,
validation,native,ecapa_whole,n1,full,cross_text_verification,eer_operating,0.6623031111481853,evaluable,450,450,1.0,1.0,,0.0020634920634920637,0.00015873015873015873,450,6300,4,3,0,0,450,6300,0.0006349206349206349,0.006666666666666667,0.0006349206349206349,0.006666666666666667,,,,,,,,,,,,,,,,,,,,,,,,
validation,native,ecapa_whole,n1,full,verification,far_1pct,0.615823380972418,evaluable,750,750,1.0,1.0,,0.0010476190476190477,9.523809523809524e-05,750,10500,105,0,0,0,750,10500,0.01,0.0,0.01,0.0,,,,,,,,,,,,,,,,,,,,,,,,
validation,native,ecapa_whole,n1,full,verification,far_0_1pct,0.6642427777860023,evaluable,750,750,1.0,1.0,,0.0010476190476190477,9.523809523809524e-05,750,10500,10,1,0,0,750,10500,0.0009523809523809524,0.0013333333333333333,0.0009523809523809524,0.0013333333333333333,,,,,,,,,,,,,,,,,,,,,,,,
validation,native,ecapa_whole,n1,full,verification,eer_operating,0.6623031111481853,evaluable,750,750,1.0,1.0,,0.0010476190476190477,9.523809523809524e-05,750,10500,11,1,0,0,750,10500,0.0010476190476190477,0.0013333333333333333,0.0010476190476190477,0.0013333333333333333,,,,,,,,,,,,,,,,,,,,,,,,
validation,native,ecapa_whole,n1,max_1s,cross_text_verification,far_1pct,0.45680626665196916,evaluable,450,450,1.0,1.0,,0.06888888888888889,0.00015873015873015873,450,6300,85,75,0,0,450,6300,0.013492063492063493,0.16666666666666666,0.013492063492063493,0.16666666666666666,,,,,,,,,,,,,,,,,,,,,,,,
validation,native,ecapa_whole,n1,max_1s,cross_text_verification,far_0_1pct,0.5441245974539698,evaluable,450,450,1.0,1.0,,0.06888888888888889,0.00015873015873015873,450,6300,8,177,0,0,450,6300,0.0012698412698412698,0.3933333333333333,0.0012698412698412698,0.3933333333333333,,,,,,,,,,,,,,,,,,,,,,,,
validation,native,ecapa_whole,n1,max_1s,cross_text_verification,eer_operating,0.3596311496214649,evaluable,450,450,1.0,1.0,,0.06888888888888889,0.00015873015873015873,450,6300,402,31,0,0,450,6300,0.06380952380952382,0.06888888888888889,0.06380952380952382,0.06888888888888889,,,,,,,,,,,,,,,,,,,,,,,,
validation,native,ecapa_whole,n1,max_1s,verification,far_1pct,0.45680626665196916,evaluable,750,750,1.0,1.0,,0.05733333333333333,9.523809523809524e-05,750,10500,105,114,0,0,750,10500,0.01,0.152,0.01,0.152,,,,,,,,,,,,,,,,,,,,,,,,
validation,native,ecapa_whole,n1,max_1s,verification,far_0_1pct,0.5441245974539698,evaluable,750,750,1.0,1.0,,0.05733333333333333,9.523809523809524e-05,750,10500,10,316,0,0,750,10500,0.0009523809523809524,0.42133333333333334,0.0009523809523809524,0.42133333333333334,,,,,,,,,,,,,,,,,,,,,,,,
validation,native,ecapa_whole,n1,max_1s,verification,eer_operating,0.3596311496214649,evaluable,750,750,1.0,1.0,,0.05733333333333333,9.523809523809524e-05,750,10500,602,43,0,0,750,10500,0.05733333333333333,0.05733333333333333,0.05733333333333333,0.05733333333333333,,,,,,,,,,,,,,,,,,,,,,,,
validation,native,ecapa_whole,n1,max_2s,cross_text_verification,far_1pct,0.5312229074060922,evaluable,450,450,1.0,1.0,,0.011587301587301587,0.00015873015873015873,450,6300,86,5,0,0,450,6300,0.013650793650793651,0.011111111111111112,0.013650793650793651,0.011111111111111112,,,,,,,,,,,,,,,,,,,,,,,,
validation,native,ecapa_whole,n1,max_2s,cross_text_verification,far_0_1pct,0.5927411275010244,evaluable,450,450,1.0,1.0,,0.011587301587301587,0.00015873015873015873,450,6300,14,18,0,0,450,6300,0.0022222222222222222,0.04,0.0022222222222222222,0.04,,,,,,,,,,,,,,,,,,,,,,,,
validation,native,ecapa_whole,n1,max_2s,cross_text_verification,eer_operating,0.5216435263688227,evaluable,450,450,1.0,1.0,,0.011587301587301587,0.00015873015873015873,450,6300,107,5,0,0,450,6300,0.016984126984126983,0.011111111111111112,0.016984126984126983,0.011111111111111112,,,,,,,,,,,,,,,,,,,,,,,,
validation,native,ecapa_whole,n1,max_2s,verification,far_1pct,0.5312229074060922,evaluable,750,750,1.0,1.0,,0.01361904761904762,9.523809523809524e-05,750,10500,105,12,0,0,750,10500,0.01,0.016,0.01,0.016,,,,,,,,,,,,,,,,,,,,,,,,
validation,native,ecapa_whole,n1,max_2s,verification,far_0_1pct,0.5927411275010244,evaluable,750,750,1.0,1.0,,0.01361904761904762,9.523809523809524e-05,750,10500,10,38,0,0,750,10500,0.0009523809523809524,0.050666666666666665,0.0009523809523809524,0.050666666666666665,,,,,,,,,,,,,,,,,,,,,,,,
validation,native,ecapa_whole,n1,max_2s,verification,eer_operating,0.5216435263688227,evaluable,750,750,1.0,1.0,,0.01361904761904762,9.523809523809524e-05,750,10500,143,10,0,0,750,10500,0.01361904761904762,0.013333333333333334,0.01361904761904762,0.013333333333333334,,,,,,,,,,,,,,,,,,,,,,,,
validation,native,ecapa_whole,n1,max_3s,cross_text_verification,far_1pct,0.5659455666924915,evaluable,450,450,1.0,1.0,,0.0022222222222222222,0.00015873015873015873,450,6300,72,0,0,0,450,6300,0.011428571428571429,0.0,0.011428571428571429,0.0,,,,,,,,,,,,,,,,,,,,,,,,
validation,native,ecapa_whole,n1,max_3s,cross_text_verification,far_0_1pct,0.6264048003951008,evaluable,450,450,1.0,1.0,,0.0022222222222222222,0.00015873015873015873,450,6300,10,1,0,0,450,6300,0.0015873015873015873,0.0022222222222222222,0.0015873015873015873,0.0022222222222222222,,,,,,,,,,,,,,,,,,,,,,,,
validation,native,ecapa_whole,n1,max_3s,cross_text_verification,eer_operating,0.596059389811478,evaluable,450,450,1.0,1.0,,0.0022222222222222222,0.00015873015873015873,450,6300,33,0,0,0,450,6300,0.005238095238095238,0.0,0.005238095238095238,0.0,,,,,,,,,,,,,,,,,,,,,,,,
validation,native,ecapa_whole,n1,max_3s,verification,far_1pct,0.5659455666924915,evaluable,750,750,1.0,1.0,,0.004,9.523809523809524e-05,750,10500,105,3,0,0,750,10500,0.01,0.004,0.01,0.004,,,,,,,,,,,,,,,,,,,,,,,,
validation,native,ecapa_whole,n1,max_3s,verification,far_0_1pct,0.6264048003951008,evaluable,750,750,1.0,1.0,,0.004,9.523809523809524e-05,750,10500,10,8,0,0,750,10500,0.0009523809523809524,0.010666666666666666,0.0009523809523809524,0.010666666666666666,,,,,,,,,,,,,,,,,,,,,,,,
validation,native,ecapa_whole,n1,max_3s,verification,eer_operating,0.596059389811478,evaluable,750,750,1.0,1.0,,0.004,9.523809523809524e-05,750,10500,42,3,0,0,750,10500,0.004,0.004,0.004,0.004,,,,,,,,,,,,,,,,,,,,,,,,
validation,native,ecapa_whole,n1,max_5s,cross_text_verification,far_1pct,0.5952207698945545,evaluable,450,450,1.0,1.0,,0.0019047619047619048,0.00015873015873015873,450,6300,60,0,0,0,450,6300,0.009523809523809525,0.0,0.009523809523809525,0.0,,,,,,,,,,,,,,,,,,,,,,,,
validation,native,ecapa_whole,n1,max_5s,cross_text_verification,far_0_1pct,0.64627680235742,evaluable,450,450,1.0,1.0,,0.0019047619047619048,0.00015873015873015873,450,6300,9,1,0,0,450,6300,0.0014285714285714286,0.0022222222222222222,0.0014285714285714286,0.0022222222222222222,,,,,,,,,,,,,,,,,,,,,,,,
validation,native,ecapa_whole,n1,max_5s,cross_text_verification,eer_operating,0.658082201844573,evaluable,450,450,1.0,1.0,,0.0019047619047619048,0.00015873015873015873,450,6300,4,2,0,0,450,6300,0.0006349206349206349,0.0044444444444444444,0.0006349206349206349,0.0044444444444444444,,,,,,,,,,,,,,,,,,,,,,,,
validation,native,ecapa_whole,n1,max_5s,verification,far_1pct,0.5952207698945545,evaluable,750,750,1.0,1.0,,0.00028571428571428574,9.523809523809524e-05,750,10500,105,0,0,0,750,10500,0.01,0.0,0.01,0.0,,,,,,,,,,,,,,,,,,,,,,,,
validation,native,ecapa_whole,n1,max_5s,verification,far_0_1pct,0.64627680235742,evaluable,750,750,1.0,1.0,,0.00028571428571428574,9.523809523809524e-05,750,10500,10,0,0,0,750,10500,0.0009523809523809524,0.0,0.0009523809523809524,0.0,,,,,,,,,,,,,,,,,,,,,,,,
validation,native,ecapa_whole,n1,max_5s,verification,eer_operating,0.658082201844573,evaluable,750,750,1.0,1.0,,0.00028571428571428574,9.523809523809524e-05,750,10500,3,0,0,0,750,10500,0.00028571428571428574,0.0,0.00028571428571428574,0.0,,,,,,,,,,,,,,,,,,,,,,,,
validation,native,ecapa_whole,n10,full,cross_text_verification,far_1pct,0.6216060476218371,evaluable,450,450,1.0,1.0,,0.0011111111111111111,0.00015873015873015873,450,6300,40,0,0,0,450,6300,0.006349206349206349,0.0,0.006349206349206349,0.0,,,,,,,,,,,,,,,,,,,,,,,,
validation,native,ecapa_whole,n10,full,cross_text_verification,far_0_1pct,0.674060846233041,evaluable,450,450,1.0,1.0,,0.0011111111111111111,0.00015873015873015873,450,6300,2,3,0,0,450,6300,0.00031746031746031746,0.006666666666666667,0.00031746031746031746,0.006666666666666667,,,,,,,,,,,,,,,,,,,,,,,,
validation,native,ecapa_whole,n10,full,cross_text_verification,eer_operating,0.7034869456988823,evaluable,450,450,1.0,1.0,,0.0011111111111111111,0.00015873015873015873,450,6300,0,6,0,0,450,6300,0.0,0.013333333333333334,0.0,0.013333333333333334,,,,,,,,,,,,,,,,,,,,,,,,
validation,native,ecapa_whole,n10,full,verification,far_1pct,0.6216060476218371,evaluable,750,750,1.0,1.0,,0.0,9.523809523809524e-05,750,10500,105,0,0,0,750,10500,0.01,0.0,0.01,0.0,,,,,,,,,,,,,,,,,,,,,,,,
validation,native,ecapa_whole,n10,full,verification,far_0_1pct,0.674060846233041,evaluable,750,750,1.0,1.0,,0.0,9.523809523809524e-05,750,10500,10,0,0,0,750,10500,0.0009523809523809524,0.0,0.0009523809523809524,0.0,,,,,,,,,,,,,,,,,,,,,,,,
validation,native,ecapa_whole,n10,full,verification,eer_operating,0.7034869456988823,evaluable,750,750,1.0,1.0,,0.0,9.523809523809524e-05,750,10500,0,0,0,0,750,10500,0.0,0.0,0.0,0.0,,,,,,,,,,,,,,,,,,,,,,,,
validation,native,ecapa_whole,n10,max_1s,cross_text_verification,far_1pct,0.46412568124353315,evaluable,450,450,1.0,1.0,,0.06873015873015872,0.00015873015873015873,450,6300,82,68,0,0,450,6300,0.013015873015873015,0.1511111111111111,0.013015873015873015,0.1511111111111111,,,,,,,,,,,,,,,,,,,,,,,,
validation,native,ecapa_whole,n10,max_1s,cross_text_verification,far_0_1pct,0.5412096226940666,evaluable,450,450,1.0,1.0,,0.06873015873015872,0.00015873015873015873,450,6300,11,150,0,0,450,6300,0.001746031746031746,0.3333333333333333,0.001746031746031746,0.3333333333333333,,,,,,,,,,,,,,,,,,,,,,,,
validation,native,ecapa_whole,n10,max_1s,cross_text_verification,eer_operating,0.3715314405256346,evaluable,450,450,1.0,1.0,,0.06873015873015872,0.00015873015873015873,450,6300,372,31,0,0,450,6300,0.05904761904761905,0.06888888888888889,0.05904761904761905,0.06888888888888889,,,,,,,,,,,,,,,,,,,,,,,,
validation,native,ecapa_whole,n10,max_1s,verification,far_1pct,0.46412568124353315,evaluable,750,750,1.0,1.0,,0.05333333333333334,9.523809523809524e-05,750,10500,105,109,0,0,750,10500,0.01,0.14533333333333334,0.01,0.14533333333333334,,,,,,,,,,,,,,,,,,,,,,,,
validation,native,ecapa_whole,n10,max_1s,verification,far_0_1pct,0.5412096226940666,evaluable,750,750,1.0,1.0,,0.05333333333333334,9.523809523809524e-05,750,10500,10,259,0,0,750,10500,0.0009523809523809524,0.3453333333333333,0.0009523809523809524,0.3453333333333333,,,,,,,,,,,,,,,,,,,,,,,,
validation,native,ecapa_whole,n10,max_1s,verification,eer_operating,0.3715314405256346,evaluable,750,750,1.0,1.0,,0.05333333333333334,9.523809523809524e-05,750,10500,560,40,0,0,750,10500,0.05333333333333334,0.05333333333333334,0.05333333333333334,0.05333333333333334,,,,,,,,,,,,,,,,,,,,,,,,
validation,native,ecapa_whole,n10,max_2s,cross_text_verification,far_1pct,0.5382914240888447,evaluable,450,450,1.0,1.0,,0.011111111111111112,0.00015873015873015873,450,6300,79,5,0,0,450,6300,0.01253968253968254,0.011111111111111112,0.01253968253968254,0.011111111111111112,,,,,,,,,,,,,,,,,,,,,,,,
validation,native,ecapa_whole,n10,max_2s,cross_text_verification,far_0_1pct,0.6014961579508048,evaluable,450,450,1.0,1.0,,0.011111111111111112,0.00015873015873015873,450,6300,7,17,0,0,450,6300,0.0011111111111111111,0.03777777777777778,0.0011111111111111111,0.03777777777777778,,,,,,,,,,,,,,,,,,,,,,,,
validation,native,ecapa_whole,n10,max_2s,cross_text_verification,eer_operating,0.5321875741923104,evaluable,450,450,1.0,1.0,,0.011111111111111112,0.00015873015873015873,450,6300,89,5,0,0,450,6300,0.014126984126984127,0.011111111111111112,0.014126984126984127,0.011111111111111112,,,,,,,,,,,,,,,,,,,,,,,,
validation,native,ecapa_whole,n10,max_2s,verification,far_1pct,0.5382914240888447,evaluable,750,750,1.0,1.0,,0.012,9.523809523809524e-05,750,10500,105,9,0,0,750,10500,0.01,0.012,0.01,0.012,,,,,,,,,,,,,,,,,,,,,,,,
validation,native,ecapa_whole,n10,max_2s,verification,far_0_1pct,0.6014961579508048,evaluable,750,750,1.0,1.0,,0.012,9.523809523809524e-05,750,10500,10,33,0,0,750,10500,0.0009523809523809524,0.044,0.0009523809523809524,0.044,,,,,,,,,,,,,,,,,,,,,,,,
validation,native,ecapa_whole,n10,max_2s,verification,eer_operating,0.5321875741923104,evaluable,750,750,1.0,1.0,,0.012,9.523809523809524e-05,750,10500,126,9,0,0,750,10500,0.012,0.012,0.012,0.012,,,,,,,,,,,,,,,,,,,,,,,,
validation,native,ecapa_whole,n10,max_3s,cross_text_verification,far_1pct,0.5719370394048932,evaluable,450,450,1.0,1.0,,0.0022222222222222222,0.00015873015873015873,450,6300,80,0,0,0,450,6300,0.012698412698412698,0.0,0.012698412698412698,0.0,,,,,,,,,,,,,,,,,,,,,,,,
validation,native,ecapa_whole,n10,max_3s,cross_text_verification,far_0_1pct,0.6310030390124959,evaluable,450,450,1.0,1.0,,0.0022222222222222222,0.00015873015873015873,450,6300,10,1,0,0,450,6300,0.0015873015873015873,0.0022222222222222222,0.0015873015873015873,0.0022222222222222222,,,,,,,,,,,,,,,,,,,,,,,,
validation,native,ecapa_whole,n10,max_3s,cross_text_verification,eer_operating,0.6023783272614075,evaluable,450,450,1.0,1.0,,0.0022222222222222222,0.00015873015873015873,450,6300,25,0,0,0,450,6300,0.003968253968253968,0.0,0.003968253968253968,0.0,,,,,,,,,,,,,,,,,,,,,,,,
validation,native,ecapa_whole,n10,max_3s,verification,far_1pct,0.5719370394048932,evaluable,750,750,1.0,1.0,,0.004,9.523809523809524e-05,750,10500,105,2,0,0,750,10500,0.01,0.0026666666666666666,0.01,0.0026666666666666666,,,,,,,,,,,,,,,,,,,,,,,,
validation,native,ecapa_whole,n10,max_3s,verification,far_0_1pct,0.6310030390124959,evaluable,750,750,1.0,1.0,,0.004,9.523809523809524e-05,750,10500,10,3,0,0,750,10500,0.0009523809523809524,0.004,0.0009523809523809524,0.004,,,,,,,,,,,,,,,,,,,,,,,,
validation,native,ecapa_whole,n10,max_3s,verification,eer_operating,0.6023783272614075,evaluable,750,750,1.0,1.0,,0.004,9.523809523809524e-05,750,10500,42,3,0,0,750,10500,0.004,0.004,0.004,0.004,,,,,,,,,,,,,,,,,,,,,,,,
validation,native,ecapa_whole,n10,max_5s,cross_text_verification,far_1pct,0.5997538859746011,evaluable,450,450,1.0,1.0,,0.0007936507936507937,0.00015873015873015873,450,6300,60,0,0,0,450,6300,0.009523809523809525,0.0,0.009523809523809525,0.0,,,,,,,,,,,,,,,,,,,,,,,,
validation,native,ecapa_whole,n10,max_5s,cross_text_verification,far_0_1pct,0.6553309142894372,evaluable,450,450,1.0,1.0,,0.0007936507936507937,0.00015873015873015873,450,6300,5,1,0,0,450,6300,0.0007936507936507937,0.0022222222222222222,0.0007936507936507937,0.0022222222222222222,,,,,,,,,,,,,,,,,,,,,,,,
validation,native,ecapa_whole,n10,max_5s,cross_text_verification,eer_operating,0.6861716587156762,evaluable,450,450,1.0,1.0,,0.0007936507936507937,0.00015873015873015873,450,6300,1,3,0,0,450,6300,0.00015873015873015873,0.006666666666666667,0.00015873015873015873,0.006666666666666667,,,,,,,,,,,,,,,,,,,,,,,,
validation,native,ecapa_whole,n10,max_5s,verification,far_1pct,0.5997538859746011,evaluable,750,750,1.0,1.0,,0.0,9.523809523809524e-05,750,10500,105,0,0,0,750,10500,0.01,0.0,0.01,0.0,,,,,,,,,,,,,,,,,,,,,,,,
validation,native,ecapa_whole,n10,max_5s,verification,far_0_1pct,0.6553309142894372,evaluable,750,750,1.0,1.0,,0.0,9.523809523809524e-05,750,10500,10,0,0,0,750,10500,0.0009523809523809524,0.0,0.0009523809523809524,0.0,,,,,,,,,,,,,,,,,,,,,,,,
validation,native,ecapa_whole,n10,max_5s,verification,eer_operating,0.6861716587156762,evaluable,750,750,1.0,1.0,,0.0,9.523809523809524e-05,750,10500,0,0,0,0,750,10500,0.0,0.0,0.0,0.0,,,,,,,,,,,,,,,,,,,,,,,,
validation,native,ecapa_whole,n5,full,cross_text_verification,far_1pct,0.617713637568014,evaluable,450,450,1.0,1.0,,0.0011111111111111111,0.00015873015873015873,450,6300,40,0,0,0,450,6300,0.006349206349206349,0.0,0.006349206349206349,0.0,,,,,,,,,,,,,,,,,,,,,,,,
validation,native,ecapa_whole,n5,full,cross_text_verification,far_0_1pct,0.666663315516019,evaluable,450,450,1.0,1.0,,0.0011111111111111111,0.00015873015873015873,450,6300,3,1,0,0,450,6300,0.0004761904761904762,0.0022222222222222222,0.0004761904761904762,0.0022222222222222222,,,,,,,,,,,,,,,,,,,,,,,,
validation,native,ecapa_whole,n5,full,cross_text_verification,eer_operating,0.6942138195683939,evaluable,450,450,1.0,1.0,,0.0011111111111111111,0.00015873015873015873,450,6300,0,4,0,0,450,6300,0.0,0.008888888888888889,0.0,0.008888888888888889,,,,,,,,,,,,,,,,,,,,,,,,
validation,native,ecapa_whole,n5,full,verification,far_1pct,0.617713637568014,evaluable,750,750,1.0,1.0,,9.523809523809524e-05,9.523809523809524e-05,750,10500,105,0,0,0,750,10500,0.01,0.0,0.01,0.0,,,,,,,,,,,,,,,,,,,,,,,,
validation,native,ecapa_whole,n5,full,verification,far_0_1pct,0.666663315516019,evaluable,750,750,1.0,1.0,,9.523809523809524e-05,9.523809523809524e-05,750,10500,10,0,0,0,750,10500,0.0009523809523809524,0.0,0.0009523809523809524,0.0,,,,,,,,,,,,,,,,,,,,,,,,
validation,native,ecapa_whole,n5,full,verification,eer_operating,0.6942138195683939,evaluable,750,750,1.0,1.0,,9.523809523809524e-05,9.523809523809524e-05,750,10500,1,0,0,0,750,10500,9.523809523809524e-05,0.0,9.523809523809524e-05,0.0,,,,,,,,,,,,,,,,,,,,,,,,
validation,native,ecapa_whole,n5,max_1s,cross_text_verification,far_1pct,0.46119755102231275,evaluable,450,450,1.0,1.0,,0.06888888888888889,0.00015873015873015873,450,6300,80,66,0,0,450,6300,0.012698412698412698,0.14666666666666667,0.012698412698412698,0.14666666666666667,,,,,,,,,,,,,,,,,,,,,,,,
validation,native,ecapa_whole,n5,max_1s,cross_text_verification,far_0_1pct,0.5374935406700507,evaluable,450,450,1.0,1.0,,0.06888888888888889,0.00015873015873015873,450,6300,11,149,0,0,450,6300,0.001746031746031746,0.33111111111111113,0.001746031746031746,0.33111111111111113,,,,,,,,,,,,,,,,,,,,,,,,
validation,native,ecapa_whole,n5,max_1s,cross_text_verification,eer_operating,0.3706229815384466,evaluable,450,450,1.0,1.0,,0.06888888888888889,0.00015873015873015873,450,6300,370,31,0,0,450,6300,0.05873015873015873,0.06888888888888889,0.05873015873015873,0.06888888888888889,,,,,,,,,,,,,,,,,,,,,,,,
validation,native,ecapa_whole,n5,max_1s,verification,far_1pct,0.46119755102231275,evaluable,750,750,1.0,1.0,,0.05333333333333334,9.523809523809524e-05,750,10500,105,109,0,0,750,10500,0.01,0.14533333333333334,0.01,0.14533333333333334,,,,,,,,,,,,,,,,,,,,,,,,
validation,native,ecapa_whole,n5,max_1s,verification,far_0_1pct,0.5374935406700507,evaluable,750,750,1.0,1.0,,0.05333333333333334,9.523809523809524e-05,750,10500,10,260,0,0,750,10500,0.0009523809523809524,0.3466666666666667,0.0009523809523809524,0.3466666666666667,,,,,,,,,,,,,,,,,,,,,,,,
validation,native,ecapa_whole,n5,max_1s,verification,eer_operating,0.3706229815384466,evaluable,750,750,1.0,1.0,,0.05333333333333334,9.523809523809524e-05,750,10500,560,40,0,0,750,10500,0.05333333333333334,0.05333333333333334,0.05333333333333334,0.05333333333333334,,,,,,,,,,,,,,,,,,,,,,,,
validation,native,ecapa_whole,n5,max_2s,cross_text_verification,far_1pct,0.5346328130327561,evaluable,450,450,1.0,1.0,,0.011111111111111112,0.00015873015873015873,450,6300,81,5,0,0,450,6300,0.012857142857142857,0.011111111111111112,0.012857142857142857,0.011111111111111112,,,,,,,,,,,,,,,,,,,,,,,,
validation,native,ecapa_whole,n5,max_2s,cross_text_verification,far_0_1pct,0.5934447748746668,evaluable,450,450,1.0,1.0,,0.011111111111111112,0.00015873015873015873,450,6300,9,16,0,0,450,6300,0.0014285714285714286,0.035555555555555556,0.0014285714285714286,0.035555555555555556,,,,,,,,,,,,,,,,,,,,,,,,
validation,native,ecapa_whole,n5,max_2s,cross_text_verification,eer_operating,0.5291238208980292,evaluable,450,450,1.0,1.0,,0.011111111111111112,0.00015873015873015873,450,6300,94,4,0,0,450,6300,0.014920634920634921,0.008888888888888889,0.014920634920634921,0.008888888888888889,,,,,,,,,,,,,,,,,,,,,,,,
validation,native,ecapa_whole,n5,max_2s,verification,far_1pct,0.5346328130327561,evaluable,750,750,1.0,1.0,,0.012,9.523809523809524e-05,750,10500,105,9,0,0,750,10500,0.01,0.012,0.01,0.012,,,,,,,,,,,,,,,,,,,,,,,,
validation,native,ecapa_whole,n5,max_2s,verification,far_0_1pct,0.5934447748746668,evaluable,750,750,1.0,1.0,,0.012,9.523809523809524e-05,750,10500,10,31,0,0,750,10500,0.0009523809523809524,0.04133333333333333,0.0009523809523809524,0.04133333333333333,,,,,,,,,,,,,,,,,,,,,,,,
validation,native,ecapa_whole,n5,max_2s,verification,eer_operating,0.5291238208980292,evaluable,750,750,1.0,1.0,,0.012,9.523809523809524e-05,750,10500,126,9,0,0,750,10500,0.012,0.012,0.012,0.012,,,,,,,,,,,,,,,,,,,,,,,,
validation,native,ecapa_whole,n5,max_3s,cross_text_verification,far_1pct,0.5677053184909745,evaluable,450,450,1.0,1.0,,0.0022222222222222222,0.00015873015873015873,450,6300,84,0,0,0,450,6300,0.013333333333333334,0.0,0.013333333333333334,0.0,,,,,,,,,,,,,,,,,,,,,,,,
validation,native,ecapa_whole,n5,max_3s,cross_text_verification,far_0_1pct,0.625031521927571,evaluable,450,450,1.0,1.0,,0.0022222222222222222,0.00015873015873015873,450,6300,9,1,0,0,450,6300,0.0014285714285714286,0.0022222222222222222,0.0014285714285714286,0.0022222222222222222,,,,,,,,,,,,,,,,,,,,,,,,
validation,native,ecapa_whole,n5,max_3s,cross_text_verification,eer_operating,0.5985335428166477,evaluable,450,450,1.0,1.0,,0.0022222222222222222,0.00015873015873015873,450,6300,25,0,0,0,450,6300,0.003968253968253968,0.0,0.003968253968253968,0.0,,,,,,,,,,,,,,,,,,,,,,,,
validation,native,ecapa_whole,n5,max_3s,verification,far_1pct,0.5677053184909745,evaluable,750,750,1.0,1.0,,0.004,9.523809523809524e-05,750,10500,105,1,0,0,750,10500,0.01,0.0013333333333333333,0.01,0.0013333333333333333,,,,,,,,,,,,,,,,,,,,,,,,
validation,native,ecapa_whole,n5,max_3s,verification,far_0_1pct,0.625031521927571,evaluable,750,750,1.0,1.0,,0.004,9.523809523809524e-05,750,10500,10,3,0,0,750,10500,0.0009523809523809524,0.004,0.0009523809523809524,0.004,,,,,,,,,,,,,,,,,,,,,,,,
validation,native,ecapa_whole,n5,max_3s,verification,eer_operating,0.5985335428166477,evaluable,750,750,1.0,1.0,,0.004,9.523809523809524e-05,750,10500,42,3,0,0,750,10500,0.004,0.004,0.004,0.004,,,,,,,,,,,,,,,,,,,,,,,,
validation,native,ecapa_whole,n5,max_5s,cross_text_verification,far_1pct,0.5949464602561002,evaluable,450,450,1.0,1.0,,0.0007936507936507937,0.00015873015873015873,450,6300,64,0,0,0,450,6300,0.010158730158730159,0.0,0.010158730158730159,0.0,,,,,,,,,,,,,,,,,,,,,,,,
validation,native,ecapa_whole,n5,max_5s,cross_text_verification,far_0_1pct,0.6504395128779602,evaluable,450,450,1.0,1.0,,0.0007936507936507937,0.00015873015873015873,450,6300,5,0,0,0,450,6300,0.0007936507936507937,0.0,0.0007936507936507937,0.0,,,,,,,,,,,,,,,,,,,,,,,,
validation,native,ecapa_whole,n5,max_5s,cross_text_verification,eer_operating,0.6858622477161435,evaluable,450,450,1.0,1.0,,0.0007936507936507937,0.00015873015873015873,450,6300,0,3,0,0,450,6300,0.0,0.006666666666666667,0.0,0.006666666666666667,,,,,,,,,,,,,,,,,,,,,,,,
validation,native,ecapa_whole,n5,max_5s,verification,far_1pct,0.5949464602561002,evaluable,750,750,1.0,1.0,,0.0,9.523809523809524e-05,750,10500,105,0,0,0,750,10500,0.01,0.0,0.01,0.0,,,,,,,,,,,,,,,,,,,,,,,,
validation,native,ecapa_whole,n5,max_5s,verification,far_0_1pct,0.6504395128779602,evaluable,750,750,1.0,1.0,,0.0,9.523809523809524e-05,750,10500,10,0,0,0,750,10500,0.0009523809523809524,0.0,0.0009523809523809524,0.0,,,,,,,,,,,,,,,,,,,,,,,,
validation,native,ecapa_whole,n5,max_5s,verification,eer_operating,0.6858622477161435,evaluable,750,750,1.0,1.0,,0.0,9.523809523809524e-05,750,10500,0,0,0,0,750,10500,0.0,0.0,0.0,0.0,,,,,,,,,,,,,,,,,,,,,,,,
validation,native,vowel_context20,n1,full,cross_text_verification,far_1pct,0.3907897651178988,evaluable,450,392,0.8711111111111111,1.0,,0.035167638483965015,0.00018221574344023323,392,5488,64,93,58,812,450,6300,0.011661807580174927,0.2372448979591837,0.010158730158730159,0.33555555555555555,,,,,,,,,,,,,,,,,,,,,,,,
validation,native,vowel_context20,n1,full,cross_text_verification,far_0_1pct,0.45947514383011173,evaluable,450,392,0.8711111111111111,1.0,,0.035167638483965015,0.00018221574344023323,392,5488,7,213,58,812,450,6300,0.0012755102040816326,0.5433673469387755,0.0011111111111111111,0.6022222222222222,,,,,,,,,,,,,,,,,,,,,,,,
validation,native,vowel_context20,n1,full,cross_text_verification,eer_operating,0.33887965951035964,evaluable,450,392,0.8711111111111111,1.0,,0.035167638483965015,0.00018221574344023323,392,5488,151,25,58,812,450,6300,0.027514577259475217,0.06377551020408163,0.02396825396825397,0.18444444444444444,,,,,,,,,,,,,,,,,,,,,,,,
validation,native,vowel_context20,n1,full,verification,far_1pct,0.3907897651178988,evaluable,750,735,0.98,1.0,,0.02837706511175899,9.718172983479106e-05,735,10290,102,139,15,210,750,10500,0.009912536443148687,0.1891156462585034,0.009714285714285713,0.20533333333333334,,,,,,,,,,,,,,,,,,,,,,,,
validation,native,vowel_context20,n1,full,verification,far_0_1pct,0.45947514383011173,evaluable,750,735,0.98,1.0,,0.02837706511175899,9.718172983479106e-05,735,10290,10,391,15,210,750,10500,0.0009718172983479105,0.5319727891156463,0.0009523809523809524,0.5413333333333333,,,,,,,,,,,,,,,,,,,,,,,,
validation,native,vowel_context20,n1,full,verification,eer_operating,0.33887965951035964,evaluable,750,735,0.98,1.0,,0.02837706511175899,9.718172983479106e-05,735,10290,292,21,15,210,750,10500,0.02837706511175899,0.02857142857142857,0.02780952380952381,0.048,,,,,,,,,,,,,,,,,,,,,,,,
validation,native,vowel_context20,n1,max_1s,cross_text_verification,far_1pct,0.4313208928791419,not_evaluable,450,28,0.06222222222222222,1.0,jvs016;jvs075;jvs079,,,28,392,3,9,422,5908,450,6300,,,0.0004761904761904762,0.9577777777777777,,,,,,,,,,,,,,,,,,,,,,,,
validation,native,vowel_context20,n1,max_1s,cross_text_verification,far_0_1pct,0.5157331372635746,not_evaluable,450,28,0.06222222222222222,1.0,jvs016;jvs075;jvs079,,,28,392,0,19,422,5908,450,6300,,,0.0,0.98,,,,,,,,,,,,,,,,,,,,,,,,
validation,native,vowel_context20,n1,max_1s,cross_text_verification,eer_operating,0.30290559258298794,not_evaluable,450,28,0.06222222222222222,1.0,jvs016;jvs075;jvs079,,,28,392,27,2,422,5908,450,6300,,,0.004285714285714286,0.9422222222222222,,,,,,,,,,,,,,,,,,,,,,,,
validation,native,vowel_context20,n1,max_1s,verification,far_1pct,0.4313208928791419,evaluable,750,47,0.06266666666666666,1.0,,0.06382978723404255,0.001519756838905775,47,658,6,14,703,9842,750,10500,0.00911854103343465,0.2978723404255319,0.0005714285714285715,0.956,,,,,,,,,,,,,,,,,,,,,,,,
validation,native,vowel_context20,n1,max_1s,verification,far_0_1pct,0.5157331372635746,evaluable,750,47,0.06266666666666666,1.0,,0.06382978723404255,0.001519756838905775,47,658,0,34,703,9842,750,10500,0.0,0.723404255319149,0.0,0.9826666666666667,,,,,,,,,,,,,,,,,,,,,,,,
validation,native,vowel_context20,n1,max_1s,verification,eer_operating,0.30290559258298794,evaluable,750,47,0.06266666666666666,1.0,,0.06382978723404255,0.001519756838905775,47,658,42,3,703,9842,750,10500,0.06382978723404255,0.06382978723404255,0.004,0.9413333333333334,,,,,,,,,,,,,,,,,,,,,,,,
validation,native,vowel_context20,n1,max_2s,cross_text_verification,far_1pct,0.4180801341167334,evaluable,450,192,0.4266666666666667,1.0,,0.05133928571428571,0.0003720238095238095,192,2688,32,56,258,3612,450,6300,0.011904761904761904,0.2916666666666667,0.005079365079365079,0.6977777777777778,,,,,,,,,,,,,,,,,,,,,,,,
validation,native,vowel_context20,n1,max_2s,cross_text_verification,far_0_1pct,0.47160629998241255,evaluable,450,192,0.4266666666666667,1.0,,0.05133928571428571,0.0003720238095238095,192,2688,4,116,258,3612,450,6300,0.001488095238095238,0.6041666666666666,0.0006349206349206349,0.8311111111111111,,,,,,,,,,,,,,,,,,,,,,,,
validation,native,vowel_context20,n1,max_2s,cross_text_verification,eer_operating,0.334120003114473,evaluable,450,192,0.4266666666666667,1.0,,0.05133928571428571,0.0003720238095238095,192,2688,117,18,258,3612,450,6300,0.04352678571428571,0.09375,0.018571428571428572,0.6133333333333333,,,,,,,,,,,,,,,,,,,,,,,,
validation,native,vowel_context20,n1,max_2s,verification,far_1pct,0.4180801341167334,evaluable,750,245,0.32666666666666666,1.0,,0.045481049562682216,0.0002915451895043732,245,3430,34,64,505,7070,750,10500,0.009912536443148687,0.2612244897959184,0.0032380952380952383,0.7586666666666667,,,,,,,,,,,,,,,,,,,,,,,,
validation,native,vowel_context20,n1,max_2s,verification,far_0_1pct,0.47160629998241255,evaluable,750,245,0.32666666666666666,1.0,,0.045481049562682216,0.0002915451895043732,245,3430,3,124,505,7070,750,10500,0.0008746355685131195,0.5061224489795918,0.00028571428571428574,0.8386666666666667,,,,,,,,,,,,,,,,,,,,,,,,
validation,native,vowel_context20,n1,max_2s,verification,eer_operating,0.334120003114473,evaluable,750,245,0.32666666666666666,1.0,,0.045481049562682216,0.0002915451895043732,245,3430,156,11,505,7070,750,10500,0.045481049562682216,0.044897959183673466,0.014857142857142857,0.688,,,,,,,,,,,,,,,,,,,,,,,,
validation,native,vowel_context20,n1,max_3s,cross_text_verification,far_1pct,0.4026551369275174,evaluable,450,324,0.72,1.0,,0.043209876543209874,0.0002204585537918871,324,4536,51,82,126,1764,450,6300,0.011243386243386243,0.25308641975308643,0.008095238095238095,0.4622222222222222,,,,,,,,,,,,,,,,,,,,,,,,
validation,native,vowel_context20,n1,max_3s,cross_text_verification,far_0_1pct,0.4776249151972665,evaluable,450,324,0.72,1.0,,0.043209876543209874,0.0002204585537918871,324,4536,1,203,126,1764,450,6300,0.0002204585537918871,0.6265432098765432,0.00015873015873015873,0.7311111111111112,,,,,,,,,,,,,,,,,,,,,,,,
validation,native,vowel_context20,n1,max_3s,cross_text_verification,eer_operating,0.326183797122815,evaluable,450,324,0.72,1.0,,0.043209876543209874,0.0002204585537918871,324,4536,185,15,126,1764,450,6300,0.040784832451499116,0.046296296296296294,0.029365079365079365,0.31333333333333335,,,,,,,,,,,,,,,,,,,,,,,,
validation,native,vowel_context20,n1,max_3s,verification,far_1pct,0.4026551369275174,evaluable,750,501,0.668,1.0,,0.04220131166238951,0.00014257199885942402,501,7014,70,113,249,3486,750,10500,0.00998003992015968,0.22554890219560877,0.006666666666666667,0.4826666666666667,,,,,,,,,,,,,,,,,,,,,,,,
validation,native,vowel_context20,n1,max_3s,verification,far_0_1pct,0.4776249151972665,evaluable,750,501,0.668,1.0,,0.04220131166238951,0.00014257199885942402,501,7014,7,290,249,3486,750,10500,0.000998003992015968,0.5788423153692615,0.0006666666666666666,0.7186666666666667,,,,,,,,,,,,,,,,,,,,,,,,
validation,native,vowel_context20,n1,max_3s,verification,eer_operating,0.326183797122815,evaluable,750,501,0.668,1.0,,0.04220131166238951,0.00014257199885942402,501,7014,296,21,249,3486,750,10500,0.04220131166238951,0.041916167664670656,0.02819047619047619,0.36,,,,,,,,,,,,,,,,,,,,,,,,
validation,native,vowel_context20,n1,max_5s,cross_text_verification,far_1pct,0.39703821162637426,evaluable,450,382,0.8488888888888889,1.0,,0.03646222887060584,0.00018698578908002991,382,5348,59,98,68,952,450,6300,0.011032161555721766,0.25654450261780104,0.009365079365079364,0.3688888888888889,,,,,,,,,,,,,,,,,,,,,,,,
validation,native,vowel_context20,n1,max_5s,cross_text_verification,far_0_1pct,0.4641904785924624,evaluable,450,382,0.8488888888888889,1.0,,0.03646222887060584,0.00018698578908002991,382,5348,5,217,68,952,450,6300,0.0009349289454001496,0.5680628272251309,0.0007936507936507937,0.6333333333333333,,,,,,,,,,,,,,,,,,,,,,,,
validation,native,vowel_context20,n1,max_5s,cross_text_verification,eer_operating,0.3322179697552199,evaluable,450,382,0.8488888888888889,1.0,,0.03646222887060584,0.00018698578908002991,382,5348,173,18,68,952,450,6300,0.03234854151084517,0.04712041884816754,0.02746031746031746,0.19111111111111112,,,,,,,,,,,,,,,,,,,,,,,,
validation,native,vowel_context20,n1,max_5s,verification,far_1pct,0.39703821162637426,evaluable,750,681,0.908,1.0,,0.035976505139500736,0.00010488777008600797,681,9534,95,148,69,966,750,10500,0.009964338158170757,0.2173274596182085,0.009047619047619047,0.28933333333333333,,,,,,,,,,,,,,,,,,,,,,,,
validation,native,vowel_context20,n1,max_5s,verification,far_0_1pct,0.4641904785924624,evaluable,750,681,0.908,1.0,,0.035976505139500736,0.00010488777008600797,681,9534,9,358,69,966,750,10500,0.0009439899307740718,0.5256975036710719,0.0008571428571428571,0.5693333333333334,,,,,,,,,,,,,,,,,,,,,,,,
validation,native,vowel_context20,n1,max_5s,verification,eer_operating,0.3322179697552199,evaluable,750,681,0.908,1.0,,0.035976505139500736,0.00010488777008600797,681,9534,343,24,69,966,750,10500,0.035976505139500736,0.03524229074889868,0.03266666666666666,0.124,,,,,,,,,,,,,,,,,,,,,,,,
validation,native,vowel_context20,n10,full,cross_text_verification,far_1pct,0.48411963110939893,evaluable,450,392,0.8711111111111111,1.0,,0.007106413994169096,0.00018221574344023323,392,5488,44,1,58,812,450,6300,0.008017492711370262,0.002551020408163265,0.006984126984126984,0.13111111111111112,,,,,,,,,,,,,,,,,,,,,,,,
validation,native,vowel_context20,n10,full,cross_text_verification,far_0_1pct,0.5446004216771375,evaluable,450,392,0.8711111111111111,1.0,,0.007106413994169096,0.00018221574344023323,392,5488,6,27,58,812,450,6300,0.0010932944606413995,0.06887755102040816,0.0009523809523809524,0.18888888888888888,,,,,,,,,,,,,,,,,,,,,,,,
validation,native,vowel_context20,n10,full,cross_text_verification,eer_operating,0.5038881540763741,evaluable,450,392,0.8711111111111111,1.0,,0.007106413994169096,0.00018221574344023323,392,5488,34,5,58,812,450,6300,0.00619533527696793,0.012755102040816327,0.005396825396825397,0.14,,,,,,,,,,,,,,,,,,,,,,,,
validation,native,vowel_context20,n10,full,verification,far_1pct,0.48411963110939893,evaluable,750,735,0.98,1.0,,0.005442176870748299,9.718172983479106e-05,735,10290,102,2,15,210,750,10500,0.009912536443148687,0.0027210884353741495,0.009714285714285713,0.02266666666666667,,,,,,,,,,,,,,,,,,,,,,,,
validation,native,vowel_context20,n10,full,verification,far_0_1pct,0.5446004216771375,evaluable,750,735,0.98,1.0,,0.005442176870748299,9.718172983479106e-05,735,10290,10,15,15,210,750,10500,0.0009718172983479105,0.02040816326530612,0.0009523809523809524,0.04,,,,,,,,,,,,,,,,,,,,,,,,
validation,native,vowel_context20,n10,full,verification,eer_operating,0.5038881540763741,evaluable,750,735,0.98,1.0,,0.005442176870748299,9.718172983479106e-05,735,10290,56,4,15,210,750,10500,0.005442176870748299,0.005442176870748299,0.005333333333333333,0.025333333333333333,,,,,,,,,,,,,,,,,,,,,,,,
validation,native,vowel_context20,n10,max_1s,cross_text_verification,far_1pct,0.5091195135131316,not_evaluable,450,28,0.06222222222222222,1.0,jvs016;jvs075;jvs079,,,28,392,4,1,422,5908,450,6300,,,0.0006349206349206349,0.94,,,,,,,,,,,,,,,,,,,,,,,,
validation,native,vowel_context20,n10,max_1s,cross_text_verification,far_0_1pct,0.5834229803813051,not_evaluable,450,28,0.06222222222222222,1.0,jvs016;jvs075;jvs079,,,28,392,1,5,422,5908,450,6300,,,0.00015873015873015873,0.9488888888888889,,,,,,,,,,,,,,,,,,,,,,,,
validation,native,vowel_context20,n10,max_1s,cross_text_verification,eer_operating,0.5180566891193317,not_evaluable,450,28,0.06222222222222222,1.0,jvs016;jvs075;jvs079,,,28,392,3,1,422,5908,450,6300,,,0.0004761904761904762,0.94,,,,,,,,,,,,,,,,,,,,,,,,
validation,native,vowel_context20,n10,max_1s,verification,far_1pct,0.5091195135131316,evaluable,750,47,0.06266666666666666,1.0,,0.004559270516717325,0.001519756838905775,47,658,6,0,703,9842,750,10500,0.00911854103343465,0.0,0.0005714285714285715,0.9373333333333334,,,,,,,,,,,,,,,,,,,,,,,,
validation,native,vowel_context20,n10,max_1s,verification,far_0_1pct,0.5834229803813051,evaluable,750,47,0.06266666666666666,1.0,,0.004559270516717325,0.001519756838905775,47,658,0,11,703,9842,750,10500,0.0,0.23404255319148937,0.0,0.952,,,,,,,,,,,,,,,,,,,,,,,,
validation,native,vowel_context20,n10,max_1s,verification,eer_operating,0.5180566891193317,evaluable,750,47,0.06266666666666666,1.0,,0.004559270516717325,0.001519756838905775,47,658,3,0,703,9842,750,10500,0.004559270516717325,0.0,0.00028571428571428574,0.9373333333333334,,,,,,,,,,,,,,,,,,,,,,,,
validation,native,vowel_context20,n10,max_2s,cross_text_verification,far_1pct,0.5012077451164373,evaluable,450,192,0.4266666666666667,1.0,,0.011160714285714286,0.0003720238095238095,192,2688,24,3,258,3612,450,6300,0.008928571428571428,0.015625,0.0038095238095238095,0.58,,,,,,,,,,,,,,,,,,,,,,,,
validation,native,vowel_context20,n10,max_2s,cross_text_verification,far_0_1pct,0.575719896002527,evaluable,450,192,0.4266666666666667,1.0,,0.011160714285714286,0.0003720238095238095,192,2688,0,38,258,3612,450,6300,0.0,0.19791666666666666,0.0,0.6577777777777778,,,,,,,,,,,,,,,,,,,,,,,,
validation,native,vowel_context20,n10,max_2s,cross_text_verification,eer_operating,0.49461186265697854,evaluable,450,192,0.4266666666666667,1.0,,0.011160714285714286,0.0003720238095238095,192,2688,27,3,258,3612,450,6300,0.010044642857142858,0.015625,0.004285714285714286,0.58,,,,,,,,,,,,,,,,,,,,,,,,
validation,native,vowel_context20,n10,max_2s,verification,far_1pct,0.5012077451164373,evaluable,750,245,0.32666666666666666,1.0,,0.012244897959183673,0.0002915451895043732,245,3430,34,3,505,7070,750,10500,0.009912536443148687,0.012244897959183673,0.0032380952380952383,0.6773333333333333,,,,,,,,,,,,,,,,,,,,,,,,
validation,native,vowel_context20,n10,max_2s,verification,far_0_1pct,0.575719896002527,evaluable,750,245,0.32666666666666666,1.0,,0.012244897959183673,0.0002915451895043732,245,3430,3,25,505,7070,750,10500,0.0008746355685131195,0.10204081632653061,0.00028571428571428574,0.7066666666666667,,,,,,,,,,,,,,,,,,,,,,,,
validation,native,vowel_context20,n10,max_2s,verification,eer_operating,0.49461186265697854,evaluable,750,245,0.32666666666666666,1.0,,0.012244897959183673,0.0002915451895043732,245,3430,42,3,505,7070,750,10500,0.012244897959183673,0.012244897959183673,0.004,0.6773333333333333,,,,,,,,,,,,,,,,,,,,,,,,
validation,native,vowel_context20,n10,max_3s,cross_text_verification,far_1pct,0.4945120183038734,evaluable,450,324,0.72,1.0,,0.007716049382716049,0.0002204585537918871,324,4536,35,3,126,1764,450,6300,0.007716049382716049,0.009259259259259259,0.005555555555555556,0.2866666666666667,,,,,,,,,,,,,,,,,,,,,,,,
validation,native,vowel_context20,n10,max_3s,cross_text_verification,far_0_1pct,0.5709980790169709,evaluable,450,324,0.72,1.0,,0.007716049382716049,0.0002204585537918871,324,4536,2,50,126,1764,450,6300,0.0004409171075837742,0.15432098765432098,0.00031746031746031746,0.39111111111111113,,,,,,,,,,,,,,,,,,,,,,,,
validation,native,vowel_context20,n10,max_3s,cross_text_verification,eer_operating,0.5108797474022342,evaluable,450,324,0.72,1.0,,0.007716049382716049,0.0002204585537918871,324,4536,25,3,126,1764,450,6300,0.005511463844797178,0.009259259259259259,0.003968253968253968,0.2866666666666667,,,,,,,,,,,,,,,,,,,,,,,,
validation,native,vowel_context20,n10,max_3s,verification,far_1pct,0.4945120183038734,evaluable,750,501,0.668,1.0,,0.006558311947533505,0.00014257199885942402,501,7014,70,1,249,3486,750,10500,0.00998003992015968,0.001996007984031936,0.006666666666666667,0.3333333333333333,,,,,,,,,,,,,,,,,,,,,,,,
validation,native,vowel_context20,n10,max_3s,verification,far_0_1pct,0.5709980790169709,evaluable,750,501,0.668,1.0,,0.006558311947533505,0.00014257199885942402,501,7014,7,46,249,3486,750,10500,0.000998003992015968,0.09181636726546906,0.0006666666666666666,0.3933333333333333,,,,,,,,,,,,,,,,,,,,,,,,
validation,native,vowel_context20,n10,max_3s,verification,eer_operating,0.5108797474022342,evaluable,750,501,0.668,1.0,,0.006558311947533505,0.00014257199885942402,501,7014,46,3,249,3486,750,10500,0.006558311947533505,0.005988023952095809,0.004380952380952381,0.336,,,,,,,,,,,,,,,,,,,,,,,,
validation,native,vowel_context20,n10,max_5s,cross_text_verification,far_1pct,0.4899532591097062,evaluable,450,382,0.8488888888888889,1.0,,0.007853403141361256,0.00018698578908002991,382,5348,45,2,68,952,450,6300,0.008414360508601346,0.005235602094240838,0.007142857142857143,0.15555555555555556,,,,,,,,,,,,,,,,,,,,,,,,
validation,native,vowel_context20,n10,max_5s,cross_text_verification,far_0_1pct,0.5594641815783393,evaluable,450,382,0.8488888888888889,1.0,,0.007853403141361256,0.00018698578908002991,382,5348,4,42,68,952,450,6300,0.0007479431563201197,0.1099476439790576,0.0006349206349206349,0.24444444444444444,,,,,,,,,,,,,,,,,,,,,,,,
validation,native,vowel_context20,n10,max_5s,cross_text_verification,eer_operating,0.5082124882497411,evaluable,450,382,0.8488888888888889,1.0,,0.007853403141361256,0.00018698578908002991,382,5348,29,6,68,952,450,6300,0.005422587883320867,0.015706806282722512,0.004603174603174603,0.16444444444444445,,,,,,,,,,,,,,,,,,,,,,,,
validation,native,vowel_context20,n10,max_5s,verification,far_1pct,0.4899532591097062,evaluable,750,681,0.908,1.0,,0.005873715124816446,0.00010488777008600797,681,9534,95,3,69,966,750,10500,0.009964338158170757,0.004405286343612335,0.009047619047619047,0.096,,,,,,,,,,,,,,,,,,,,,,,,
validation,native,vowel_context20,n10,max_5s,verification,far_0_1pct,0.5594641815783393,evaluable,750,681,0.908,1.0,,0.005873715124816446,0.00010488777008600797,681,9534,9,36,69,966,750,10500,0.0009439899307740718,0.05286343612334802,0.0008571428571428571,0.14,,,,,,,,,,,,,,,,,,,,,,,,
validation,native,vowel_context20,n10,max_5s,verification,eer_operating,0.5082124882497411,evaluable,750,681,0.908,1.0,,0.005873715124816446,0.00010488777008600797,681,9534,56,4,69,966,750,10500,0.005873715124816446,0.005873715124816446,0.005333333333333333,0.09733333333333333,,,,,,,,,,,,,,,,,,,,,,,,
validation,native,vowel_context20,n5,full,cross_text_verification,far_1pct,0.46758138380330755,evaluable,450,392,0.8711111111111111,1.0,,0.009293002915451895,0.00018221574344023323,392,5488,50,7,58,812,450,6300,0.009110787172011662,0.017857142857142856,0.007936507936507936,0.14444444444444443,,,,,,,,,,,,,,,,,,,,,,,,
validation,native,vowel_context20,n5,full,cross_text_verification,far_0_1pct,0.521730294870316,evaluable,450,392,0.8711111111111111,1.0,,0.009293002915451895,0.00018221574344023323,392,5488,10,32,58,812,450,6300,0.0018221574344023323,0.08163265306122448,0.0015873015873015873,0.2,,,,,,,,,,,,,,,,,,,,,,,,
validation,native,vowel_context20,n5,full,cross_text_verification,eer_operating,0.4786839210424531,evaluable,450,392,0.8711111111111111,1.0,,0.009293002915451895,0.00018221574344023323,392,5488,36,11,58,812,450,6300,0.006559766763848397,0.02806122448979592,0.005714285714285714,0.15333333333333332,,,,,,,,,,,,,,,,,,,,,,,,
validation,native,vowel_context20,n5,full,verification,far_1pct,0.46758138380330755,evaluable,750,735,0.98,1.0,,0.006802721088435374,9.718172983479106e-05,735,10290,102,3,15,210,750,10500,0.009912536443148687,0.004081632653061225,0.009714285714285713,0.024,,,,,,,,,,,,,,,,,,,,,,,,
validation,native,vowel_context20,n5,full,verification,far_0_1pct,0.521730294870316,evaluable,750,735,0.98,1.0,,0.006802721088435374,9.718172983479106e-05,735,10290,10,30,15,210,750,10500,0.0009718172983479105,0.04081632653061224,0.0009523809523809524,0.06,,,,,,,,,,,,,,,,,,,,,,,,
validation,native,vowel_context20,n5,full,verification,eer_operating,0.4786839210424531,evaluable,750,735,0.98,1.0,,0.006802721088435374,9.718172983479106e-05,735,10290,70,5,15,210,750,10500,0.006802721088435374,0.006802721088435374,0.006666666666666667,0.02666666666666667,,,,,,,,,,,,,,,,,,,,,,,,
validation,native,vowel_context20,n5,max_1s,cross_text_verification,far_1pct,0.49082421626815237,not_evaluable,450,28,0.06222222222222222,1.0,jvs016;jvs075;jvs079,,,28,392,4,2,422,5908,450,6300,,,0.0006349206349206349,0.9422222222222222,,,,,,,,,,,,,,,,,,,,,,,,
validation,native,vowel_context20,n5,max_1s,cross_text_verification,far_0_1pct,0.54587137553185,not_evaluable,450,28,0.06222222222222222,1.0,jvs016;jvs075;jvs079,,,28,392,1,3,422,5908,450,6300,,,0.00015873015873015873,0.9444444444444444,,,,,,,,,,,,,,,,,,,,,,,,
validation,native,vowel_context20,n5,max_1s,cross_text_verification,eer_operating,0.48364432822237624,not_evaluable,450,28,0.06222222222222222,1.0,jvs016;jvs075;jvs079,,,28,392,5,2,422,5908,450,6300,,,0.0007936507936507937,0.9422222222222222,,,,,,,,,,,,,,,,,,,,,,,,
validation,native,vowel_context20,n5,max_1s,verification,far_1pct,0.49082421626815237,evaluable,750,47,0.06266666666666666,1.0,,0.013677811550151976,0.001519756838905775,47,658,6,1,703,9842,750,10500,0.00911854103343465,0.02127659574468085,0.0005714285714285715,0.9386666666666666,,,,,,,,,,,,,,,,,,,,,,,,
validation,native,vowel_context20,n5,max_1s,verification,far_0_1pct,0.54587137553185,evaluable,750,47,0.06266666666666666,1.0,,0.013677811550151976,0.001519756838905775,47,658,0,8,703,9842,750,10500,0.0,0.1702127659574468,0.0,0.948,,,,,,,,,,,,,,,,,,,,,,,,
validation,native,vowel_context20,n5,max_1s,verification,eer_operating,0.48364432822237624,evaluable,750,47,0.06266666666666666,1.0,,0.013677811550151976,0.001519756838905775,47,658,9,1,703,9842,750,10500,0.013677811550151976,0.02127659574468085,0.0008571428571428571,0.9386666666666666,,,,,,,,,,,,,,,,,,,,,,,,
validation,native,vowel_context20,n5,max_2s,cross_text_verification,far_1pct,0.48959546705422036,evaluable,450,192,0.4266666666666667,1.0,,0.010416666666666666,0.0003720238095238095,192,2688,21,3,258,3612,450,6300,0.0078125,0.015625,0.0033333333333333335,0.58,,,,,,,,,,,,,,,,,,,,,,,,
validation,native,vowel_context20,n5,max_2s,cross_text_verification,far_0_1pct,0.5495967760396979,evaluable,450,192,0.4266666666666667,1.0,,0.010416666666666666,0.0003720238095238095,192,2688,2,38,258,3612,450,6300,0.000744047619047619,0.19791666666666666,0.00031746031746031746,0.6577777777777778,,,,,,,,,,,,,,,,,,,,,,,,
validation,native,vowel_context20,n5,max_2s,cross_text_verification,eer_operating,0.48441688322931814,evaluable,450,192,0.4266666666666667,1.0,,0.010416666666666666,0.0003720238095238095,192,2688,22,3,258,3612,450,6300,0.00818452380952381,0.015625,0.003492063492063492,0.58,,,,,,,,,,,,,,,,,,,,,,,,
validation,native,vowel_context20,n5,max_2s,verification,far_1pct,0.48959546705422036,evaluable,750,245,0.32666666666666666,1.0,,0.012244897959183673,0.0002915451895043732,245,3430,34,4,505,7070,750,10500,0.009912536443148687,0.0163265306122449,0.0032380952380952383,0.6786666666666666,,,,,,,,,,,,,,,,,,,,,,,,
validation,native,vowel_context20,n5,max_2s,verification,far_0_1pct,0.5495967760396979,evaluable,750,245,0.32666666666666666,1.0,,0.012244897959183673,0.0002915451895043732,245,3430,3,28,505,7070,750,10500,0.0008746355685131195,0.11428571428571428,0.00028571428571428574,0.7106666666666667,,,,,,,,,,,,,,,,,,,,,,,,
validation,native,vowel_context20,n5,max_2s,verification,eer_operating,0.48441688322931814,evaluable,750,245,0.32666666666666666,1.0,,0.012244897959183673,0.0002915451895043732,245,3430,42,3,505,7070,750,10500,0.012244897959183673,0.012244897959183673,0.004,0.6773333333333333,,,,,,,,,,,,,,,,,,,,,,,,
validation,native,vowel_context20,n5,max_3s,cross_text_verification,far_1pct,0.47892687002771933,evaluable,450,324,0.72,1.0,,0.009259259259259259,0.0002204585537918871,324,4536,32,8,126,1764,450,6300,0.007054673721340388,0.024691358024691357,0.005079365079365079,0.29777777777777775,,,,,,,,,,,,,,,,,,,,,,,,
validation,native,vowel_context20,n5,max_3s,cross_text_verification,far_0_1pct,0.5507119966843891,evaluable,450,324,0.72,1.0,,0.009259259259259259,0.0002204585537918871,324,4536,1,67,126,1764,450,6300,0.0002204585537918871,0.20679012345679013,0.00015873015873015873,0.4288888888888889,,,,,,,,,,,,,,,,,,,,,,,,
validation,native,vowel_context20,n5,max_3s,cross_text_verification,eer_operating,0.4727687401853091,evaluable,450,324,0.72,1.0,,0.009259259259259259,0.0002204585537918871,324,4536,37,6,126,1764,450,6300,0.008156966490299823,0.018518518518518517,0.005873015873015873,0.29333333333333333,,,,,,,,,,,,,,,,,,,,,,,,
validation,native,vowel_context20,n5,max_3s,verification,far_1pct,0.47892687002771933,evaluable,750,501,0.668,1.0,,0.011976047904191617,0.00014257199885942402,501,7014,70,7,249,3486,750,10500,0.00998003992015968,0.013972055888223553,0.006666666666666667,0.3413333333333333,,,,,,,,,,,,,,,,,,,,,,,,
validation,native,vowel_context20,n5,max_3s,verification,far_0_1pct,0.5507119966843891,evaluable,750,501,0.668,1.0,,0.011976047904191617,0.00014257199885942402,501,7014,7,73,249,3486,750,10500,0.000998003992015968,0.14570858283433133,0.0006666666666666666,0.42933333333333334,,,,,,,,,,,,,,,,,,,,,,,,
validation,native,vowel_context20,n5,max_3s,verification,eer_operating,0.4727687401853091,evaluable,750,501,0.668,1.0,,0.011976047904191617,0.00014257199885942402,501,7014,84,6,249,3486,750,10500,0.011976047904191617,0.011976047904191617,0.008,0.34,,,,,,,,,,,,,,,,,,,,,,,,
validation,native,vowel_context20,n5,max_5s,cross_text_verification,far_1pct,0.47795598799201117,evaluable,450,382,0.8488888888888889,1.0,,0.010471204188481676,0.00018698578908002991,382,5348,40,10,68,952,450,6300,0.0074794315632011965,0.02617801047120419,0.006349206349206349,0.17333333333333334,,,,,,,,,,,,,,,,,,,,,,,,
validation,native,vowel_context20,n5,max_5s,cross_text_verification,far_0_1pct,0.5344122811557778,evaluable,450,382,0.8488888888888889,1.0,,0.010471204188481676,0.00018698578908002991,382,5348,4,42,68,952,450,6300,0.0007479431563201197,0.1099476439790576,0.0006349206349206349,0.24444444444444444,,,,,,,,,,,,,,,,,,,,,,,,
validation,native,vowel_context20,n5,max_5s,cross_text_verification,eer_operating,0.48335187313873873,evaluable,450,382,0.8488888888888889,1.0,,0.010471204188481676,0.00018698578908002991,382,5348,34,11,68,952,450,6300,0.006357516828721017,0.028795811518324606,0.005396825396825397,0.17555555555555555,,,,,,,,,,,,,,,,,,,,,,,,
validation,native,vowel_context20,n5,max_5s,verification,far_1pct,0.47795598799201117,evaluable,750,681,0.908,1.0,,0.007971470526536606,0.00010488777008600797,681,9534,95,4,69,966,750,10500,0.009964338158170757,0.005873715124816446,0.009047619047619047,0.09733333333333333,,,,,,,,,,,,,,,,,,,,,,,,
validation,native,vowel_context20,n5,max_5s,verification,far_0_1pct,0.5344122811557778,evaluable,750,681,0.908,1.0,,0.007971470526536606,0.00010488777008600797,681,9534,9,51,69,966,750,10500,0.0009439899307740718,0.07488986784140969,0.0008571428571428571,0.16,,,,,,,,,,,,,,,,,,,,,,,,
validation,native,vowel_context20,n5,max_5s,verification,eer_operating,0.48335187313873873,evaluable,750,681,0.908,1.0,,0.007971470526536606,0.00010488777008600797,681,9534,76,5,69,966,750,10500,0.007971470526536606,0.007342143906020558,0.007238095238095238,0.09866666666666667,,,,,,,,,,,,,,,,,,,,,,,,
validation,native,vowel_exact,n1,full,cross_text_verification,far_1pct,0.37496812613021224,evaluable,450,392,0.8711111111111111,1.0,,0.049927113702623906,0.00018221574344023323,392,5488,52,115,58,812,450,6300,0.009475218658892129,0.29336734693877553,0.008253968253968255,0.3844444444444444,,,,,,,,,,,,,,,,,,,,,,,,
validation,native,vowel_exact,n1,full,cross_text_verification,far_0_1pct,0.43475409329918485,evaluable,450,392,0.8711111111111111,1.0,,0.049927113702623906,0.00018221574344023323,392,5488,9,211,58,812,450,6300,0.0016399416909620992,0.5382653061224489,0.0014285714285714286,0.5977777777777777,,,,,,,,,,,,,,,,,,,,,,,,
validation,native,vowel_exact,n1,full,cross_text_verification,eer_operating,0.3128591889129729,evaluable,450,392,0.8711111111111111,1.0,,0.049927113702623906,0.00018221574344023323,392,5488,211,25,58,812,450,6300,0.03844752186588921,0.06377551020408163,0.03349206349206349,0.18444444444444444,,,,,,,,,,,,,,,,,,,,,,,,
validation,native,vowel_exact,n1,full,verification,far_1pct,0.37496812613021224,evaluable,750,735,0.98,1.0,,0.03751214771622935,9.718172983479106e-05,735,10290,102,154,15,210,750,10500,0.009912536443148687,0.20952380952380953,0.009714285714285713,0.22533333333333333,,,,,,,,,,,,,,,,,,,,,,,,
validation,native,vowel_exact,n1,full,verification,far_0_1pct,0.43475409329918485,evaluable,750,735,0.98,1.0,,0.03751214771622935,9.718172983479106e-05,735,10290,10,373,15,210,750,10500,0.0009718172983479105,0.507482993197279,0.0009523809523809524,0.5173333333333333,,,,,,,,,,,,,,,,,,,,,,,,
validation,native,vowel_exact,n1,full,verification,eer_operating,0.3128591889129729,evaluable,750,735,0.98,1.0,,0.03751214771622935,9.718172983479106e-05,735,10290,386,28,15,210,750,10500,0.03751214771622935,0.0380952380952381,0.03676190476190476,0.05733333333333333,,,,,,,,,,,,,,,,,,,,,,,,
validation,native,vowel_exact,n1,max_1s,cross_text_verification,far_1pct,0.4166362125059939,not_evaluable,450,28,0.06222222222222222,1.0,jvs016;jvs075;jvs079,,,28,392,3,7,422,5908,450,6300,,,0.0004761904761904762,0.9533333333333334,,,,,,,,,,,,,,,,,,,,,,,,
validation,native,vowel_exact,n1,max_1s,cross_text_verification,far_0_1pct,0.4777364596105926,not_evaluable,450,28,0.06222222222222222,1.0,jvs016;jvs075;jvs079,,,28,392,0,14,422,5908,450,6300,,,0.0,0.9688888888888889,,,,,,,,,,,,,,,,,,,,,,,,
validation,native,vowel_exact,n1,max_1s,cross_text_verification,eer_operating,0.30611229795180406,not_evaluable,450,28,0.06222222222222222,1.0,jvs016;jvs075;jvs079,,,28,392,28,5,422,5908,450,6300,,,0.0044444444444444444,0.9488888888888889,,,,,,,,,,,,,,,,,,,,,,,,
validation,native,vowel_exact,n1,max_1s,verification,far_1pct,0.4166362125059939,evaluable,750,47,0.06266666666666666,1.0,,0.07598784194528875,0.001519756838905775,47,658,6,17,703,9842,750,10500,0.00911854103343465,0.3617021276595745,0.0005714285714285715,0.96,,,,,,,,,,,,,,,,,,,,,,,,
validation,native,vowel_exact,n1,max_1s,verification,far_0_1pct,0.4777364596105926,evaluable,750,47,0.06266666666666666,1.0,,0.07598784194528875,0.001519756838905775,47,658,0,32,703,9842,750,10500,0.0,0.6808510638297872,0.0,0.98,,,,,,,,,,,,,,,,,,,,,,,,
validation,native,vowel_exact,n1,max_1s,verification,eer_operating,0.30611229795180406,evaluable,750,47,0.06266666666666666,1.0,,0.07598784194528875,0.001519756838905775,47,658,50,4,703,9842,750,10500,0.07598784194528875,0.0851063829787234,0.004761904761904762,0.9426666666666667,,,,,,,,,,,,,,,,,,,,,,,,
validation,native,vowel_exact,n1,max_2s,cross_text_verification,far_1pct,0.3992744266187879,evaluable,450,192,0.4266666666666667,1.0,,0.0703125,0.0003720238095238095,192,2688,33,60,258,3612,450,6300,0.012276785714285714,0.3125,0.005238095238095238,0.7066666666666667,,,,,,,,,,,,,,,,,,,,,,,,
validation,native,vowel_exact,n1,max_2s,cross_text_verification,far_0_1pct,0.4784324754798504,evaluable,450,192,0.4266666666666667,1.0,,0.0703125,0.0003720238095238095,192,2688,0,131,258,3612,450,6300,0.0,0.6822916666666666,0.0,0.8644444444444445,,,,,,,,,,,,,,,,,,,,,,,,
validation,native,vowel_exact,n1,max_2s,cross_text_verification,eer_operating,0.30569040512279877,evaluable,450,192,0.4266666666666667,1.0,,0.0703125,0.0003720238095238095,192,2688,171,16,258,3612,450,6300,0.06361607142857142,0.08333333333333333,0.027142857142857142,0.6088888888888889,,,,,,,,,,,,,,,,,,,,,,,,
validation,native,vowel_exact,n1,max_2s,verification,far_1pct,0.3992744266187879,evaluable,750,245,0.32666666666666666,1.0,,0.05714285714285714,0.0002915451895043732,245,3430,34,70,505,7070,750,10500,0.009912536443148687,0.2857142857142857,0.0032380952380952383,0.7666666666666667,,,,,,,,,,,,,,,,,,,,,,,,
validation,native,vowel_exact,n1,max_2s,verification,far_0_1pct,0.4784324754798504,evaluable,750,245,0.32666666666666666,1.0,,0.05714285714285714,0.0002915451895043732,245,3430,3,157,505,7070,750,10500,0.0008746355685131195,0.6408163265306123,0.00028571428571428574,0.8826666666666667,,,,,,,,,,,,,,,,,,,,,,,,
validation,native,vowel_exact,n1,max_2s,verification,eer_operating,0.30569040512279877,evaluable,750,245,0.32666666666666666,1.0,,0.05714285714285714,0.0002915451895043732,245,3430,196,14,505,7070,750,10500,0.05714285714285714,0.05714285714285714,0.018666666666666668,0.692,,,,,,,,,,,,,,,,,,,,,,,,
validation,native,vowel_exact,n1,max_3s,cross_text_verification,far_1pct,0.38600451149654225,evaluable,450,324,0.72,1.0,,0.05599647266313933,0.0002204585537918871,324,4536,45,91,126,1764,450,6300,0.00992063492063492,0.2808641975308642,0.007142857142857143,0.4822222222222222,,,,,,,,,,,,,,,,,,,,,,,,
validation,native,vowel_exact,n1,max_3s,cross_text_verification,far_0_1pct,0.46123899708143223,evaluable,450,324,0.72,1.0,,0.05599647266313933,0.0002204585537918871,324,4536,0,200,126,1764,450,6300,0.0,0.6172839506172839,0.0,0.7244444444444444,,,,,,,,,,,,,,,,,,,,,,,,
validation,native,vowel_exact,n1,max_3s,cross_text_verification,eer_operating,0.30923760841752407,evaluable,450,324,0.72,1.0,,0.05599647266313933,0.0002204585537918871,324,4536,218,26,126,1764,450,6300,0.04805996472663139,0.08024691358024691,0.0346031746031746,0.3377777777777778,,,,,,,,,,,,,,,,,,,,,,,,
validation,native,vowel_exact,n1,max_3s,verification,far_1pct,0.38600451149654225,evaluable,750,501,0.668,1.0,,0.0499001996007984,0.00014257199885942402,501,7014,70,132,249,3486,750,10500,0.00998003992015968,0.2634730538922156,0.006666666666666667,0.508,,,,,,,,,,,,,,,,,,,,,,,,
validation,native,vowel_exact,n1,max_3s,verification,far_0_1pct,0.46123899708143223,evaluable,750,501,0.668,1.0,,0.0499001996007984,0.00014257199885942402,501,7014,7,304,249,3486,750,10500,0.000998003992015968,0.6067864271457086,0.0006666666666666666,0.7373333333333333,,,,,,,,,,,,,,,,,,,,,,,,
validation,native,vowel_exact,n1,max_3s,verification,eer_operating,0.30923760841752407,evaluable,750,501,0.668,1.0,,0.0499001996007984,0.00014257199885942402,501,7014,350,25,249,3486,750,10500,0.0499001996007984,0.0499001996007984,0.03333333333333333,0.36533333333333334,,,,,,,,,,,,,,,,,,,,,,,,
validation,native,vowel_exact,n1,max_5s,cross_text_verification,far_1pct,0.3792165755130675,evaluable,450,382,0.8488888888888889,1.0,,0.051047120418848166,0.00018698578908002991,382,5348,49,107,68,952,450,6300,0.009162303664921465,0.2801047120418848,0.0077777777777777776,0.3888888888888889,,,,,,,,,,,,,,,,,,,,,,,,
validation,native,vowel_exact,n1,max_5s,cross_text_verification,far_0_1pct,0.44342135971526137,evaluable,450,382,0.8488888888888889,1.0,,0.051047120418848166,0.00018698578908002991,382,5348,3,214,68,952,450,6300,0.0005609573672400897,0.5602094240837696,0.0004761904761904762,0.6266666666666667,,,,,,,,,,,,,,,,,,,,,,,,
validation,native,vowel_exact,n1,max_5s,cross_text_verification,eer_operating,0.3118433331179256,evaluable,450,382,0.8488888888888889,1.0,,0.051047120418848166,0.00018698578908002991,382,5348,220,23,68,952,450,6300,0.04113687359760658,0.060209424083769635,0.03492063492063492,0.20222222222222222,,,,,,,,,,,,,,,,,,,,,,,,
validation,native,vowel_exact,n1,max_5s,verification,far_1pct,0.3792165755130675,evaluable,750,681,0.908,1.0,,0.042584434654919234,0.00010488777008600797,681,9534,95,155,69,966,750,10500,0.009964338158170757,0.2276064610866373,0.009047619047619047,0.2986666666666667,,,,,,,,,,,,,,,,,,,,,,,,
validation,native,vowel_exact,n1,max_5s,verification,far_0_1pct,0.44342135971526137,evaluable,750,681,0.908,1.0,,0.042584434654919234,0.00010488777008600797,681,9534,9,363,69,966,750,10500,0.0009439899307740718,0.5330396475770925,0.0008571428571428571,0.576,,,,,,,,,,,,,,,,,,,,,,,,
validation,native,vowel_exact,n1,max_5s,verification,eer_operating,0.3118433331179256,evaluable,750,681,0.908,1.0,,0.042584434654919234,0.00010488777008600797,681,9534,406,29,69,966,750,10500,0.042584434654919234,0.042584434654919234,0.03866666666666667,0.13066666666666665,,,,,,,,,,,,,,,,,,,,,,,,
validation,native,vowel_exact,n10,full,cross_text_verification,far_1pct,0.4782227879111038,evaluable,450,392,0.8711111111111111,1.0,,0.009475218658892129,0.00018221574344023323,392,5488,43,4,58,812,450,6300,0.00783527696793003,0.01020408163265306,0.006825396825396826,0.13777777777777778,,,,,,,,,,,,,,,,,,,,,,,,
validation,native,vowel_exact,n10,full,cross_text_verification,far_0_1pct,0.5413681840933452,evaluable,450,392,0.8711111111111111,1.0,,0.009475218658892129,0.00018221574344023323,392,5488,5,47,58,812,450,6300,0.0009110787172011661,0.11989795918367346,0.0007936507936507937,0.23333333333333334,,,,,,,,,,,,,,,,,,,,,,,,
validation,native,vowel_exact,n10,full,cross_text_verification,eer_operating,0.502508332899292,evaluable,450,392,0.8711111111111111,1.0,,0.009475218658892129,0.00018221574344023323,392,5488,24,10,58,812,450,6300,0.004373177842565598,0.025510204081632654,0.0038095238095238095,0.1511111111111111,,,,,,,,,,,,,,,,,,,,,,,,
validation,native,vowel_exact,n10,full,verification,far_1pct,0.4782227879111038,evaluable,750,735,0.98,1.0,,0.004761904761904762,9.718172983479106e-05,735,10290,102,2,15,210,750,10500,0.009912536443148687,0.0027210884353741495,0.009714285714285713,0.02266666666666667,,,,,,,,,,,,,,,,,,,,,,,,
validation,native,vowel_exact,n10,full,verification,far_0_1pct,0.5413681840933452,evaluable,750,735,0.98,1.0,,0.004761904761904762,9.718172983479106e-05,735,10290,10,38,15,210,750,10500,0.0009718172983479105,0.05170068027210884,0.0009523809523809524,0.07066666666666667,,,,,,,,,,,,,,,,,,,,,,,,
validation,native,vowel_exact,n10,full,verification,eer_operating,0.502508332899292,evaluable,750,735,0.98,1.0,,0.004761904761904762,9.718172983479106e-05,735,10290,49,4,15,210,750,10500,0.004761904761904762,0.005442176870748299,0.004666666666666667,0.025333333333333333,,,,,,,,,,,,,,,,,,,,,,,,
validation,native,vowel_exact,n10,max_1s,cross_text_verification,far_1pct,0.4838095176391178,not_evaluable,450,28,0.06222222222222222,1.0,jvs016;jvs075;jvs079,,,28,392,6,2,422,5908,450,6300,,,0.0009523809523809524,0.9422222222222222,,,,,,,,,,,,,,,,,,,,,,,,
validation,native,vowel_exact,n10,max_1s,cross_text_verification,far_0_1pct,0.5806285894740782,not_evaluable,450,28,0.06222222222222222,1.0,jvs016;jvs075;jvs079,,,28,392,1,5,422,5908,450,6300,,,0.00015873015873015873,0.9488888888888889,,,,,,,,,,,,,,,,,,,,,,,,
validation,native,vowel_exact,n10,max_1s,cross_text_verification,eer_operating,0.47729924157534104,not_evaluable,450,28,0.06222222222222222,1.0,jvs016;jvs075;jvs079,,,28,392,8,2,422,5908,450,6300,,,0.0012698412698412698,0.9422222222222222,,,,,,,,,,,,,,,,,,,,,,,,
validation,native,vowel_exact,n10,max_1s,verification,far_1pct,0.4838095176391178,evaluable,750,47,0.06266666666666666,1.0,,0.015197568389057751,0.001519756838905775,47,658,6,1,703,9842,750,10500,0.00911854103343465,0.02127659574468085,0.0005714285714285715,0.9386666666666666,,,,,,,,,,,,,,,,,,,,,,,,
validation,native,vowel_exact,n10,max_1s,verification,far_0_1pct,0.5806285894740782,evaluable,750,47,0.06266666666666666,1.0,,0.015197568389057751,0.001519756838905775,47,658,0,11,703,9842,750,10500,0.0,0.23404255319148937,0.0,0.952,,,,,,,,,,,,,,,,,,,,,,,,
validation,native,vowel_exact,n10,max_1s,verification,eer_operating,0.47729924157534104,evaluable,750,47,0.06266666666666666,1.0,,0.015197568389057751,0.001519756838905775,47,658,10,1,703,9842,750,10500,0.015197568389057751,0.02127659574468085,0.0009523809523809524,0.9386666666666666,,,,,,,,,,,,,,,,,,,,,,,,
validation,native,vowel_exact,n10,max_2s,cross_text_verification,far_1pct,0.4990348970790563,evaluable,450,192,0.4266666666666667,1.0,,0.013764880952380952,0.0003720238095238095,192,2688,20,8,258,3612,450,6300,0.00744047619047619,0.041666666666666664,0.0031746031746031746,0.5911111111111111,,,,,,,,,,,,,,,,,,,,,,,,
validation,native,vowel_exact,n10,max_2s,cross_text_verification,far_0_1pct,0.5651145365163728,evaluable,450,192,0.4266666666666667,1.0,,0.013764880952380952,0.0003720238095238095,192,2688,2,40,258,3612,450,6300,0.000744047619047619,0.20833333333333334,0.00031746031746031746,0.6622222222222223,,,,,,,,,,,,,,,,,,,,,,,,
validation,native,vowel_exact,n10,max_2s,cross_text_verification,eer_operating,0.4886724704256717,evaluable,450,192,0.4266666666666667,1.0,,0.013764880952380952,0.0003720238095238095,192,2688,30,5,258,3612,450,6300,0.011160714285714286,0.026041666666666668,0.004761904761904762,0.5844444444444444,,,,,,,,,,,,,,,,,,,,,,,,
validation,native,vowel_exact,n10,max_2s,verification,far_1pct,0.4990348970790563,evaluable,750,245,0.32666666666666666,1.0,,0.012244897959183673,0.0002915451895043732,245,3430,34,3,505,7070,750,10500,0.009912536443148687,0.012244897959183673,0.0032380952380952383,0.6773333333333333,,,,,,,,,,,,,,,,,,,,,,,,
validation,native,vowel_exact,n10,max_2s,verification,far_0_1pct,0.5651145365163728,evaluable,750,245,0.32666666666666666,1.0,,0.012244897959183673,0.0002915451895043732,245,3430,3,35,505,7070,750,10500,0.0008746355685131195,0.14285714285714285,0.00028571428571428574,0.72,,,,,,,,,,,,,,,,,,,,,,,,
validation,native,vowel_exact,n10,max_2s,verification,eer_operating,0.4886724704256717,evaluable,750,245,0.32666666666666666,1.0,,0.012244897959183673,0.0002915451895043732,245,3430,42,3,505,7070,750,10500,0.012244897959183673,0.012244897959183673,0.004,0.6773333333333333,,,,,,,,,,,,,,,,,,,,,,,,
validation,native,vowel_exact,n10,max_3s,cross_text_verification,far_1pct,0.4905037486215814,evaluable,450,324,0.72,1.0,,0.007716049382716049,0.0002204585537918871,324,4536,35,3,126,1764,450,6300,0.007716049382716049,0.009259259259259259,0.005555555555555556,0.2866666666666667,,,,,,,,,,,,,,,,,,,,,,,,
validation,native,vowel_exact,n10,max_3s,cross_text_verification,far_0_1pct,0.5645935991530994,evaluable,450,324,0.72,1.0,,0.007716049382716049,0.0002204585537918871,324,4536,2,77,126,1764,450,6300,0.0004409171075837742,0.23765432098765432,0.00031746031746031746,0.45111111111111113,,,,,,,,,,,,,,,,,,,,,,,,
validation,native,vowel_exact,n10,max_3s,cross_text_verification,eer_operating,0.4905037486215814,evaluable,450,324,0.72,1.0,,0.007716049382716049,0.0002204585537918871,324,4536,35,3,126,1764,450,6300,0.007716049382716049,0.009259259259259259,0.005555555555555556,0.2866666666666667,,,,,,,,,,,,,,,,,,,,,,,,
validation,native,vowel_exact,n10,max_3s,verification,far_1pct,0.4905037486215814,evaluable,750,501,0.668,1.0,,0.00998003992015968,0.00014257199885942402,501,7014,70,5,249,3486,750,10500,0.00998003992015968,0.00998003992015968,0.006666666666666667,0.33866666666666667,,,,,,,,,,,,,,,,,,,,,,,,
validation,native,vowel_exact,n10,max_3s,verification,far_0_1pct,0.5645935991530994,evaluable,750,501,0.668,1.0,,0.00998003992015968,0.00014257199885942402,501,7014,7,77,249,3486,750,10500,0.000998003992015968,0.1536926147704591,0.0006666666666666666,0.43466666666666665,,,,,,,,,,,,,,,,,,,,,,,,
validation,native,vowel_exact,n10,max_3s,verification,eer_operating,0.4905037486215814,evaluable,750,501,0.668,1.0,,0.00998003992015968,0.00014257199885942402,501,7014,70,5,249,3486,750,10500,0.00998003992015968,0.00998003992015968,0.006666666666666667,0.33866666666666667,,,,,,,,,,,,,,,,,,,,,,,,
validation,native,vowel_exact,n10,max_5s,cross_text_verification,far_1pct,0.4804677612551505,evaluable,450,382,0.8488888888888889,1.0,,0.010471204188481676,0.00018698578908002991,382,5348,41,4,68,952,450,6300,0.007666417352281227,0.010471204188481676,0.006507936507936508,0.16,,,,,,,,,,,,,,,,,,,,,,,,
validation,native,vowel_exact,n10,max_5s,cross_text_verification,far_0_1pct,0.5557905671662116,evaluable,450,382,0.8488888888888889,1.0,,0.010471204188481676,0.00018698578908002991,382,5348,3,74,68,952,450,6300,0.0005609573672400897,0.193717277486911,0.0004761904761904762,0.31555555555555553,,,,,,,,,,,,,,,,,,,,,,,,
validation,native,vowel_exact,n10,max_5s,cross_text_verification,eer_operating,0.49963785786718135,evaluable,450,382,0.8488888888888889,1.0,,0.010471204188481676,0.00018698578908002991,382,5348,27,9,68,952,450,6300,0.005048616305160808,0.02356020942408377,0.004285714285714286,0.1711111111111111,,,,,,,,,,,,,,,,,,,,,,,,
validation,native,vowel_exact,n10,max_5s,verification,far_1pct,0.4804677612551505,evaluable,750,681,0.908,1.0,,0.00618837843507447,0.00010488777008600797,681,9534,95,3,69,966,750,10500,0.009964338158170757,0.004405286343612335,0.009047619047619047,0.096,,,,,,,,,,,,,,,,,,,,,,,,
validation,native,vowel_exact,n10,max_5s,verification,far_0_1pct,0.5557905671662116,evaluable,750,681,0.908,1.0,,0.00618837843507447,0.00010488777008600797,681,9534,9,63,69,966,750,10500,0.0009439899307740718,0.09251101321585903,0.0008571428571428571,0.176,,,,,,,,,,,,,,,,,,,,,,,,
validation,native,vowel_exact,n10,max_5s,verification,eer_operating,0.49963785786718135,evaluable,750,681,0.908,1.0,,0.00618837843507447,0.00010488777008600797,681,9534,59,4,69,966,750,10500,0.00618837843507447,0.005873715124816446,0.005619047619047619,0.09733333333333333,,,,,,,,,,,,,,,,,,,,,,,,
validation,native,vowel_exact,n5,full,cross_text_verification,far_1pct,0.4622698113299524,evaluable,450,392,0.8711111111111111,1.0,,0.014941690962099125,0.00018221574344023323,392,5488,47,12,58,812,450,6300,0.008564139941690961,0.030612244897959183,0.0074603174603174605,0.15555555555555556,,,,,,,,,,,,,,,,,,,,,,,,
validation,native,vowel_exact,n5,full,cross_text_verification,far_0_1pct,0.5215929538861043,evaluable,450,392,0.8711111111111111,1.0,,0.014941690962099125,0.00018221574344023323,392,5488,4,68,58,812,450,6300,0.0007288629737609329,0.17346938775510204,0.0006349206349206349,0.28,,,,,,,,,,,,,,,,,,,,,,,,
validation,native,vowel_exact,n5,full,cross_text_verification,eer_operating,0.4758484769113213,evaluable,450,392,0.8711111111111111,1.0,,0.014941690962099125,0.00018221574344023323,392,5488,34,15,58,812,450,6300,0.00619533527696793,0.03826530612244898,0.005396825396825397,0.1622222222222222,,,,,,,,,,,,,,,,,,,,,,,,
validation,native,vowel_exact,n5,full,verification,far_1pct,0.4622698113299524,evaluable,750,735,0.98,1.0,,0.006997084548104956,9.718172983479106e-05,735,10290,102,4,15,210,750,10500,0.009912536443148687,0.005442176870748299,0.009714285714285713,0.025333333333333333,,,,,,,,,,,,,,,,,,,,,,,,
validation,native,vowel_exact,n5,full,verification,far_0_1pct,0.5215929538861043,evaluable,750,735,0.98,1.0,,0.006997084548104956,9.718172983479106e-05,735,10290,10,70,15,210,750,10500,0.0009718172983479105,0.09523809523809523,0.0009523809523809524,0.11333333333333333,,,,,,,,,,,,,,,,,,,,,,,,
validation,native,vowel_exact,n5,full,verification,eer_operating,0.4758484769113213,evaluable,750,735,0.98,1.0,,0.006997084548104956,9.718172983479106e-05,735,10290,72,5,15,210,750,10500,0.006997084548104956,0.006802721088435374,0.006857142857142857,0.02666666666666667,,,,,,,,,,,,,,,,,,,,,,,,
validation,native,vowel_exact,n5,max_1s,cross_text_verification,far_1pct,0.4855178144431471,not_evaluable,450,28,0.06222222222222222,1.0,jvs016;jvs075;jvs079,,,28,392,4,3,422,5908,450,6300,,,0.0006349206349206349,0.9444444444444444,,,,,,,,,,,,,,,,,,,,,,,,
validation,native,vowel_exact,n5,max_1s,cross_text_verification,far_0_1pct,0.5338885705123458,not_evaluable,450,28,0.06222222222222222,1.0,jvs016;jvs075;jvs079,,,28,392,1,6,422,5908,450,6300,,,0.00015873015873015873,0.9511111111111111,,,,,,,,,,,,,,,,,,,,,,,,
validation,native,vowel_exact,n5,max_1s,cross_text_verification,eer_operating,0.4502681915390539,not_evaluable,450,28,0.06222222222222222,1.0,jvs016;jvs075;jvs079,,,28,392,13,1,422,5908,450,6300,,,0.0020634920634920637,0.94,,,,,,,,,,,,,,,,,,,,,,,,
validation,native,vowel_exact,n5,max_1s,verification,far_1pct,0.4855178144431471,evaluable,750,47,0.06266666666666666,1.0,,0.02127659574468085,0.001519756838905775,47,658,6,2,703,9842,750,10500,0.00911854103343465,0.0425531914893617,0.0005714285714285715,0.94,,,,,,,,,,,,,,,,,,,,,,,,
validation,native,vowel_exact,n5,max_1s,verification,far_0_1pct,0.5338885705123458,evaluable,750,47,0.06266666666666666,1.0,,0.02127659574468085,0.001519756838905775,47,658,0,9,703,9842,750,10500,0.0,0.19148936170212766,0.0,0.9493333333333334,,,,,,,,,,,,,,,,,,,,,,,,
validation,native,vowel_exact,n5,max_1s,verification,eer_operating,0.4502681915390539,evaluable,750,47,0.06266666666666666,1.0,,0.02127659574468085,0.001519756838905775,47,658,14,1,703,9842,750,10500,0.02127659574468085,0.02127659574468085,0.0013333333333333333,0.9386666666666666,,,,,,,,,,,,,,,,,,,,,,,,
validation,native,vowel_exact,n5,max_2s,cross_text_verification,far_1pct,0.49014412728860984,evaluable,450,192,0.4266666666666667,1.0,,0.020089285714285716,0.0003720238095238095,192,2688,23,15,258,3612,450,6300,0.00855654761904762,0.078125,0.003650793650793651,0.6066666666666667,,,,,,,,,,,,,,,,,,,,,,,,
validation,native,vowel_exact,n5,max_2s,cross_text_verification,far_0_1pct,0.5353350632654202,evaluable,450,192,0.4266666666666667,1.0,,0.020089285714285716,0.0003720238095238095,192,2688,3,46,258,3612,450,6300,0.0011160714285714285,0.23958333333333334,0.0004761904761904762,0.6755555555555556,,,,,,,,,,,,,,,,,,,,,,,,
validation,native,vowel_exact,n5,max_2s,cross_text_verification,eer_operating,0.4682378571941931,evaluable,450,192,0.4266666666666667,1.0,,0.020089285714285716,0.0003720238095238095,192,2688,41,9,258,3612,450,6300,0.01525297619047619,0.046875,0.006507936507936508,0.5933333333333334,,,,,,,,,,,,,,,,,,,,,,,,
validation,native,vowel_exact,n5,max_2s,verification,far_1pct,0.49014412728860984,evaluable,750,245,0.32666666666666666,1.0,,0.0163265306122449,0.0002915451895043732,245,3430,34,6,505,7070,750,10500,0.009912536443148687,0.024489795918367346,0.0032380952380952383,0.6813333333333333,,,,,,,,,,,,,,,,,,,,,,,,
validation,native,vowel_exact,n5,max_2s,verification,far_0_1pct,0.5353350632654202,evaluable,750,245,0.32666666666666666,1.0,,0.0163265306122449,0.0002915451895043732,245,3430,3,38,505,7070,750,10500,0.0008746355685131195,0.15510204081632653,0.00028571428571428574,0.724,,,,,,,,,,,,,,,,,,,,,,,,
validation,native,vowel_exact,n5,max_2s,verification,eer_operating,0.4682378571941931,evaluable,750,245,0.32666666666666666,1.0,,0.0163265306122449,0.0002915451895043732,245,3430,56,4,505,7070,750,10500,0.0163265306122449,0.0163265306122449,0.005333333333333333,0.6786666666666666,,,,,,,,,,,,,,,,,,,,,,,,
validation,native,vowel_exact,n5,max_3s,cross_text_verification,far_1pct,0.4770310580391128,evaluable,450,324,0.72,1.0,,0.012345679012345678,0.0002204585537918871,324,4536,34,16,126,1764,450,6300,0.007495590828924162,0.04938271604938271,0.005396825396825397,0.31555555555555553,,,,,,,,,,,,,,,,,,,,,,,,
validation,native,vowel_exact,n5,max_3s,cross_text_verification,far_0_1pct,0.5367374644754561,evaluable,450,324,0.72,1.0,,0.012345679012345678,0.0002204585537918871,324,4536,2,86,126,1764,450,6300,0.0004409171075837742,0.2654320987654321,0.00031746031746031746,0.4711111111111111,,,,,,,,,,,,,,,,,,,,,,,,
validation,native,vowel_exact,n5,max_3s,cross_text_verification,eer_operating,0.4607109717773359,evaluable,450,324,0.72,1.0,,0.012345679012345678,0.0002204585537918871,324,4536,47,10,126,1764,450,6300,0.010361552028218694,0.030864197530864196,0.0074603174603174605,0.3022222222222222,,,,,,,,,,,,,,,,,,,,,,,,
validation,native,vowel_exact,n5,max_3s,verification,far_1pct,0.4770310580391128,evaluable,750,501,0.668,1.0,,0.013972055888223553,0.00014257199885942402,501,7014,70,12,249,3486,750,10500,0.00998003992015968,0.023952095808383235,0.006666666666666667,0.348,,,,,,,,,,,,,,,,,,,,,,,,
validation,native,vowel_exact,n5,max_3s,verification,far_0_1pct,0.5367374644754561,evaluable,750,501,0.668,1.0,,0.013972055888223553,0.00014257199885942402,501,7014,7,94,249,3486,750,10500,0.000998003992015968,0.18762475049900199,0.0006666666666666666,0.4573333333333333,,,,,,,,,,,,,,,,,,,,,,,,
validation,native,vowel_exact,n5,max_3s,verification,eer_operating,0.4607109717773359,evaluable,750,501,0.668,1.0,,0.013972055888223553,0.00014257199885942402,501,7014,98,7,249,3486,750,10500,0.013972055888223553,0.013972055888223553,0.009333333333333334,0.3413333333333333,,,,,,,,,,,,,,,,,,,,,,,,
validation,native,vowel_exact,n5,max_5s,cross_text_verification,far_1pct,0.468286299702577,evaluable,450,382,0.8488888888888889,1.0,,0.014958863126402393,0.00018698578908002991,382,5348,43,13,68,952,450,6300,0.008040388930441287,0.034031413612565446,0.006825396825396826,0.18,,,,,,,,,,,,,,,,,,,,,,,,
validation,native,vowel_exact,n5,max_5s,cross_text_verification,far_0_1pct,0.5333983654999243,evaluable,450,382,0.8488888888888889,1.0,,0.014958863126402393,0.00018698578908002991,382,5348,2,91,68,952,450,6300,0.00037397157816005983,0.23821989528795812,0.00031746031746031746,0.35333333333333333,,,,,,,,,,,,,,,,,,,,,,,,
validation,native,vowel_exact,n5,max_5s,cross_text_verification,eer_operating,0.4668532660424282,evaluable,450,382,0.8488888888888889,1.0,,0.014958863126402393,0.00018698578908002991,382,5348,44,13,68,952,450,6300,0.008227374719521317,0.034031413612565446,0.006984126984126984,0.18,,,,,,,,,,,,,,,,,,,,,,,,
validation,native,vowel_exact,n5,max_5s,verification,far_1pct,0.468286299702577,evaluable,750,681,0.908,1.0,,0.010279001468428781,0.00010488777008600797,681,9534,95,8,69,966,750,10500,0.009964338158170757,0.011747430249632892,0.009047619047619047,0.10266666666666667,,,,,,,,,,,,,,,,,,,,,,,,
validation,native,vowel_exact,n5,max_5s,verification,far_0_1pct,0.5333983654999243,evaluable,750,681,0.908,1.0,,0.010279001468428781,0.00010488777008600797,681,9534,9,103,69,966,750,10500,0.0009439899307740718,0.1512481644640235,0.0008571428571428571,0.22933333333333333,,,,,,,,,,,,,,,,,,,,,,,,
validation,native,vowel_exact,n5,max_5s,verification,eer_operating,0.4668532660424282,evaluable,750,681,0.908,1.0,,0.010279001468428781,0.00010488777008600797,681,9534,98,7,69,966,750,10500,0.010279001468428781,0.010279001468428781,0.009333333333333334,0.10133333333333333,,,,,,,,,,,,,,,,,,,,,,,,
test,common,ecapa_whole,n1,full,cross_text_verification,far_1pct,0.615823380972418,evaluable,392,392,1.0,0.8711111111111111,,0.0012755102040816326,0.00018221574344023323,392,5488,18,0,0,0,392,5488,0.0032798833819241984,0.0,0.0032798833819241984,0.0,0.0,0.014162355885687377,10000,0,0.0,0.0,10000,0,0.0,0.014162355885687377,10000,0,0.0,0.0,10000,0,1.0,1.0,10000,0,0.0,0.005115089514066497,10000,0
test,common,ecapa_whole,n1,full,cross_text_verification,far_0_1pct,0.6642427777860023,evaluable,392,392,1.0,0.8711111111111111,,0.0012755102040816326,0.00018221574344023323,392,5488,0,3,0,0,392,5488,0.0,0.007653061224489796,0.0,0.007653061224489796,0.0,0.0,10000,0,0.0,0.015625,10000,0,0.0,0.0,10000,0,0.0,0.015625,10000,0,1.0,1.0,10000,0,0.0,0.005115089514066497,10000,0
test,common,ecapa_whole,n1,full,cross_text_verification,eer_operating,0.6623031111481853,evaluable,392,392,1.0,0.8711111111111111,,0.0012755102040816326,0.00018221574344023323,392,5488,0,3,0,0,392,5488,0.0,0.007653061224489796,0.0,0.007653061224489796,0.0,0.0,10000,0,0.0,0.015625,10000,0,0.0,0.0,10000,0,0.0,0.015625,10000,0,1.0,1.0,10000,0,0.0,0.005115089514066497,10000,0
test,common,ecapa_whole,n1,full,verification,far_1pct,0.615823380972418,evaluable,735,735,1.0,0.98,,0.0,9.718172983479106e-05,735,10290,56,0,0,0,735,10290,0.005442176870748299,0.0,0.005442176870748299,0.0,0.0,0.026592455163883734,10000,0,0.0,0.0,10000,0,0.0,0.026592455163883734,10000,0,0.0,0.0,10000,0,1.0,1.0,10000,0,0.0,0.0,10000,0
test,common,ecapa_whole,n1,full,verification,far_0_1pct,0.6642427777860023,evaluable,735,735,1.0,0.98,,0.0,9.718172983479106e-05,735,10290,9,0,0,0,735,10290,0.0008746355685131195,0.0,0.0008746355685131195,0.0,0.0,0.0049979175343606835,10000,0,0.0,0.0,10000,0,0.0,0.0049979175343606835,10000,0,0.0,0.0,10000,0,1.0,1.0,10000,0,0.0,0.0,10000,0
test,common,ecapa_whole,n1,full,verification,eer_operating,0.6623031111481853,evaluable,735,735,1.0,0.98,,0.0,9.718172983479106e-05,735,10290,9,0,0,0,735,10290,0.0008746355685131195,0.0,0.0008746355685131195,0.0,0.0,0.0049979175343606835,10000,0,0.0,0.0,10000,0,0.0,0.0049979175343606835,10000,0,0.0,0.0,10000,0,1.0,1.0,10000,0,0.0,0.0,10000,0
test,common,ecapa_whole,n1,max_1s,cross_text_verification,far_1pct,0.42059158263257707,not_evaluable,28,28,1.0,0.06222222222222222,jvs003;jvs048,,,28,392,15,0,0,0,28,392,,,0.03826530612244898,0.0,,,,,,,,,0.005127551020408164,0.08896014032860866,10000,0,0.0,0.0,10000,0,1.0,1.0,10000,0,,,,
test,common,ecapa_whole,n1,max_1s,cross_text_verification,far_0_1pct,0.5054001793247156,not_evaluable,28,28,1.0,0.06222222222222222,jvs003;jvs048,,,28,392,1,1,0,0,28,392,,,0.002551020408163265,0.03571428571428571,,,,,,,,,0.0,0.0136986301369863,10000,0,0.0,0.125,10000,0,1.0,1.0,10000,0,,,,
test,common,ecapa_whole,n1,max_1s,cross_text_verification,eer_operating,0.4238065779606443,not_evaluable,28,28,1.0,0.06222222222222222,jvs003;jvs048,,,28,392,15,0,0,0,28,392,,,0.03826530612244898,0.0,,,,,,,,,0.005127551020408164,0.08896014032860866,10000,0,0.0,0.0,10000,0,1.0,1.0,10000,0,,,,
test,common,ecapa_whole,n1,max_1s,verification,far_1pct,0.42059158263257707,not_evaluable,37,37,1.0,0.04933333333333333,jvs006;jvs065,,,37,518,20,1,0,0,37,518,,,0.03861003861003861,0.02702702702702703,,,,,,,,,0.003845419847328245,0.09030906415429607,10000,0,0.0,0.1,10000,0,1.0,1.0,10000,0,,,,
test,common,ecapa_whole,n1,max_1s,verification,far_0_1pct,0.5054001793247156,not_evaluable,37,37,1.0,0.04933333333333333,jvs006;jvs065,,,37,518,7,3,0,0,37,518,,,0.013513513513513514,0.08108108108108109,,,,,,,,,0.0,0.0430327868852459,10000,0,0.0,0.23076923076923078,10000,0,1.0,1.0,10000,0,,,,
test,common,ecapa_whole,n1,max_1s,verification,eer_operating,0.4238065779606443,not_evaluable,37,37,1.0,0.04933333333333333,jvs006;jvs065,,,37,518,19,1,0,0,37,518,,,0.03667953667953668,0.02702702702702703,,,,,,,,,0.003583591627444228,0.08594070184426225,10000,0,0.0,0.1,10000,0,1.0,1.0,10000,0,,,,
test,common,ecapa_whole,n1,max_2s,cross_text_verification,far_1pct,0.5412544385969839,evaluable,197,197,1.0,0.43777777777777777,,0.0018129079042784628,0.00036258158085569254,197,2758,25,0,0,0,197,2758,0.009064539521392313,0.0,0.009064539521392313,0.0,0.0,0.030325173870134017,10000,0,0.0,0.0,10000,0,0.0,0.030325173870134017,10000,0,0.0,0.0,10000,0,1.0,1.0,10000,0,0.0,0.006299336696388127,10000,0
test,common,ecapa_whole,n1,max_2s,cross_text_verification,far_0_1pct,0.609986973977945,evaluable,197,197,1.0,0.43777777777777777,,0.0018129079042784628,0.00036258158085569254,197,2758,3,3,0,0,197,2758,0.0010877447425670776,0.015228426395939087,0.0010877447425670776,0.015228426395939087,0.0,0.00436070330628906,10000,0,0.0,0.038890692640692615,10000,0,0.0,0.00436070330628906,10000,0,0.0,0.038890692640692615,10000,0,1.0,1.0,10000,0,0.0,0.006299336696388127,10000,0
test,common,ecapa_whole,n1,max_2s,cross_text_verification,eer_operating,0.5751836393448907,evaluable,197,197,1.0,0.43777777777777777,,0.0018129079042784628,0.00036258158085569254,197,2758,10,0,0,0,197,2758,0.0036258158085569255,0.0,0.0036258158085569255,0.0,0.0,0.015861627077896248,10000,0,0.0,0.0,10000,0,0.0,0.015861627077896248,10000,0,0.0,0.0,10000,0,1.0,1.0,10000,0,0.0,0.006299336696388127,10000,0
test,common,ecapa_whole,n1,max_2s,verification,far_1pct,0.5412544385969839,evaluable,243,243,1.0,0.324,,0.00411522633744856,0.00029394473838918284,243,3402,30,0,0,0,243,3402,0.008818342151675485,0.0,0.008818342151675485,0.0,0.0,0.027074776413392457,10000,0,0.0,0.0,10000,0,0.0,0.027074776413392457,10000,0,0.0,0.0,10000,0,1.0,1.0,10000,0,0.0,0.009825443526119661,10000,0
test,common,ecapa_whole,n1,max_2s,verification,far_0_1pct,0.609986973977945,evaluable,243,243,1.0,0.324,,0.00411522633744856,0.00029394473838918284,243,3402,0,5,0,0,243,3402,0.0,0.0205761316872428,0.0,0.0205761316872428,0.0,0.0,10000,0,0.0,0.05179517777944821,10000,0,0.0,0.0,10000,0,0.0,0.05179517777944821,10000,0,1.0,1.0,10000,0,0.0,0.009825443526119661,10000,0
test,common,ecapa_whole,n1,max_2s,verification,eer_operating,0.5751836393448907,evaluable,243,243,1.0,0.324,,0.00411522633744856,0.00029394473838918284,243,3402,9,3,0,0,243,3402,0.0026455026455026454,0.012345679012345678,0.0026455026455026454,0.012345679012345678,0.0,0.011935668477684834,10000,0,0.0,0.027649769585253458,10000,0,0.0,0.011935668477684834,10000,0,0.0,0.027649769585253458,10000,0,1.0,1.0,10000,0,0.0,0.009825443526119661,10000,0
test,common,ecapa_whole,n1,max_3s,cross_text_verification,far_1pct,0.5676451787815356,evaluable,335,335,1.0,0.7444444444444445,,0.0021321961620469083,0.00021321961620469082,335,4690,38,0,0,0,335,4690,0.00810234541577825,0.0,0.00810234541577825,0.0,0.0,0.026236286952906262,10000,0,0.0,0.0,10000,0,0.0,0.026236286952906262,10000,0,0.0,0.0,10000,0,1.0,1.0,10000,0,0.0,0.005560704355885079,10000,0
test,common,ecapa_whole,n1,max_3s,cross_text_verification,far_0_1pct,0.6287176556486509,evaluable,335,335,1.0,0.7444444444444445,,0.0021321961620469083,0.00021321961620469082,335,4690,5,1,0,0,335,4690,0.0010660980810234541,0.0029850746268656717,0.0010660980810234541,0.0029850746268656717,0.0,0.0042452830188679245,10000,0,0.0,0.009174311926605505,10000,0,0.0,0.0042452830188679245,10000,0,0.0,0.009174311926605505,10000,0,1.0,1.0,10000,0,0.0,0.005560704355885079,10000,0
test,common,ecapa_whole,n1,max_3s,cross_text_verification,eer_operating,0.61768499170014,evaluable,335,335,1.0,0.7444444444444445,,0.0021321961620469083,0.00021321961620469082,335,4690,6,1,0,0,335,4690,0.001279317697228145,0.0029850746268656717,0.001279317697228145,0.0029850746268656717,0.0,0.00553008145288826,10000,0,0.0,0.009174311926605505,10000,0,0.0,0.00553008145288826,10000,0,0.0,0.009174311926605505,10000,0,1.0,1.0,10000,0,0.0,0.005560704355885079,10000,0
test,common,ecapa_whole,n1,max_3s,verification,far_1pct,0.5676451787815356,evaluable,517,517,1.0,0.6893333333333334,,0.00013815971262779773,0.00013815971262779773,517,7238,52,0,0,0,517,7238,0.007184305056645482,0.0,0.007184305056645482,0.0,0.0,0.02502851047499507,10000,0,0.0,0.0,10000,0,0.0,0.02502851047499507,10000,0,0.0,0.0,10000,0,1.0,1.0,10000,0,0.0,0.0006193916040468139,10000,0
test,common,ecapa_whole,n1,max_3s,verification,far_0_1pct,0.6287176556486509,evaluable,517,517,1.0,0.6893333333333334,,0.00013815971262779773,0.00013815971262779773,517,7238,4,0,0,0,517,7238,0.0005526388505111909,0.0,0.0005526388505111909,0.0,0.0,0.002640089768591012,10000,0,0.0,0.0,10000,0,0.0,0.002640089768591012,10000,0,0.0,0.0,10000,0,1.0,1.0,10000,0,0.0,0.0006193916040468139,10000,0
test,common,ecapa_whole,n1,max_3s,verification,eer_operating,0.61768499170014,evaluable,517,517,1.0,0.6893333333333334,,0.00013815971262779773,0.00013815971262779773,517,7238,8,0,0,0,517,7238,0.0011052777010223818,0.0,0.0011052777010223818,0.0,0.0,0.005298882699004473,10000,0,0.0,0.0,10000,0,0.0,0.005298882699004473,10000,0,0.0,0.0,10000,0,1.0,1.0,10000,0,0.0,0.0006193916040468139,10000,0
test,common,ecapa_whole,n1,max_5s,cross_text_verification,far_1pct,0.5952207698945545,evaluable,387,387,1.0,0.86,,0.0012919896640826874,0.00018456995201181247,387,5418,28,0,0,0,387,5418,0.00516795865633075,0.0,0.00516795865633075,0.0,0.0,0.024054228813818863,10000,0,0.0,0.0,10000,0,0.0,0.024054228813818863,10000,0,0.0,0.0,10000,0,1.0,1.0,10000,0,0.0,0.005194805194805195,10000,0
test,common,ecapa_whole,n1,max_5s,cross_text_verification,far_0_1pct,0.6460151232041919,evaluable,387,387,1.0,0.86,,0.0012919896640826874,0.00018456995201181247,387,5418,2,1,0,0,387,5418,0.00036913990402362494,0.002583979328165375,0.00036913990402362494,0.002583979328165375,0.0,0.002340185013650545,10000,0,0.0,0.007957559681697613,10000,0,0.0,0.002340185013650545,10000,0,0.0,0.007957559681697613,10000,0,1.0,1.0,10000,0,0.0,0.005194805194805195,10000,0
test,common,ecapa_whole,n1,max_5s,cross_text_verification,eer_operating,0.658082201844573,evaluable,387,387,1.0,0.86,,0.0012919896640826874,0.00018456995201181247,387,5418,1,3,0,0,387,5418,0.00018456995201181247,0.007751937984496124,0.00018456995201181247,0.007751937984496124,0.0,0.0011700925068252725,10000,0,0.0,0.015873015873015872,10000,0,0.0,0.0011700925068252725,10000,0,0.0,0.015873015873015872,10000,0,1.0,1.0,10000,0,0.0,0.005194805194805195,10000,0
test,common,ecapa_whole,n1,max_5s,verification,far_1pct,0.5952207698945545,evaluable,674,674,1.0,0.8986666666666666,,0.0,0.000105977108944468,674,9436,66,0,0,0,674,9436,0.006994489190334888,0.0,0.006994489190334888,0.0,0.0,0.029875047064131202,10000,0,0.0,0.0,10000,0,0.0,0.029875047064131202,10000,0,0.0,0.0,10000,0,1.0,1.0,10000,0,0.0,0.0,10000,0
test,common,ecapa_whole,n1,max_5s,verification,far_0_1pct,0.6460151232041919,evaluable,674,674,1.0,0.8986666666666666,,0.0,0.000105977108944468,674,9436,12,0,0,0,674,9436,0.001271725307333616,0.0,0.001271725307333616,0.0,0.0,0.006747714245108721,10000,0,0.0,0.0,10000,0,0.0,0.006747714245108721,10000,0,0.0,0.0,10000,0,1.0,1.0,10000,0,0.0,0.0,10000,0
test,common,ecapa_whole,n1,max_5s,verification,eer_operating,0.658082201844573,evaluable,674,674,1.0,0.8986666666666666,,0.0,0.000105977108944468,674,9436,7,0,0,0,674,9436,0.000741839762611276,0.0,0.000741839762611276,0.0,0.0,0.0040468081000786405,10000,0,0.0,0.0,10000,0,0.0,0.0040468081000786405,10000,0,0.0,0.0,10000,0,1.0,1.0,10000,0,0.0,0.0,10000,0
test,common,ecapa_whole,n10,full,cross_text_verification,far_1pct,0.6213587671475628,evaluable,392,392,1.0,0.8711111111111111,,0.0018221574344023323,0.00018221574344023323,392,5488,22,0,0,0,392,5488,0.004008746355685131,0.0,0.004008746355685131,0.0,0.0,0.01769414717901994,10000,0,0.0,0.0,10000,0,0.0,0.01769414717901994,10000,0,0.0,0.0,10000,0,1.0,1.0,10000,0,0.0,0.007069983038997957,10000,0
test,common,ecapa_whole,n10,full,cross_text_verification,far_0_1pct,0.674060846233041,evaluable,392,392,1.0,0.8711111111111111,,0.0018221574344023323,0.00018221574344023323,392,5488,1,3,0,0,392,5488,0.00018221574344023323,0.007653061224489796,0.00018221574344023323,0.007653061224489796,0.0,0.0011609907120743034,10000,0,0.0,0.015503875968992248,10000,0,0.0,0.0011609907120743034,10000,0,0.0,0.015503875968992248,10000,0,1.0,1.0,10000,0,0.0,0.007069983038997957,10000,0
test,common,ecapa_whole,n10,full,cross_text_verification,eer_operating,0.7034869456988823,evaluable,392,392,1.0,0.8711111111111111,,0.0018221574344023323,0.00018221574344023323,392,5488,0,5,0,0,392,5488,0.0,0.012755102040816327,0.0,0.012755102040816327,0.0,0.0,10000,0,0.005025125628140704,0.022727272727272728,10000,0,0.0,0.0,10000,0,0.005025125628140704,0.022727272727272728,10000,0,1.0,1.0,10000,0,0.0,0.007069983038997957,10000,0
test,common,ecapa_whole,n10,full,verification,far_1pct,0.6213587671475628,evaluable,735,735,1.0,0.98,,0.0002915451895043732,9.718172983479106e-05,735,10290,64,0,0,0,735,10290,0.006219630709426628,0.0,0.006219630709426628,0.0,0.0,0.03269676145040574,10000,0,0.0,0.0,10000,0,0.0,0.03269676145040574,10000,0,0.0,0.0,10000,0,1.0,1.0,10000,0,0.0,0.0012623606143488324,10000,0
test,common,ecapa_whole,n10,full,verification,far_0_1pct,0.674060846233041,evaluable,735,735,1.0,0.98,,0.0002915451895043732,9.718172983479106e-05,735,10290,11,0,0,0,735,10290,0.0010689990281827016,0.0,0.0010689990281827016,0.0,0.0,0.006802721088435374,10000,0,0.0,0.0,10000,0,0.0,0.006802721088435374,10000,0,0.0,0.0,10000,0,1.0,1.0,10000,0,0.0,0.0012623606143488324,10000,0
test,common,ecapa_whole,n10,full,verification,eer_operating,0.7034869456988823,evaluable,735,735,1.0,0.98,,0.0002915451895043732,9.718172983479106e-05,735,10290,4,0,0,0,735,10290,0.00038872691933916425,0.0,0.00038872691933916425,0.0,0.0,0.0024737167594310453,10000,0,0.0,0.0,10000,0,0.0,0.0024737167594310453,10000,0,0.0,0.0,10000,0,1.0,1.0,10000,0,0.0,0.0012623606143488324,10000,0
test,common,ecapa_whole,n10,max_1s,cross_text_verification,far_1pct,0.4367110540860057,not_evaluable,28,28,1.0,0.06222222222222222,jvs003;jvs048,,,28,392,12,0,0,0,28,392,,,0.030612244897959183,0.0,,,,,,,,,0.0,0.08024804001081372,10000,0,0.0,0.0,10000,0,1.0,1.0,10000,0,,,,
test,common,ecapa_whole,n10,max_1s,cross_text_verification,far_0_1pct,0.5023764918287658,not_evaluable,28,28,1.0,0.06222222222222222,jvs003;jvs048,,,28,392,3,0,0,0,28,392,,,0.007653061224489796,0.0,,,,,,,,,0.0,0.03125,10000,0,0.0,0.0,10000,0,1.0,1.0,10000,0,,,,
test,common,ecapa_whole,n10,max_1s,cross_text_verification,eer_operating,0.46353073003141176,not_evaluable,28,28,1.0,0.06222222222222222,jvs003;jvs048,,,28,392,7,0,0,0,28,392,,,0.017857142857142856,0.0,,,,,,,,,0.0,0.05122107567229516,10000,0,0.0,0.0,10000,0,1.0,1.0,10000,0,,,,
test,common,ecapa_whole,n10,max_1s,verification,far_1pct,0.4367110540860057,not_evaluable,37,37,1.0,0.04933333333333333,jvs006;jvs065,,,37,518,17,0,0,0,37,518,,,0.032818532818532815,0.0,,,,,,,,,0.0022026431718061676,0.07992750929368027,10000,0,0.0,0.0,10000,0,1.0,1.0,10000,0,,,,
test,common,ecapa_whole,n10,max_1s,verification,far_0_1pct,0.5023764918287658,not_evaluable,37,37,1.0,0.04933333333333333,jvs006;jvs065,,,37,518,8,3,0,0,37,518,,,0.015444015444015444,0.08108108108108109,,,,,,,,,0.0,0.04700888192267502,10000,0,0.0,0.23076923076923078,10000,0,1.0,1.0,10000,0,,,,
test,common,ecapa_whole,n10,max_1s,verification,eer_operating,0.46353073003141176,not_evaluable,37,37,1.0,0.04933333333333333,jvs006;jvs065,,,37,518,11,2,0,0,37,518,,,0.021235521235521235,0.05405405405405406,,,,,,,,,0.0,0.053922077129607025,10000,0,0.0,0.2,10000,0,1.0,1.0,10000,0,,,,
test,common,ecapa_whole,n10,max_2s,cross_text_verification,far_1pct,0.5433342142822769,evaluable,197,197,1.0,0.43777777777777777,,0.0025380710659898475,0.00036258158085569254,197,2758,29,0,0,0,197,2758,0.010514865844815084,0.0,0.010514865844815084,0.0,0.0,0.03545703850863595,10000,0,0.0,0.0,10000,0,0.0,0.03545703850863595,10000,0,0.0,0.0,10000,0,1.0,1.0,10000,0,0.0,0.009302325581395349,10000,0
test,common,ecapa_whole,n10,max_2s,cross_text_verification,far_0_1pct,0.6150182913878,evaluable,197,197,1.0,0.43777777777777777,,0.0025380710659898475,0.00036258158085569254,197,2758,4,1,0,0,197,2758,0.0014503263234227702,0.005076142131979695,0.0014503263234227702,0.005076142131979695,0.0,0.00638309197710765,10000,0,0.0,0.01694915254237288,10000,0,0.0,0.00638309197710765,10000,0,0.0,0.01694915254237288,10000,0,1.0,1.0,10000,0,0.0,0.009302325581395349,10000,0
test,common,ecapa_whole,n10,max_2s,cross_text_verification,eer_operating,0.5779721369521291,evaluable,197,197,1.0,0.43777777777777777,,0.0025380710659898475,0.00036258158085569254,197,2758,14,0,0,0,197,2758,0.005076142131979695,0.0,0.005076142131979695,0.0,0.0,0.02064842427661803,10000,0,0.0,0.0,10000,0,0.0,0.02064842427661803,10000,0,0.0,0.0,10000,0,1.0,1.0,10000,0,0.0,0.009302325581395349,10000,0
test,common,ecapa_whole,n10,max_2s,verification,far_1pct,0.5433342142822769,evaluable,243,243,1.0,0.324,,0.001763668430335097,0.00029394473838918284,243,3402,42,0,0,0,243,3402,0.012345679012345678,0.0,0.012345679012345678,0.0,0.0,0.03786273590434883,10000,0,0.0,0.0,10000,0,0.0,0.03786273590434883,10000,0,0.0,0.0,10000,0,1.0,1.0,10000,0,0.0,0.004182962800476983,10000,0
test,common,ecapa_whole,n10,max_2s,verification,far_0_1pct,0.6150182913878,evaluable,243,243,1.0,0.324,,0.001763668430335097,0.00029394473838918284,243,3402,1,2,0,0,243,3402,0.00029394473838918284,0.00823045267489712,0.00029394473838918284,0.00823045267489712,0.0,0.0015814652382509355,10000,0,0.0,0.020833333333333332,10000,0,0.0,0.0015814652382509355,10000,0,0.0,0.020833333333333332,10000,0,1.0,1.0,10000,0,0.0,0.004182962800476983,10000,0
test,common,ecapa_whole,n10,max_2s,verification,eer_operating,0.5779721369521291,evaluable,243,243,1.0,0.324,,0.001763668430335097,0.00029394473838918284,243,3402,9,0,0,0,243,3402,0.0026455026455026454,0.0,0.0026455026455026454,0.0,0.0,0.012779573548259144,10000,0,0.0,0.0,10000,0,0.0,0.012779573548259144,10000,0,0.0,0.0,10000,0,1.0,1.0,10000,0,0.0,0.004182962800476983,10000,0
test,common,ecapa_whole,n10,max_3s,cross_text_verification,far_1pct,0.5745688207173544,evaluable,335,335,1.0,0.7444444444444445,,0.001279317697228145,0.00021321961620469082,335,4690,38,0,0,0,335,4690,0.00810234541577825,0.0,0.00810234541577825,0.0,0.0,0.028869458096574298,10000,0,0.0,0.0,10000,0,0.0,0.028869458096574298,10000,0,0.0,0.0,10000,0,1.0,1.0,10000,0,0.0,0.005497401202889235,10000,0
test,common,ecapa_whole,n10,max_3s,cross_text_verification,far_0_1pct,0.638769118458382,evaluable,335,335,1.0,0.7444444444444445,,0.001279317697228145,0.00021321961620469082,335,4690,6,1,0,0,335,4690,0.001279317697228145,0.0029850746268656717,0.001279317697228145,0.0029850746268656717,0.0,0.00553008145288826,10000,0,0.0,0.00946372239747634,10000,0,0.0,0.00553008145288826,10000,0,0.0,0.00946372239747634,10000,0,1.0,1.0,10000,0,0.0,0.005497401202889235,10000,0
test,common,ecapa_whole,n10,max_3s,cross_text_verification,eer_operating,0.6417834640392795,evaluable,335,335,1.0,0.7444444444444445,,0.001279317697228145,0.00021321961620469082,335,4690,5,1,0,0,335,4690,0.0010660980810234541,0.0029850746268656717,0.0010660980810234541,0.0029850746268656717,0.0,0.0042452830188679245,10000,0,0.0,0.00946372239747634,10000,0,0.0,0.0042452830188679245,10000,0,0.0,0.00946372239747634,10000,0,1.0,1.0,10000,0,0.0,0.005497401202889235,10000,0
test,common,ecapa_whole,n10,max_3s,verification,far_1pct,0.5745688207173544,evaluable,517,517,1.0,0.6893333333333334,,0.0006907985631389886,0.00013815971262779773,517,7238,57,0,0,0,517,7238,0.007875103619784472,0.0,0.007875103619784472,0.0,0.00029550609174811693,0.03159767628947981,10000,0,0.0,0.0,10000,0,0.00029550609174811693,0.03159767628947981,10000,0,0.0,0.0,10000,0,1.0,1.0,10000,0,0.0,0.0019120458891013384,10000,0
test,common,ecapa_whole,n10,max_3s,verification,far_0_1pct,0.638769118458382,evaluable,517,517,1.0,0.6893333333333334,,0.0006907985631389886,0.00013815971262779773,517,7238,5,0,0,0,517,7238,0.0006907985631389886,0.0,0.0006907985631389886,0.0,0.0,0.0035026269702276708,10000,0,0.0,0.0,10000,0,0.0,0.0035026269702276708,10000,0,0.0,0.0,10000,0,1.0,1.0,10000,0,0.0,0.0019120458891013384,10000,0
test,common,ecapa_whole,n10,max_3s,verification,eer_operating,0.6417834640392795,evaluable,517,517,1.0,0.6893333333333334,,0.0006907985631389886,0.00013815971262779773,517,7238,4,1,0,0,517,7238,0.0005526388505111909,0.0019342359767891683,0.0005526388505111909,0.0019342359767891683,0.0,0.002640089768591012,10000,0,0.0,0.0058823529411764705,10000,0,0.0,0.002640089768591012,10000,0,0.0,0.0058823529411764705,10000,0,1.0,1.0,10000,0,0.0,0.0019120458891013384,10000,0
test,common,ecapa_whole,n10,max_5s,cross_text_verification,far_1pct,0.5997538859746011,evaluable,387,387,1.0,0.86,,0.0018456995201181247,0.00018456995201181247,387,5418,31,0,0,0,387,5418,0.005721668512366187,0.0,0.005721668512366187,0.0,0.0,0.0277125268541005,10000,0,0.0,0.0,10000,0,0.0,0.0277125268541005,10000,0,0.0,0.0,10000,0,1.0,1.0,10000,0,0.0,0.005863561375778616,10000,0
test,common,ecapa_whole,n10,max_5s,cross_text_verification,far_0_1pct,0.6564996727984109,evaluable,387,387,1.0,0.86,,0.0018456995201181247,0.00018456995201181247,387,5418,3,2,0,0,387,5418,0.0005537098560354374,0.00516795865633075,0.0005537098560354374,0.00516795865633075,0.0,0.003510277520475817,10000,0,0.0,0.012987012987012988,10000,0,0.0,0.003510277520475817,10000,0,0.0,0.012987012987012988,10000,0,1.0,1.0,10000,0,0.0,0.005863561375778616,10000,0
test,common,ecapa_whole,n10,max_5s,cross_text_verification,eer_operating,0.6861716587156762,evaluable,387,387,1.0,0.86,,0.0018456995201181247,0.00018456995201181247,387,5418,0,4,0,0,387,5418,0.0,0.0103359173126615,0.0,0.0103359173126615,0.0,0.0,10000,0,0.002564102564102564,0.020051384743265177,10000,0,0.0,0.0,10000,0,0.002564102564102564,0.020051384743265177,10000,0,1.0,1.0,10000,0,0.0,0.005863561375778616,10000,0
test,common,ecapa_whole,n10,max_5s,verification,far_1pct,0.5997538859746011,evaluable,674,674,1.0,0.8986666666666666,,0.0,0.000105977108944468,674,9436,79,0,0,0,674,9436,0.008372191606612971,0.0,0.008372191606612971,0.0,0.0,0.03973841953887694,10000,0,0.0,0.0,10000,0,0.0,0.03973841953887694,10000,0,0.0,0.0,10000,0,1.0,1.0,10000,0,0.0,0.0,10000,0
test,common,ecapa_whole,n10,max_5s,verification,far_0_1pct,0.6564996727984109,evaluable,674,674,1.0,0.8986666666666666,,0.0,0.000105977108944468,674,9436,11,0,0,0,674,9436,0.0011657481983891479,0.0,0.0011657481983891479,0.0,0.0,0.0072591688337333505,10000,0,0.0,0.0,10000,0,0.0,0.0072591688337333505,10000,0,0.0,0.0,10000,0,1.0,1.0,10000,0,0.0,0.0,10000,0
test,common,ecapa_whole,n10,max_5s,verification,eer_operating,0.6861716587156762,evaluable,674,674,1.0,0.8986666666666666,,0.0,0.000105977108944468,674,9436,3,0,0,0,674,9436,0.000317931326833404,0.0,0.000317931326833404,0.0,0.0,0.001979773318290914,10000,0,0.0,0.0,10000,0,0.0,0.001979773318290914,10000,0,0.0,0.0,10000,0,1.0,1.0,10000,0,0.0,0.0,10000,0
test,common,ecapa_whole,n5,full,cross_text_verification,far_1pct,0.6174082970879121,evaluable,392,392,1.0,0.8711111111111111,,0.0018221574344023323,0.00018221574344023323,392,5488,20,0,0,0,392,5488,0.0036443148688046646,0.0,0.0036443148688046646,0.0,0.0,0.016743088955892424,10000,0,0.0,0.0,10000,0,0.0,0.016743088955892424,10000,0,0.0,0.0,10000,0,1.0,1.0,10000,0,0.0,0.006087724128794469,10000,0
test,common,ecapa_whole,n5,full,cross_text_verification,far_0_1pct,0.666663315516019,evaluable,392,392,1.0,0.8711111111111111,,0.0018221574344023323,0.00018221574344023323,392,5488,1,2,0,0,392,5488,0.00018221574344023323,0.00510204081632653,0.00018221574344023323,0.00510204081632653,0.0,0.0011609907120743034,10000,0,0.0,0.012853470437017995,10000,0,0.0,0.0011609907120743034,10000,0,0.0,0.012853470437017995,10000,0,1.0,1.0,10000,0,0.0,0.006087724128794469,10000,0
test,common,ecapa_whole,n5,full,cross_text_verification,eer_operating,0.6942138195683939,evaluable,392,392,1.0,0.8711111111111111,,0.0018221574344023323,0.00018221574344023323,392,5488,0,4,0,0,392,5488,0.0,0.01020408163265306,0.0,0.01020408163265306,0.0,0.0,10000,0,0.002531645569620253,0.019852351147488345,10000,0,0.0,0.0,10000,0,0.002531645569620253,0.019852351147488345,10000,0,1.0,1.0,10000,0,0.0,0.006087724128794469,10000,0
test,common,ecapa_whole,n5,full,verification,far_1pct,0.6174082970879121,evaluable,735,735,1.0,0.98,,0.0002915451895043732,9.718172983479106e-05,735,10290,65,0,0,0,735,10290,0.006316812439261419,0.0,0.006316812439261419,0.0,0.0,0.031540366849645195,10000,0,0.0,0.0,10000,0,0.0,0.031540366849645195,10000,0,0.0,0.0,10000,0,1.0,1.0,10000,0,0.0,0.0012623606143488324,10000,0
test,common,ecapa_whole,n5,full,verification,far_0_1pct,0.666663315516019,evaluable,735,735,1.0,0.98,,0.0002915451895043732,9.718172983479106e-05,735,10290,13,0,0,0,735,10290,0.0012633624878522838,0.0,0.0012633624878522838,0.0,0.0,0.007496876301541024,10000,0,0.0,0.0,10000,0,0.0,0.007496876301541024,10000,0,0.0,0.0,10000,0,1.0,1.0,10000,0,0.0,0.0012623606143488324,10000,0
test,common,ecapa_whole,n5,full,verification,eer_operating,0.6942138195683939,evaluable,735,735,1.0,0.98,,0.0002915451895043732,9.718172983479106e-05,735,10290,3,0,0,0,735,10290,0.0002915451895043732,0.0,0.0002915451895043732,0.0,0.0,0.0018552875695732839,10000,0,0.0,0.0,10000,0,0.0,0.0018552875695732839,10000,0,0.0,0.0,10000,0,1.0,1.0,10000,0,0.0,0.0012623606143488324,10000,0
test,common,ecapa_whole,n5,max_1s,cross_text_verification,far_1pct,0.43433484865818844,not_evaluable,28,28,1.0,0.06222222222222222,jvs003;jvs048,,,28,392,11,0,0,0,28,392,,,0.02806122448979592,0.0,,,,,,,,,0.0,0.06956659328563565,10000,0,0.0,0.0,10000,0,1.0,1.0,10000,0,,,,
test,common,ecapa_whole,n5,max_1s,cross_text_verification,far_0_1pct,0.5066883282722647,not_evaluable,28,28,1.0,0.06222222222222222,jvs003;jvs048,,,28,392,2,1,0,0,28,392,,,0.00510204081632653,0.03571428571428571,,,,,,,,,0.0,0.019418149946062557,10000,0,0.0,0.125,10000,0,1.0,1.0,10000,0,,,,
test,common,ecapa_whole,n5,max_1s,cross_text_verification,eer_operating,0.45886755777825744,not_evaluable,28,28,1.0,0.06222222222222222,jvs003;jvs048,,,28,392,8,0,0,0,28,392,,,0.02040816326530612,0.0,,,,,,,,,0.0,0.05803684163059162,10000,0,0.0,0.0,10000,0,1.0,1.0,10000,0,,,,
test,common,ecapa_whole,n5,max_1s,verification,far_1pct,0.43433484865818844,not_evaluable,37,37,1.0,0.04933333333333333,jvs006;jvs065,,,37,518,19,0,0,0,37,518,,,0.03667953667953668,0.0,,,,,,,,,0.005703422053231939,0.08494208494208494,10000,0,0.0,0.0,10000,0,1.0,1.0,10000,0,,,,
test,common,ecapa_whole,n5,max_1s,verification,far_0_1pct,0.5066883282722647,not_evaluable,37,37,1.0,0.04933333333333333,jvs006;jvs065,,,37,518,7,3,0,0,37,518,,,0.013513513513513514,0.08108108108108109,,,,,,,,,0.0,0.03937041581274943,10000,0,0.0,0.23076923076923078,10000,0,1.0,1.0,10000,0,,,,
test,common,ecapa_whole,n5,max_1s,verification,eer_operating,0.45886755777825744,not_evaluable,37,37,1.0,0.04933333333333333,jvs006;jvs065,,,37,518,11,2,0,0,37,518,,,0.021235521235521235,0.05405405405405406,,,,,,,,,0.0,0.053922077129607025,10000,0,0.0,0.2,10000,0,1.0,1.0,10000,0,,,,
test,common,ecapa_whole,n5,max_2s,cross_text_verification,far_1pct,0.5415720149979032,evaluable,197,197,1.0,0.43777777777777777,,0.0025380710659898475,0.00036258158085569254,197,2758,27,0,0,0,197,2758,0.009789702683103698,0.0,0.009789702683103698,0.0,0.0,0.03354280811232447,10000,0,0.0,0.0,10000,0,0.0,0.03354280811232447,10000,0,0.0,0.0,10000,0,1.0,1.0,10000,0,0.0,0.009302325581395349,10000,0
test,common,ecapa_whole,n5,max_2s,cross_text_verification,far_0_1pct,0.6088922273113703,evaluable,197,197,1.0,0.43777777777777777,,0.0025380710659898475,0.00036258158085569254,197,2758,4,1,0,0,197,2758,0.0014503263234227702,0.005076142131979695,0.0014503263234227702,0.005076142131979695,0.0,0.00638309197710765,10000,0,0.0,0.01694915254237288,10000,0,0.0,0.00638309197710765,10000,0,0.0,0.01694915254237288,10000,0,1.0,1.0,10000,0,0.0,0.009302325581395349,10000,0
test,common,ecapa_whole,n5,max_2s,cross_text_verification,eer_operating,0.5747422693347796,evaluable,197,197,1.0,0.43777777777777777,,0.0025380710659898475,0.00036258158085569254,197,2758,13,0,0,0,197,2758,0.004713560551124003,0.0,0.004713560551124003,0.0,0.0,0.017164499570853718,10000,0,0.0,0.0,10000,0,0.0,0.017164499570853718,10000,0,0.0,0.0,10000,0,1.0,1.0,10000,0,0.0,0.009302325581395349,10000,0
test,common,ecapa_whole,n5,max_2s,verification,far_1pct,0.5415720149979032,evaluable,243,243,1.0,0.324,,0.0011757789535567313,0.00029394473838918284,243,3402,40,0,0,0,243,3402,0.011757789535567314,0.0,0.011757789535567314,0.0,0.0006317119393556538,0.03600960289518636,10000,0,0.0,0.0,10000,0,0.0006317119393556538,0.03600960289518636,10000,0,0.0,0.0,10000,0,1.0,1.0,10000,0,0.0,0.003681038086522274,10000,0
test,common,ecapa_whole,n5,max_2s,verification,far_0_1pct,0.6088922273113703,evaluable,243,243,1.0,0.324,,0.0011757789535567313,0.00029394473838918284,243,3402,1,2,0,0,243,3402,0.00029394473838918284,0.00823045267489712,0.00029394473838918284,0.00823045267489712,0.0,0.0015814652382509355,10000,0,0.0,0.020833333333333332,10000,0,0.0,0.0015814652382509355,10000,0,0.0,0.020833333333333332,10000,0,1.0,1.0,10000,0,0.0,0.003681038086522274,10000,0
test,common,ecapa_whole,n5,max_2s,verification,eer_operating,0.5747422693347796,evaluable,243,243,1.0,0.324,,0.0011757789535567313,0.00029394473838918284,243,3402,10,0,0,0,243,3402,0.0029394473838918285,0.0,0.0029394473838918285,0.0,0.0,0.013590183236695603,10000,0,0.0,0.0,10000,0,0.0,0.013590183236695603,10000,0,0.0,0.0,10000,0,1.0,1.0,10000,0,0.0,0.003681038086522274,10000,0
test,common,ecapa_whole,n5,max_3s,cross_text_verification,far_1pct,0.5729344979079236,evaluable,335,335,1.0,0.7444444444444445,,0.0008528784648187633,0.00021321961620469082,335,4690,35,0,0,0,335,4690,0.007462686567164179,0.0,0.007462686567164179,0.0,0.0,0.025824989167828886,10000,0,0.0,0.0,10000,0,0.0,0.025824989167828886,10000,0,0.0,0.0,10000,0,1.0,1.0,10000,0,0.0,0.0029498525073746312,10000,0
test,common,ecapa_whole,n5,max_3s,cross_text_verification,far_0_1pct,0.6319604510181575,evaluable,335,335,1.0,0.7444444444444445,,0.0008528784648187633,0.00021321961620469082,335,4690,6,0,0,0,335,4690,0.001279317697228145,0.0,0.001279317697228145,0.0,0.0,0.00553008145288826,10000,0,0.0,0.0,10000,0,0.0,0.00553008145288826,10000,0,0.0,0.0,10000,0,1.0,1.0,10000,0,0.0,0.0029498525073746312,10000,0
test,common,ecapa_whole,n5,max_3s,cross_text_verification,eer_operating,0.6324762885655442,evaluable,335,335,1.0,0.7444444444444445,,0.0008528784648187633,0.00021321961620469082,335,4690,5,0,0,0,335,4690,0.0010660980810234541,0.0,0.0010660980810234541,0.0,0.0,0.0042452830188679245,10000,0,0.0,0.0,10000,0,0.0,0.0042452830188679245,10000,0,0.0,0.0,10000,0,1.0,1.0,10000,0,0.0,0.0029498525073746312,10000,0
test,common,ecapa_whole,n5,max_3s,verification,far_1pct,0.5729344979079236,evaluable,517,517,1.0,0.6893333333333334,,0.0004144791378833932,0.00013815971262779773,517,7238,58,0,0,0,517,7238,0.00801326333241227,0.0,0.00801326333241227,0.0,0.0002967315050459184,0.03230899524603233,10000,0,0.0,0.0,10000,0,0.0002967315050459184,0.03230899524603233,10000,0,0.0,0.0,10000,0,1.0,1.0,10000,0,0.0,0.0016858786621286933,10000,0
test,common,ecapa_whole,n5,max_3s,verification,far_0_1pct,0.6319604510181575,evaluable,517,517,1.0,0.6893333333333334,,0.0004144791378833932,0.00013815971262779773,517,7238,4,0,0,0,517,7238,0.0005526388505111909,0.0,0.0005526388505111909,0.0,0.0,0.002640089768591012,10000,0,0.0,0.0,10000,0,0.0,0.002640089768591012,10000,0,0.0,0.0,10000,0,1.0,1.0,10000,0,0.0,0.0016858786621286933,10000,0
test,common,ecapa_whole,n5,max_3s,verification,eer_operating,0.6324762885655442,evaluable,517,517,1.0,0.6893333333333334,,0.0004144791378833932,0.00013815971262779773,517,7238,4,0,0,0,517,7238,0.0005526388505111909,0.0,0.0005526388505111909,0.0,0.0,0.002640089768591012,10000,0,0.0,0.0,10000,0,0.0,0.002640089768591012,10000,0,0.0,0.0,10000,0,1.0,1.0,10000,0,0.0,0.0016858786621286933,10000,0
test,common,ecapa_whole,n5,max_5s,cross_text_verification,far_1pct,0.5949464602561002,evaluable,387,387,1.0,0.86,,0.0016611295681063123,0.00018456995201181247,387,5418,38,0,0,0,387,5418,0.0070136581764488745,0.0,0.0070136581764488745,0.0,0.0,0.030577359330610142,10000,0,0.0,0.0,10000,0,0.0,0.030577359330610142,10000,0,0.0,0.0,10000,0,1.0,1.0,10000,0,0.0,0.005376344086021506,10000,0
test,common,ecapa_whole,n5,max_5s,cross_text_verification,far_0_1pct,0.6504395128779602,evaluable,387,387,1.0,0.86,,0.0016611295681063123,0.00018456995201181247,387,5418,4,1,0,0,387,5418,0.0007382798080472499,0.002583979328165375,0.0007382798080472499,0.002583979328165375,0.0,0.00468037002730109,10000,0,0.0,0.007957559681697613,10000,0,0.0,0.00468037002730109,10000,0,0.0,0.007957559681697613,10000,0,1.0,1.0,10000,0,0.0,0.005376344086021506,10000,0
test,common,ecapa_whole,n5,max_5s,cross_text_verification,eer_operating,0.6858622477161435,evaluable,387,387,1.0,0.86,,0.0016611295681063123,0.00018456995201181247,387,5418,0,3,0,0,387,5418,0.0,0.007751937984496124,0.0,0.007751937984496124,0.0,0.0,10000,0,0.0,0.015665796344647518,10000,0,0.0,0.0,10000,0,0.0,0.015665796344647518,10000,0,1.0,1.0,10000,0,0.0,0.005376344086021506,10000,0
test,common,ecapa_whole,n5,max_5s,verification,far_1pct,0.5949464602561002,evaluable,674,674,1.0,0.8986666666666666,,0.0,0.000105977108944468,674,9436,83,0,0,0,674,9436,0.008796100042390844,0.0,0.008796100042390844,0.0,0.0,0.04045872656453062,10000,0,0.0,0.0,10000,0,0.0,0.04045872656453062,10000,0,0.0,0.0,10000,0,1.0,1.0,10000,0,0.0,0.0,10000,0
test,common,ecapa_whole,n5,max_5s,verification,far_0_1pct,0.6504395128779602,evaluable,674,674,1.0,0.8986666666666666,,0.0,0.000105977108944468,674,9436,14,0,0,0,674,9436,0.001483679525222552,0.0,0.001483679525222552,0.0,0.0,0.008093616200157281,10000,0,0.0,0.0,10000,0,0.0,0.008093616200157281,10000,0,0.0,0.0,10000,0,1.0,1.0,10000,0,0.0,0.0,10000,0
test,common,ecapa_whole,n5,max_5s,verification,eer_operating,0.6858622477161435,evaluable,674,674,1.0,0.8986666666666666,,0.0,0.000105977108944468,674,9436,2,0,0,0,674,9436,0.000211954217888936,0.0,0.000211954217888936,0.0,0.0,0.0013198488788606093,10000,0,0.0,0.0,10000,0,0.0,0.0013198488788606093,10000,0,0.0,0.0,10000,0,1.0,1.0,10000,0,0.0,0.0,10000,0
test,common,vowel_context20,n1,full,cross_text_verification,far_1pct,0.3907897651178988,evaluable,392,392,1.0,0.8711111111111111,,0.05539358600583091,0.00018221574344023323,392,5488,37,126,0,0,392,5488,0.00674198250728863,0.32142857142857145,0.00674198250728863,0.32142857142857145,0.0,0.01875,10000,0,0.145501443001443,0.5190864098709513,10000,0,0.0,0.01875,10000,0,0.145501443001443,0.5190864098709513,10000,0,1.0,1.0,10000,0,0.02597396351243985,0.08270989597941901,10000,0
test,common,vowel_context20,n1,full,cross_text_verification,far_0_1pct,0.45947514383011173,evaluable,392,392,1.0,0.8711111111111111,,0.05539358600583091,0.00018221574344023323,392,5488,1,221,0,0,392,5488,0.00018221574344023323,0.5637755102040817,0.00018221574344023323,0.5637755102040817,0.0,0.0011190377226889764,10000,0,0.3486005089058524,0.7721518987341772,10000,0,0.0,0.0011190377226889764,10000,0,0.3486005089058524,0.7721518987341772,10000,0,1.0,1.0,10000,0,0.02597396351243985,0.08270989597941901,10000,0
test,common,vowel_context20,n1,full,cross_text_verification,eer_operating,0.33887965951035964,evaluable,392,392,1.0,0.8711111111111111,,0.05539358600583091,0.00018221574344023323,392,5488,169,53,0,0,392,5488,0.030794460641399415,0.13520408163265307,0.030794460641399415,0.13520408163265307,0.006495644104170292,0.06709468756642445,10000,0,0.042603853383458644,0.2519480519480519,10000,0,0.006495644104170292,0.06709468756642445,10000,0,0.042603853383458644,0.2519480519480519,10000,0,1.0,1.0,10000,0,0.02597396351243985,0.08270989597941901,10000,0
test,common,vowel_context20,n1,full,verification,far_1pct,0.3907897651178988,evaluable,735,735,1.0,0.98,,0.04256559766763848,9.718172983479106e-05,735,10290,55,223,0,0,735,10290,0.005344995140913508,0.3034013605442177,0.005344995140913508,0.3034013605442177,0.00010629251700680272,0.014456468071099397,10000,0,0.1346938775510204,0.4897959183673469,10000,0,0.00010629251700680272,0.014456468071099397,10000,0,0.1346938775510204,0.4897959183673469,10000,0,1.0,1.0,10000,0,0.01904761904761905,0.06666666666666667,10000,0
test,common,vowel_context20,n1,full,verification,far_0_1pct,0.45947514383011173,evaluable,735,735,1.0,0.98,,0.04256559766763848,9.718172983479106e-05,735,10290,2,427,0,0,735,10290,0.00019436345966958212,0.580952380952381,0.00019436345966958212,0.580952380952381,0.0,0.0012244897959183673,10000,0,0.3795918367346939,0.7795918367346939,10000,0,0.0,0.0012244897959183673,10000,0,0.3795918367346939,0.7795918367346939,10000,0,1.0,1.0,10000,0,0.01904761904761905,0.06666666666666667,10000,0
test,common,vowel_context20,n1,full,verification,eer_operating,0.33887965951035964,evaluable,735,735,1.0,0.98,,0.04256559766763848,9.718172983479106e-05,735,10290,288,77,0,0,735,10290,0.027988338192419825,0.10476190476190476,0.027988338192419825,0.10476190476190476,0.0033654362228796426,0.06588355395396844,10000,0,0.027210884353741496,0.19863945578231293,10000,0,0.0033654362228796426,0.06588355395396844,10000,0,0.027210884353741496,0.19863945578231293,10000,0,1.0,1.0,10000,0,0.01904761904761905,0.06666666666666667,10000,0
test,common,vowel_context20,n1,max_1s,cross_text_verification,far_1pct,0.4313208928791419,not_evaluable,28,28,1.0,0.06222222222222222,jvs003;jvs048,,,28,392,2,14,0,0,28,392,,,0.00510204081632653,0.5,,,,,,,,,0.0,0.019736842105263157,10000,0,0.24322276822276825,0.7692307692307693,10000,0,1.0,1.0,10000,0,,,,
test,common,vowel_context20,n1,max_1s,cross_text_verification,far_0_1pct,0.5157331372635746,not_evaluable,28,28,1.0,0.06222222222222222,jvs003;jvs048,,,28,392,0,20,0,0,28,392,,,0.0,0.7142857142857143,,,,,,,,,0.0,0.0,10000,0,0.5,0.9130434782608695,10000,0,1.0,1.0,10000,0,,,,
test,common,vowel_context20,n1,max_1s,cross_text_verification,eer_operating,0.30290559258298794,not_evaluable,28,28,1.0,0.06222222222222222,jvs003;jvs048,,,28,392,30,4,0,0,28,392,,,0.07653061224489796,0.14285714285714285,,,,,,,,,0.03448078139829168,0.13522012578616352,10000,0,0.0,0.2962962962962963,10000,0,1.0,1.0,10000,0,,,,
test,common,vowel_context20,n1,max_1s,verification,far_1pct,0.4313208928791419,not_evaluable,37,37,1.0,0.04933333333333333,jvs006;jvs065,,,37,518,1,18,0,0,37,518,,,0.0019305019305019305,0.4864864864864865,,,,,,,,,0.0,0.010101521285731805,10000,0,0.25925925925925924,0.7272727272727273,10000,0,1.0,1.0,10000,0,,,,
test,common,vowel_context20,n1,max_1s,verification,far_0_1pct,0.5157331372635746,not_evaluable,37,37,1.0,0.04933333333333333,jvs006;jvs065,,,37,518,1,30,0,0,37,518,,,0.0019305019305019305,0.8108108108108109,,,,,,,,,0.0,0.010101521285731805,10000,0,0.6153846153846154,0.9500304878048775,10000,0,1.0,1.0,10000,0,,,,
test,common,vowel_context20,n1,max_1s,verification,eer_operating,0.30290559258298794,not_evaluable,37,37,1.0,0.04933333333333333,jvs006;jvs065,,,37,518,41,3,0,0,37,518,,,0.07915057915057915,0.08108108108108109,,,,,,,,,0.02981311004985129,0.15265622956536898,10000,0,0.0,0.18181818181818182,10000,0,1.0,1.0,10000,0,,,,
test,common,vowel_context20,n1,max_2s,cross_text_verification,far_1pct,0.4180801341167334,evaluable,197,197,1.0,0.43777777777777777,,0.06598984771573604,0.00036258158085569254,197,2758,10,84,0,0,197,2758,0.0036258158085569255,0.4263959390862944,0.0036258158085569255,0.4263959390862944,0.0,0.01031352717272915,10000,0,0.225130890052356,0.625,10000,0,0.0,0.01031352717272915,10000,0,0.225130890052356,0.625,10000,0,1.0,1.0,10000,0,0.03869256020104227,0.10309278350515463,10000,0
test,common,vowel_context20,n1,max_2s,cross_text_verification,far_0_1pct,0.47160629998241255,evaluable,197,197,1.0,0.43777777777777777,,0.06598984771573604,0.00036258158085569254,197,2758,0,124,0,0,197,2758,0.0,0.6294416243654822,0.0,0.6294416243654822,0.0,0.0,10000,0,0.4215864002300173,0.8134736980767542,10000,0,0.0,0.0,10000,0,0.4215864002300173,0.8134736980767542,10000,0,1.0,1.0,10000,0,0.03869256020104227,0.10309278350515463,10000,0
test,common,vowel_context20,n1,max_2s,cross_text_verification,eer_operating,0.334120003114473,evaluable,197,197,1.0,0.43777777777777777,,0.06598984771573604,0.00036258158085569254,197,2758,104,31,0,0,197,2758,0.03770848440899202,0.15736040609137056,0.03770848440899202,0.15736040609137056,0.011687182556636916,0.07549866131191432,10000,0,0.059458121487824464,0.2694300518134715,10000,0,0.011687182556636916,0.07549866131191432,10000,0,0.059458121487824464,0.2694300518134715,10000,0,1.0,1.0,10000,0,0.03869256020104227,0.10309278350515463,10000,0
test,common,vowel_context20,n1,max_2s,verification,far_1pct,0.4180801341167334,evaluable,243,243,1.0,0.324,,0.05761316872427984,0.00029394473838918284,243,3402,15,124,0,0,243,3402,0.004409171075837742,0.5102880658436214,0.004409171075837742,0.5102880658436214,0.0,0.012227551540806212,10000,0,0.31249382411067195,0.67969135993083,10000,0,0.0,0.012227551540806212,10000,0,0.31249382411067195,0.67969135993083,10000,0,1.0,1.0,10000,0,0.035534713938825936,0.08585675665877023,10000,0
test,common,vowel_context20,n1,max_2s,verification,far_0_1pct,0.47160629998241255,evaluable,243,243,1.0,0.324,,0.05761316872427984,0.00029394473838918284,243,3402,1,158,0,0,243,3402,0.00029394473838918284,0.6502057613168725,0.00029394473838918284,0.6502057613168725,0.0,0.0016648399797621369,10000,0,0.4427841262437811,0.8201224995613265,10000,0,0.0,0.0016648399797621369,10000,0,0.4427841262437811,0.8201224995613265,10000,0,1.0,1.0,10000,0,0.035534713938825936,0.08585675665877023,10000,0
test,common,vowel_context20,n1,max_2s,verification,eer_operating,0.334120003114473,evaluable,243,243,1.0,0.324,,0.05761316872427984,0.00029394473838918284,243,3402,103,35,0,0,243,3402,0.03027630805408583,0.1440329218106996,0.03027630805408583,0.1440329218106996,0.008019710452719203,0.06624634005488077,10000,0,0.05555555555555555,0.24180512812925367,10000,0,0.008019710452719203,0.06624634005488077,10000,0,0.05555555555555555,0.24180512812925367,10000,0,1.0,1.0,10000,0,0.035534713938825936,0.08585675665877023,10000,0
test,common,vowel_context20,n1,max_3s,cross_text_verification,far_1pct,0.4026551369275174,evaluable,335,335,1.0,0.7444444444444445,,0.05970149253731343,0.00021321961620469082,335,4690,25,117,0,0,335,4690,0.005330490405117271,0.3492537313432836,0.005330490405117271,0.3492537313432836,0.0004462243860962733,0.01424468213037914,10000,0,0.16768247042500367,0.5459940652818991,10000,0,0.0004462243860962733,0.01424468213037914,10000,0,0.16768247042500367,0.5459940652818991,10000,0,1.0,1.0,10000,0,0.0299044466528062,0.09000148198814407,10000,0
test,common,vowel_context20,n1,max_3s,cross_text_verification,far_0_1pct,0.4776249151972665,evaluable,335,335,1.0,0.7444444444444445,,0.05970149253731343,0.00021321961620469082,335,4690,2,208,0,0,335,4690,0.00042643923240938164,0.6208955223880597,0.00042643923240938164,0.6208955223880597,0.0,0.0016355714185752575,10000,0,0.422154204339197,0.808142536187144,10000,0,0.0,0.0016355714185752575,10000,0,0.422154204339197,0.808142536187144,10000,0,1.0,1.0,10000,0,0.0299044466528062,0.09000148198814407,10000,0
test,common,vowel_context20,n1,max_3s,cross_text_verification,eer_operating,0.326183797122815,evaluable,335,335,1.0,0.7444444444444445,,0.05970149253731343,0.00021321961620469082,335,4690,193,41,0,0,335,4690,0.04115138592750533,0.12238805970149254,0.04115138592750533,0.12238805970149254,0.013832647882080908,0.08005997938016572,10000,0,0.04037199957040829,0.22543567005711734,10000,0,0.013832647882080908,0.08005997938016572,10000,0,0.04037199957040829,0.22543567005711734,10000,0,1.0,1.0,10000,0,0.0299044466528062,0.09000148198814407,10000,0
test,common,vowel_context20,n1,max_3s,verification,far_1pct,0.4026551369275174,evaluable,517,517,1.0,0.6893333333333334,,0.05222437137330754,0.00013815971262779773,517,7238,49,198,0,0,517,7238,0.006769825918762089,0.3829787234042553,0.006769825918762089,0.3829787234042553,0.0004666972711669629,0.01740611887759081,10000,0,0.20717131474103587,0.5591009588531,10000,0,0.0004666972711669629,0.01740611887759081,10000,0,0.20717131474103587,0.5591009588531,10000,0,1.0,1.0,10000,0,0.029182879377431907,0.07637575613375773,10000,0
test,common,vowel_context20,n1,max_3s,verification,far_0_1pct,0.4776249151972665,evaluable,517,517,1.0,0.6893333333333334,,0.05222437137330754,0.00013815971262779773,517,7238,2,331,0,0,517,7238,0.00027631942525559546,0.6402321083172147,0.00027631942525559546,0.6402321083172147,0.0,0.0010596507717503662,10000,0,0.4486884413275771,0.8169649369169305,10000,0,0.0,0.0010596507717503662,10000,0,0.4486884413275771,0.8169649369169305,10000,0,1.0,1.0,10000,0,0.029182879377431907,0.07637575613375773,10000,0
test,common,vowel_context20,n1,max_3s,verification,eer_operating,0.326183797122815,evaluable,517,517,1.0,0.6893333333333334,,0.05222437137330754,0.00013815971262779773,517,7238,280,53,0,0,517,7238,0.03868471953578337,0.10251450676982592,0.03868471953578337,0.10251450676982592,0.010283920358656584,0.08012553220644902,10000,0,0.037690991751031126,0.17757099556164974,10000,0,0.010283920358656584,0.08012553220644902,10000,0,0.037690991751031126,0.17757099556164974,10000,0,1.0,1.0,10000,0,0.029182879377431907,0.07637575613375773,10000,0
test,common,vowel_context20,n1,max_5s,cross_text_verification,far_1pct,0.39703821162637426,evaluable,387,387,1.0,0.86,,0.05703211517165006,0.00018456995201181247,387,5418,31,131,0,0,387,5418,0.005721668512366187,0.3385012919896641,0.005721668512366187,0.3385012919896641,0.0,0.015732467625103753,10000,0,0.15675428692399973,0.5410496183206103,10000,0,0.0,0.015732467625103753,10000,0,0.15675428692399973,0.5410496183206103,10000,0,1.0,1.0,10000,0,0.027531356166646436,0.08556317845592235,10000,0
test,common,vowel_context20,n1,max_5s,cross_text_verification,far_0_1pct,0.4641904785924624,evaluable,387,387,1.0,0.86,,0.05703211517165006,0.00018456995201181247,387,5418,1,224,0,0,387,5418,0.00018456995201181247,0.5788113695090439,0.00018456995201181247,0.5788113695090439,0.0,0.0011308487057347144,10000,0,0.36648568708778134,0.7822811044795697,10000,0,0.0,0.0011308487057347144,10000,0,0.36648568708778134,0.7822811044795697,10000,0,1.0,1.0,10000,0,0.027531356166646436,0.08556317845592235,10000,0
test,common,vowel_context20,n1,max_5s,cross_text_verification,eer_operating,0.3322179697552199,evaluable,387,387,1.0,0.86,,0.05703211517165006,0.00018456995201181247,387,5418,192,50,0,0,387,5418,0.035437430786267994,0.12919896640826872,0.035437430786267994,0.12919896640826872,0.009030908915290254,0.07373490397991556,10000,0,0.043586956521739134,0.23499082451204614,10000,0,0.009030908915290254,0.07373490397991556,10000,0,0.043586956521739134,0.23499082451204614,10000,0,1.0,1.0,10000,0,0.027531356166646436,0.08556317845592235,10000,0
test,common,vowel_context20,n1,max_5s,verification,far_1pct,0.39703821162637426,evaluable,674,674,1.0,0.8986666666666666,,0.04705383637134379,0.000105977108944468,674,9436,57,223,0,0,674,9436,0.006040695209834676,0.33086053412462907,0.006040695209834676,0.33086053412462907,0.0,0.01599837445480028,10000,0,0.16090094355768023,0.5109170305676856,10000,0,0.0,0.01599837445480028,10000,0,0.16090094355768023,0.5109170305676856,10000,0,1.0,1.0,10000,0,0.022987681195270372,0.07072146722735646,10000,0
test,common,vowel_context20,n1,max_5s,verification,far_0_1pct,0.4641904785924624,evaluable,674,674,1.0,0.8986666666666666,,0.04705383637134379,0.000105977108944468,674,9436,3,400,0,0,674,9436,0.000317931326833404,0.5934718100890207,0.000317931326833404,0.5934718100890207,0.0,0.00099801644838132,10000,0,0.4,0.780062279364998,10000,0,0.0,0.00099801644838132,10000,0,0.4,0.780062279364998,10000,0,1.0,1.0,10000,0,0.022987681195270372,0.07072146722735646,10000,0
test,common,vowel_context20,n1,max_5s,verification,eer_operating,0.3322179697552199,evaluable,674,674,1.0,0.8986666666666666,,0.04705383637134379,0.000105977108944468,674,9436,323,60,0,0,674,9436,0.034230606189063165,0.08902077151335312,0.034230606189063165,0.08902077151335312,0.006668198308394942,0.0753004108918539,10000,0,0.02686467068532153,0.16259925393018904,10000,0,0.006668198308394942,0.0753004108918539,10000,0,0.02686467068532153,0.16259925393018904,10000,0,1.0,1.0,10000,0,0.022987681195270372,0.07072146722735646,10000,0
test,common,vowel_context20,n10,full,cross_text_verification,far_1pct,0.48411963110939893,evaluable,392,392,1.0,0.8711111111111111,,0.01239067055393586,0.00018221574344023323,392,5488,47,7,0,0,392,5488,0.008564139941690961,0.017857142857142856,0.008564139941690961,0.017857142857142856,0.0003916960438699569,0.024077912263405322,10000,0,0.0,0.05063291139240506,10000,0,0.0003916960438699569,0.024077912263405322,10000,0,0.0,0.05063291139240506,10000,0,1.0,1.0,10000,0,0.001194255635029059,0.02228434433937157,10000,0
test,common,vowel_context20,n10,full,cross_text_verification,far_0_1pct,0.5446004216771375,evaluable,392,392,1.0,0.8711111111111111,,0.01239067055393586,0.00018221574344023323,392,5488,4,51,0,0,392,5488,0.0007288629737609329,0.13010204081632654,0.0007288629737609329,0.13010204081632654,0.0,0.003470883146934053,10000,0,0.04545168307762767,0.24935081627883685,10000,0,0.0,0.003470883146934053,10000,0,0.04545168307762767,0.24935081627883685,10000,0,1.0,1.0,10000,0,0.001194255635029059,0.02228434433937157,10000,0
test,common,vowel_context20,n10,full,cross_text_verification,eer_operating,0.5038881540763741,evaluable,392,392,1.0,0.8711111111111111,,0.01239067055393586,0.00018221574344023323,392,5488,27,17,0,0,392,5488,0.004919825072886298,0.04336734693877551,0.004919825072886298,0.04336734693877551,0.00038094150902370083,0.01616161161938228,10000,0,0.005050505050505051,0.10396290898125342,10000,0,0.00038094150902370083,0.01616161161938228,10000,0,0.005050505050505051,0.10396290898125342,10000,0,1.0,1.0,10000,0,0.001194255635029059,0.02228434433937157,10000,0
test,common,vowel_context20,n10,full,verification,far_1pct,0.48411963110939893,evaluable,735,735,1.0,0.98,,0.014965986394557823,9.718172983479106e-05,735,10290,68,19,0,0,735,10290,0.006608357628765792,0.02585034013605442,0.006608357628765792,0.02585034013605442,0.00020408163265306123,0.019311241998515256,10000,0,0.0,0.07346938775510205,10000,0,0.00020408163265306123,0.019311241998515256,10000,0,0.0,0.07346938775510205,10000,0,1.0,1.0,10000,0,0.0004296455424274973,0.028007002844559446,10000,0
test,common,vowel_context20,n10,full,verification,far_0_1pct,0.5446004216771375,evaluable,735,735,1.0,0.98,,0.014965986394557823,9.718172983479106e-05,735,10290,10,68,0,0,735,10290,0.0009718172983479105,0.09251700680272108,0.0009718172983479105,0.09251700680272108,0.0,0.006122448979591836,10000,0,0.01904761904761905,0.1891156462585034,10000,0,0.0,0.006122448979591836,10000,0,0.01904761904761905,0.1891156462585034,10000,0,1.0,1.0,10000,0,0.0004296455424274973,0.028007002844559446,10000,0
test,common,vowel_context20,n10,full,verification,eer_operating,0.5038881540763741,evaluable,735,735,1.0,0.98,,0.014965986394557823,9.718172983479106e-05,735,10290,33,30,0,0,735,10290,0.003206997084548105,0.04081632653061224,0.003206997084548105,0.04081632653061224,0.0,0.012987012987012988,10000,0,0.0,0.10748299319727891,10000,0,0.0,0.012987012987012988,10000,0,0.0,0.10748299319727891,10000,0,1.0,1.0,10000,0,0.0004296455424274973,0.028007002844559446,10000,0
test,common,vowel_context20,n10,max_1s,cross_text_verification,far_1pct,0.5091195135131316,not_evaluable,28,28,1.0,0.06222222222222222,jvs003;jvs048,,,28,392,3,4,0,0,28,392,,,0.007653061224489796,0.14285714285714285,,,,,,,,,0.0,0.02710843373493976,10000,0,0.0,0.35714285714285715,10000,0,1.0,1.0,10000,0,,,,
test,common,vowel_context20,n10,max_1s,cross_text_verification,far_0_1pct,0.5834229803813051,not_evaluable,28,28,1.0,0.06222222222222222,jvs003;jvs048,,,28,392,0,9,0,0,28,392,,,0.0,0.32142857142857145,,,,,,,,,0.0,0.0,10000,0,0.06666666666666667,0.5833333333333334,10000,0,1.0,1.0,10000,0,,,,
test,common,vowel_context20,n10,max_1s,cross_text_verification,eer_operating,0.5180566891193317,not_evaluable,28,28,1.0,0.06222222222222222,jvs003;jvs048,,,28,392,2,4,0,0,28,392,,,0.00510204081632653,0.14285714285714285,,,,,,,,,0.0,0.0196078431372549,10000,0,0.0,0.35714285714285715,10000,0,1.0,1.0,10000,0,,,,
test,common,vowel_context20,n10,max_1s,verification,far_1pct,0.5091195135131316,not_evaluable,37,37,1.0,0.04933333333333333,jvs006;jvs065,,,37,518,4,1,0,0,37,518,,,0.007722007722007722,0.02702702702702703,,,,,,,,,0.0,0.022222222222222223,10000,0,0.0,0.07894736842105263,10000,0,1.0,1.0,10000,0,,,,
test,common,vowel_context20,n10,max_1s,verification,far_0_1pct,0.5834229803813051,not_evaluable,37,37,1.0,0.04933333333333333,jvs006;jvs065,,,37,518,0,7,0,0,37,518,,,0.0,0.1891891891891892,,,,,,,,,0.0,0.0,10000,0,0.03125,0.3611111111111111,10000,0,1.0,1.0,10000,0,,,,
test,common,vowel_context20,n10,max_1s,verification,eer_operating,0.5180566891193317,not_evaluable,37,37,1.0,0.04933333333333333,jvs006;jvs065,,,37,518,4,2,0,0,37,518,,,0.007722007722007722,0.05405405405405406,,,,,,,,,0.0,0.022222222222222223,10000,0,0.0,0.13043478260869565,10000,0,1.0,1.0,10000,0,,,,
test,common,vowel_context20,n10,max_2s,cross_text_verification,far_1pct,0.5012077451164373,evaluable,197,197,1.0,0.43777777777777777,,0.01885424220449601,0.00036258158085569254,197,2758,18,12,0,0,197,2758,0.006526468455402465,0.06091370558375635,0.006526468455402465,0.06091370558375635,0.0007041758980851401,0.01839551978818282,10000,0,0.0,0.15000536480686688,10000,0,0.0007041758980851401,0.01839551978818282,10000,0,0.0,0.15000536480686688,10000,0,1.0,1.0,10000,0,0.0034192180572506525,0.02929536724317102,10000,0
test,common,vowel_context20,n10,max_2s,cross_text_verification,far_0_1pct,0.575719896002527,evaluable,197,197,1.0,0.43777777777777777,,0.01885424220449601,0.00036258158085569254,197,2758,0,56,0,0,197,2758,0.0,0.28426395939086296,0.0,0.28426395939086296,0.0,0.0,10000,0,0.1347073653128308,0.4455000859465167,10000,0,0.0,0.0,10000,0,0.1347073653128308,0.4455000859465167,10000,0,1.0,1.0,10000,0,0.0034192180572506525,0.02929536724317102,10000,0
test,common,vowel_context20,n10,max_2s,cross_text_verification,eer_operating,0.49461186265697854,evaluable,197,197,1.0,0.43777777777777777,,0.01885424220449601,0.00036258158085569254,197,2758,20,9,0,0,197,2758,0.007251631617113851,0.04568527918781726,0.007251631617113851,0.04568527918781726,0.0007262164124909223,0.02069022655200982,10000,0,0.0,0.12376237623762376,10000,0,0.0007262164124909223,0.02069022655200982,10000,0,0.0,0.12376237623762376,10000,0,1.0,1.0,10000,0,0.0034192180572506525,0.02929536724317102,10000,0
test,common,vowel_context20,n10,max_2s,verification,far_1pct,0.5012077451164373,evaluable,243,243,1.0,0.324,,0.012345679012345678,0.00029394473838918284,243,3402,21,8,0,0,243,3402,0.006172839506172839,0.03292181069958848,0.006172839506172839,0.03292181069958848,0.0006138547231189442,0.016524503508197275,10000,0,0.0,0.07905138339920949,10000,0,0.0006138547231189442,0.016524503508197275,10000,0,0.0,0.07905138339920949,10000,0,1.0,1.0,10000,0,0.0030843653826492907,0.03345763792754817,10000,0
test,common,vowel_context20,n10,max_2s,verification,far_0_1pct,0.575719896002527,evaluable,243,243,1.0,0.324,,0.012345679012345678,0.00029394473838918284,243,3402,2,63,0,0,243,3402,0.0005878894767783657,0.25925925925925924,0.0005878894767783657,0.25925925925925924,0.0,0.0035028833100234974,10000,0,0.12663755458515283,0.3846223021582733,10000,0,0.0,0.0035028833100234974,10000,0,0.12663755458515283,0.3846223021582733,10000,0,1.0,1.0,10000,0,0.0030843653826492907,0.03345763792754817,10000,0
test,common,vowel_context20,n10,max_2s,verification,eer_operating,0.49461186265697854,evaluable,243,243,1.0,0.324,,0.012345679012345678,0.00029394473838918284,243,3402,25,7,0,0,243,3402,0.007348618459729571,0.02880658436213992,0.007348618459729571,0.02880658436213992,0.000674707110749301,0.019741656416751636,10000,0,0.0,0.07438112627330386,10000,0,0.000674707110749301,0.019741656416751636,10000,0,0.0,0.07438112627330386,10000,0,1.0,1.0,10000,0,0.0030843653826492907,0.03345763792754817,10000,0
test,common,vowel_context20,n10,max_3s,cross_text_verification,far_1pct,0.4945120183038734,evaluable,335,335,1.0,0.7444444444444445,,0.013859275053304905,0.00021321961620469082,335,4690,36,12,0,0,335,4690,0.00767590618336887,0.03582089552238806,0.00767590618336887,0.03582089552238806,0.00043724926691148815,0.022440537263914255,10000,0,0.0,0.08722741433021806,10000,0,0.00043724926691148815,0.022440537263914255,10000,0,0.0,0.08722741433021806,10000,0,1.0,1.0,10000,0,0.0017158184607992384,0.02338792568975027,10000,0
test,common,vowel_context20,n10,max_3s,cross_text_verification,far_0_1pct,0.5709980790169709,evaluable,335,335,1.0,0.7444444444444445,,0.013859275053304905,0.00021321961620469082,335,4690,1,78,0,0,335,4690,0.00021321961620469082,0.23283582089552238,0.00021321961620469082,0.23283582089552238,0.0,0.001280166635800015,10000,0,0.10644989704873026,0.3818315508021389,10000,0,0.0,0.001280166635800015,10000,0,0.10644989704873026,0.3818315508021389,10000,0,1.0,1.0,10000,0,0.0017158184607992384,0.02338792568975027,10000,0
test,common,vowel_context20,n10,max_3s,cross_text_verification,eer_operating,0.5108797474022342,evaluable,335,335,1.0,0.7444444444444445,,0.013859275053304905,0.00021321961620469082,335,4690,24,22,0,0,335,4690,0.00511727078891258,0.06567164179104477,0.00511727078891258,0.06567164179104477,0.0,0.0157297008453033,10000,0,0.011833446789199002,0.14706507248791859,10000,0,0.0,0.0157297008453033,10000,0,0.011833446789199002,0.14706507248791859,10000,0,1.0,1.0,10000,0,0.0017158184607992384,0.02338792568975027,10000,0
test,common,vowel_context20,n10,max_3s,verification,far_1pct,0.4945120183038734,evaluable,517,517,1.0,0.6893333333333334,,0.02141475545730865,0.00013815971262779773,517,7238,57,19,0,0,517,7238,0.007875103619784472,0.0367504835589942,0.007875103619784472,0.0367504835589942,0.0004640981510245306,0.02099414954896436,10000,0,0.003976143141153081,0.09195458532964437,10000,0,0.0004640981510245306,0.02099414954896436,10000,0,0.003976143141153081,0.09195458532964437,10000,0,1.0,1.0,10000,0,0.0038095238095238095,0.03496836255550062,10000,0
test,common,vowel_context20,n10,max_3s,verification,far_0_1pct,0.5709980790169709,evaluable,517,517,1.0,0.6893333333333334,,0.02141475545730865,0.00013815971262779773,517,7238,6,111,0,0,517,7238,0.0008289582757667864,0.21470019342359767,0.0008289582757667864,0.21470019342359767,0.0,0.005124338318938989,10000,0,0.10826771653543307,0.33269607558033865,10000,0,0.0,0.005124338318938989,10000,0,0.10826771653543307,0.33269607558033865,10000,0,1.0,1.0,10000,0,0.0038095238095238095,0.03496836255550062,10000,0
test,common,vowel_context20,n10,max_3s,verification,eer_operating,0.5108797474022342,evaluable,517,517,1.0,0.6893333333333334,,0.02141475545730865,0.00013815971262779773,517,7238,35,25,0,0,517,7238,0.004835589941972921,0.048355899419729204,0.004835589941972921,0.048355899419729204,0.00015087166403245547,0.015428849115403926,10000,0,0.005905511811023622,0.12045889101338432,10000,0,0.00015087166403245547,0.015428849115403926,10000,0,0.005905511811023622,0.12045889101338432,10000,0,1.0,1.0,10000,0,0.0038095238095238095,0.03496836255550062,10000,0
test,common,vowel_context20,n10,max_5s,cross_text_verification,far_1pct,0.4899532591097062,evaluable,387,387,1.0,0.86,,0.01273532668881506,0.00018456995201181247,387,5418,46,9,0,0,387,5418,0.008490217792543374,0.023255813953488372,0.008490217792543374,0.023255813953488372,0.0003960356843285279,0.023867984938419292,10000,0,0.0,0.06648936170212766,10000,0,0.0003960356843285279,0.023867984938419292,10000,0,0.0,0.06648936170212766,10000,0,1.0,1.0,10000,0,0.0015599713482702734,0.022755597295974074,10000,0
test,common,vowel_context20,n10,max_5s,cross_text_verification,far_0_1pct,0.5594641815783393,evaluable,387,387,1.0,0.86,,0.01273532668881506,0.00018456995201181247,387,5418,2,70,0,0,387,5418,0.00036913990402362494,0.18087855297157623,0.00036913990402362494,0.18087855297157623,0.0,0.0022868699848670217,10000,0,0.06752809366799004,0.3265704719387749,10000,0,0.0,0.0022868699848670217,10000,0,0.06752809366799004,0.3265704719387749,10000,0,1.0,1.0,10000,0,0.0015599713482702734,0.022755597295974074,10000,0
test,common,vowel_context20,n10,max_5s,cross_text_verification,eer_operating,0.5082124882497411,evaluable,387,387,1.0,0.86,,0.01273532668881506,0.00018456995201181247,387,5418,24,19,0,0,387,5418,0.004429678848283499,0.04909560723514212,0.004429678848283499,0.04909560723514212,0.0,0.013199482430168238,10000,0,0.005249343832020997,0.11111798679867976,10000,0,0.0,0.013199482430168238,10000,0,0.005249343832020997,0.11111798679867976,10000,0,1.0,1.0,10000,0,0.0015599713482702734,0.022755597295974074,10000,0
test,common,vowel_context20,n10,max_5s,verification,far_1pct,0.4899532591097062,evaluable,674,674,1.0,0.8986666666666666,,0.01738024586689275,0.000105977108944468,674,9436,73,19,0,0,674,9436,0.007736328952946164,0.028189910979228485,0.007736328952946164,0.028189910979228485,0.00033466269803976325,0.020957433251821166,10000,0,0.0,0.07929515418502203,10000,0,0.00033466269803976325,0.020957433251821166,10000,0,0.0,0.07929515418502203,10000,0,1.0,1.0,10000,0,0.0022092087175962496,0.028376569456431418,10000,0
test,common,vowel_context20,n10,max_5s,verification,far_0_1pct,0.5594641815783393,evaluable,674,674,1.0,0.8986666666666666,,0.01738024586689275,0.000105977108944468,674,9436,9,105,0,0,674,9436,0.0009537939805002119,0.15578635014836795,0.0009537939805002119,0.15578635014836795,0.0,0.005326438868350384,10000,0,0.0663554685270787,0.261119294645556,10000,0,0.0,0.005326438868350384,10000,0,0.0663554685270787,0.261119294645556,10000,0,1.0,1.0,10000,0,0.0022092087175962496,0.028376569456431418,10000,0
test,common,vowel_context20,n10,max_5s,verification,eer_operating,0.5082124882497411,evaluable,674,674,1.0,0.8986666666666666,,0.01738024586689275,0.000105977108944468,674,9436,39,28,0,0,674,9436,0.004133107248834251,0.04154302670623145,0.004133107248834251,0.04154302670623145,0.0,0.014433926222002768,10000,0,0.003003003003003003,0.10298507462686567,10000,0,0.0,0.014433926222002768,10000,0,0.003003003003003003,0.10298507462686567,10000,0,1.0,1.0,10000,0,0.0022092087175962496,0.028376569456431418,10000,0
test,common,vowel_context20,n5,full,cross_text_verification,far_1pct,0.46758138380330755,evaluable,392,392,1.0,0.8711111111111111,,0.013848396501457727,0.00018221574344023323,392,5488,66,10,0,0,392,5488,0.012026239067055394,0.025510204081632654,0.012026239067055394,0.025510204081632654,0.0003916960438699569,0.03159359221859222,10000,0,0.005249343832020997,0.04926332288401251,10000,0,0.0003916960438699569,0.03159359221859222,10000,0,0.005249343832020997,0.04926332288401251,10000,0,1.0,1.0,10000,0,0.0025508581295113466,0.026201972277145918,10000,0
test,common,vowel_context20,n5,full,cross_text_verification,far_0_1pct,0.521730294870316,evaluable,392,392,1.0,0.8711111111111111,,0.013848396501457727,0.00018221574344023323,392,5488,8,69,0,0,392,5488,0.0014577259475218659,0.1760204081632653,0.0014577259475218659,0.1760204081632653,0.0,0.006941833247632514,10000,0,0.07751937984496124,0.28974543080939946,10000,0,0.0,0.006941833247632514,10000,0,0.07751937984496124,0.28974543080939946,10000,0,1.0,1.0,10000,0,0.0025508581295113466,0.026201972277145918,10000,0
test,common,vowel_context20,n5,full,cross_text_verification,eer_operating,0.4786839210424531,evaluable,392,392,1.0,0.8711111111111111,,0.013848396501457727,0.00018221574344023323,392,5488,48,13,0,0,392,5488,0.008746355685131196,0.03316326530612245,0.008746355685131196,0.03316326530612245,0.00038550501156515033,0.023782603131893756,10000,0,0.010177471228736391,0.0625,10000,0,0.00038550501156515033,0.023782603131893756,10000,0,0.010177471228736391,0.0625,10000,0,1.0,1.0,10000,0,0.0025508581295113466,0.026201972277145918,10000,0
test,common,vowel_context20,n5,full,verification,far_1pct,0.46758138380330755,evaluable,735,735,1.0,0.98,,0.021477162293488825,9.718172983479106e-05,735,10290,100,32,0,0,735,10290,0.009718172983479106,0.04353741496598639,0.009718172983479106,0.04353741496598639,0.00010204081632653062,0.02714032421479227,10000,0,0.0,0.11428571428571428,10000,0,0.00010204081632653062,0.02714032421479227,10000,0,0.0,0.11428571428571428,10000,0,1.0,1.0,10000,0,0.001854079700061844,0.04081632653061224,10000,0
test,common,vowel_context20,n5,full,verification,far_0_1pct,0.521730294870316,evaluable,735,735,1.0,0.98,,0.021477162293488825,9.718172983479106e-05,735,10290,12,97,0,0,735,10290,0.0011661807580174927,0.13197278911564625,0.0011661807580174927,0.13197278911564625,0.0,0.007346938775510204,10000,0,0.04081632653061224,0.24625850340136055,10000,0,0.0,0.007346938775510204,10000,0,0.04081632653061224,0.24625850340136055,10000,0,1.0,1.0,10000,0,0.001854079700061844,0.04081632653061224,10000,0
test,common,vowel_context20,n5,full,verification,eer_operating,0.4786839210424531,evaluable,735,735,1.0,0.98,,0.021477162293488825,9.718172983479106e-05,735,10290,75,35,0,0,735,10290,0.007288629737609329,0.047619047619047616,0.007288629737609329,0.047619047619047616,0.0,0.020816429602143888,10000,0,0.0027210884353741495,0.12108843537414966,10000,0,0.0,0.020816429602143888,10000,0,0.0027210884353741495,0.12108843537414966,10000,0,1.0,1.0,10000,0,0.001854079700061844,0.04081632653061224,10000,0
test,common,vowel_context20,n5,max_1s,cross_text_verification,far_1pct,0.49082421626815237,not_evaluable,28,28,1.0,0.06222222222222222,jvs003;jvs048,,,28,392,3,4,0,0,28,392,,,0.007653061224489796,0.14285714285714285,,,,,,,,,0.0,0.025,10000,0,0.0,0.35714285714285715,10000,0,1.0,1.0,10000,0,,,,
test,common,vowel_context20,n5,max_1s,cross_text_verification,far_0_1pct,0.54587137553185,not_evaluable,28,28,1.0,0.06222222222222222,jvs003;jvs048,,,28,392,0,12,0,0,28,392,,,0.0,0.42857142857142855,,,,,,,,,0.0,0.0,10000,0,0.15384615384615385,0.7083333333333334,10000,0,1.0,1.0,10000,0,,,,
test,common,vowel_context20,n5,max_1s,cross_text_verification,eer_operating,0.48364432822237624,not_evaluable,28,28,1.0,0.06222222222222222,jvs003;jvs048,,,28,392,4,4,0,0,28,392,,,0.01020408163265306,0.14285714285714285,,,,,,,,,0.0,0.03468308445728964,10000,0,0.0,0.35714285714285715,10000,0,1.0,1.0,10000,0,,,,
test,common,vowel_context20,n5,max_1s,verification,far_1pct,0.49082421626815237,not_evaluable,37,37,1.0,0.04933333333333333,jvs006;jvs065,,,37,518,8,2,0,0,37,518,,,0.015444015444015444,0.05405405405405406,,,,,,,,,0.0,0.04743255928853752,10000,0,0.0,0.13043478260869565,10000,0,1.0,1.0,10000,0,,,,
test,common,vowel_context20,n5,max_1s,verification,far_0_1pct,0.54587137553185,not_evaluable,37,37,1.0,0.04933333333333333,jvs006;jvs065,,,37,518,1,7,0,0,37,518,,,0.0019305019305019305,0.1891891891891892,,,,,,,,,0.0,0.010101521285731805,10000,0,0.07687500000000005,0.3125,10000,0,1.0,1.0,10000,0,,,,
test,common,vowel_context20,n5,max_1s,verification,eer_operating,0.48364432822237624,not_evaluable,37,37,1.0,0.04933333333333333,jvs006;jvs065,,,37,518,8,2,0,0,37,518,,,0.015444015444015444,0.05405405405405406,,,,,,,,,0.0,0.04743255928853752,10000,0,0.0,0.13043478260869565,10000,0,1.0,1.0,10000,0,,,,
test,common,vowel_context20,n5,max_2s,cross_text_verification,far_1pct,0.48959546705422036,evaluable,197,197,1.0,0.43777777777777777,,0.02030456852791878,0.00036258158085569254,197,2758,19,22,0,0,197,2758,0.006889050036258158,0.1116751269035533,0.006889050036258158,0.1116751269035533,0.0,0.01866067394354473,10000,0,0.036458333333333336,0.19282904570844145,10000,0,0.0,0.01866067394354473,10000,0,0.036458333333333336,0.19282904570844145,10000,0,1.0,1.0,10000,0,0.005405405405405406,0.03867403314917127,10000,0
test,common,vowel_context20,n5,max_2s,cross_text_verification,far_0_1pct,0.5495967760396979,evaluable,197,197,1.0,0.43777777777777777,,0.02030456852791878,0.00036258158085569254,197,2758,1,70,0,0,197,2758,0.00036258158085569254,0.3553299492385787,0.00036258158085569254,0.3553299492385787,0.0,0.0022043020918874525,10000,0,0.19322350543478262,0.5115234165684278,10000,0,0.0,0.0022043020918874525,10000,0,0.19322350543478262,0.5115234165684278,10000,0,1.0,1.0,10000,0,0.005405405405405406,0.03867403314917127,10000,0
test,common,vowel_context20,n5,max_2s,cross_text_verification,eer_operating,0.48441688322931814,evaluable,197,197,1.0,0.43777777777777777,,0.02030456852791878,0.00036258158085569254,197,2758,24,18,0,0,197,2758,0.00870195794053662,0.09137055837563451,0.00870195794053662,0.09137055837563451,0.000714260240472794,0.023501161400580894,10000,0,0.023121387283236993,0.16585423650445036,10000,0,0.000714260240472794,0.023501161400580894,10000,0,0.023121387283236993,0.16585423650445036,10000,0,1.0,1.0,10000,0,0.005405405405405406,0.03867403314917127,10000,0
test,common,vowel_context20,n5,max_2s,verification,far_1pct,0.48959546705422036,evaluable,243,243,1.0,0.324,,0.0205761316872428,0.00029394473838918284,243,3402,21,23,0,0,243,3402,0.006172839506172839,0.09465020576131687,0.006172839506172839,0.09465020576131687,0.0,0.018558409396849915,10000,0,0.024792365600196386,0.17712177121771217,10000,0,0.0,0.018558409396849915,10000,0,0.024792365600196386,0.17712177121771217,10000,0,1.0,1.0,10000,0,0.007130018926162562,0.03669818386070023,10000,0
test,common,vowel_context20,n5,max_2s,verification,far_0_1pct,0.5495967760396979,evaluable,243,243,1.0,0.324,,0.0205761316872428,0.00029394473838918284,243,3402,2,75,0,0,243,3402,0.0005878894767783657,0.30864197530864196,0.0005878894767783657,0.30864197530864196,0.0,0.0035028833100234974,10000,0,0.15226113794954374,0.4504877441994447,10000,0,0.0,0.0035028833100234974,10000,0,0.15226113794954374,0.4504877441994447,10000,0,1.0,1.0,10000,0,0.007130018926162562,0.03669818386070023,10000,0
test,common,vowel_context20,n5,max_2s,verification,eer_operating,0.48441688322931814,evaluable,243,243,1.0,0.324,,0.0205761316872428,0.00029394473838918284,243,3402,24,18,0,0,243,3402,0.007054673721340388,0.07407407407407407,0.007054673721340388,0.07407407407407407,0.0,0.021548985202831356,10000,0,0.0165272251130837,0.15531150512911202,10000,0,0.0,0.021548985202831356,10000,0,0.0165272251130837,0.15531150512911202,10000,0,1.0,1.0,10000,0,0.007130018926162562,0.03669818386070023,10000,0
test,common,vowel_context20,n5,max_3s,cross_text_verification,far_1pct,0.47892687002771933,evaluable,335,335,1.0,0.7444444444444445,,0.01577825159914712,0.00021321961620469082,335,4690,46,17,0,0,335,4690,0.009808102345415778,0.050746268656716415,0.009808102345415778,0.050746268656716415,0.0,0.026618774680159066,10000,0,0.013027207657358509,0.09649122807017543,10000,0,0.0,0.026618774680159066,10000,0,0.013027207657358509,0.09649122807017543,10000,0,1.0,1.0,10000,0,0.0033154824805701174,0.02952495380340688,10000,0
test,common,vowel_context20,n5,max_3s,cross_text_verification,far_0_1pct,0.5507119966843891,evaluable,335,335,1.0,0.7444444444444445,,0.01577825159914712,0.00021321961620469082,335,4690,2,108,0,0,335,4690,0.00042643923240938164,0.32238805970149254,0.00042643923240938164,0.32238805970149254,0.0,0.0015521236451777277,10000,0,0.16300221661627498,0.48844260941370765,10000,0,0.0,0.0015521236451777277,10000,0,0.16300221661627498,0.48844260941370765,10000,0,1.0,1.0,10000,0,0.0033154824805701174,0.02952495380340688,10000,0
test,common,vowel_context20,n5,max_3s,cross_text_verification,eer_operating,0.4727687401853091,evaluable,335,335,1.0,0.7444444444444445,,0.01577825159914712,0.00021321961620469082,335,4690,51,14,0,0,335,4690,0.010874200426439232,0.041791044776119404,0.010874200426439232,0.041791044776119404,0.0004414719425173728,0.029163520715759762,10000,0,0.008823529411764706,0.08695652173913043,10000,0,0.0004414719425173728,0.029163520715759762,10000,0,0.008823529411764706,0.08695652173913043,10000,0,1.0,1.0,10000,0,0.0033154824805701174,0.02952495380340688,10000,0
test,common,vowel_context20,n5,max_3s,verification,far_1pct,0.47892687002771933,evaluable,517,517,1.0,0.6893333333333334,,0.027770102238187346,0.00013815971262779773,517,7238,68,32,0,0,517,7238,0.009394860458690245,0.061895551257253385,0.009394860458690245,0.061895551257253385,0.0003175560914644587,0.025226685356344977,10000,0,0.01160541586073501,0.14364666652923228,10000,0,0.0003175560914644587,0.025226685356344977,10000,0,0.01160541586073501,0.14364666652923228,10000,0,1.0,1.0,10000,0,0.0078125,0.04734848484848485,10000,0
test,common,vowel_context20,n5,max_3s,verification,far_0_1pct,0.5507119966843891,evaluable,517,517,1.0,0.6893333333333334,,0.027770102238187346,0.00013815971262779773,517,7238,8,150,0,0,517,7238,0.0011052777010223818,0.2901353965183752,0.0011052777010223818,0.2901353965183752,0.0,0.006832451091918652,10000,0,0.1524709815670946,0.4366478183486441,10000,0,0.0,0.006832451091918652,10000,0,0.1524709815670946,0.4366478183486441,10000,0,1.0,1.0,10000,0,0.0078125,0.04734848484848485,10000,0
test,common,vowel_context20,n5,max_3s,verification,eer_operating,0.4727687401853091,evaluable,517,517,1.0,0.6893333333333334,,0.027770102238187346,0.00013815971262779773,517,7238,78,28,0,0,517,7238,0.010776457584968223,0.05415860735009671,0.010776457584968223,0.05415860735009671,0.0007719984357039371,0.028584567258277654,10000,0,0.007736943907156673,0.13174139293115483,10000,0,0.0007719984357039371,0.028584567258277654,10000,0,0.007736943907156673,0.13174139293115483,10000,0,1.0,1.0,10000,0,0.0078125,0.04734848484848485,10000,0
test,common,vowel_context20,n5,max_5s,cross_text_verification,far_1pct,0.47795598799201117,evaluable,387,387,1.0,0.86,,0.014950166112956811,0.00018456995201181247,387,5418,53,15,0,0,387,5418,0.009782207456626061,0.03875968992248062,0.009782207456626061,0.03875968992248062,0.00038908240085071423,0.02568373734508023,10000,0,0.010838647470032653,0.07088607594936709,10000,0,0.00038908240085071423,0.02568373734508023,10000,0,0.010838647470032653,0.07088607594936709,10000,0,1.0,1.0,10000,0,0.002816165006647039,0.02784228547578678,10000,0
test,common,vowel_context20,n5,max_5s,cross_text_verification,far_0_1pct,0.5344122811557778,evaluable,387,387,1.0,0.86,,0.014950166112956811,0.00018456995201181247,387,5418,2,94,0,0,387,5418,0.00036913990402362494,0.24289405684754523,0.00036913990402362494,0.24289405684754523,0.0,0.0022868699848670217,10000,0,0.1111111111111111,0.38542498464373454,10000,0,0.0,0.0022868699848670217,10000,0,0.1111111111111111,0.38542498464373454,10000,0,1.0,1.0,10000,0,0.002816165006647039,0.02784228547578678,10000,0
test,common,vowel_context20,n5,max_5s,cross_text_verification,eer_operating,0.48335187313873873,evaluable,387,387,1.0,0.86,,0.014950166112956811,0.00018456995201181247,387,5418,45,23,0,0,387,5418,0.008305647840531562,0.059431524547803614,0.008305647840531562,0.059431524547803614,0.0,0.022503229492855617,10000,0,0.02356020942408377,0.1015625,10000,0,0.0,0.022503229492855617,10000,0,0.02356020942408377,0.1015625,10000,0,1.0,1.0,10000,0,0.002816165006647039,0.02784228547578678,10000,0
test,common,vowel_context20,n5,max_5s,verification,far_1pct,0.47795598799201117,evaluable,674,674,1.0,0.8986666666666666,,0.02225519287833828,0.000105977108944468,674,9436,83,37,0,0,674,9436,0.008796100042390844,0.05489614243323442,0.008796100042390844,0.05489614243323442,0.00021933314870482463,0.023963197580063895,10000,0,0.008982035928143712,0.12609970674486803,10000,0,0.00021933314870482463,0.023963197580063895,10000,0,0.008982035928143712,0.12609970674486803,10000,0,1.0,1.0,10000,0,0.0032743778049775605,0.0420440609576735,10000,0
test,common,vowel_context20,n5,max_5s,verification,far_0_1pct,0.5344122811557778,evaluable,674,674,1.0,0.8986666666666666,,0.02225519287833828,0.000105977108944468,674,9436,13,135,0,0,674,9436,0.001377702416278084,0.20029673590504452,0.001377702416278084,0.20029673590504452,0.0,0.0073206855294472364,10000,0,0.0872766049739734,0.33092511539901026,10000,0,0.0,0.0073206855294472364,10000,0,0.0872766049739734,0.33092511539901026,10000,0,1.0,1.0,10000,0,0.0032743778049775605,0.0420440609576735,10000,0
test,common,vowel_context20,n5,max_5s,verification,eer_operating,0.48335187313873873,evaluable,674,674,1.0,0.8986666666666666,,0.02225519287833828,0.000105977108944468,674,9436,74,43,0,0,674,9436,0.007842306061890632,0.06379821958456973,0.007842306061890632,0.06379821958456973,0.0,0.02171796652846816,10000,0,0.010557671863926294,0.14535412646829823,10000,0,0.0,0.02171796652846816,10000,0,0.010557671863926294,0.14535412646829823,10000,0,1.0,1.0,10000,0,0.0032743778049775605,0.0420440609576735,10000,0
test,common,vowel_exact,n1,full,cross_text_verification,far_1pct,0.37496812613021224,evaluable,392,392,1.0,0.8711111111111111,,0.07033527696793003,0.00018221574344023323,392,5488,57,126,0,0,392,5488,0.010386297376093295,0.32142857142857145,0.010386297376093295,0.32142857142857145,0.0,0.029516519858100287,10000,0,0.1439306526806527,0.5264483627204031,10000,0,0.0,0.029516519858100287,10000,0,0.1439306526806527,0.5264483627204031,10000,0,1.0,1.0,10000,0,0.035113834203830185,0.10333269015720146,10000,0
test,common,vowel_exact,n1,full,cross_text_verification,far_0_1pct,0.43475409329918485,evaluable,392,392,1.0,0.8711111111111111,,0.07033527696793003,0.00018221574344023323,392,5488,7,209,0,0,392,5488,0.0012755102040816326,0.5331632653061225,0.0012755102040816326,0.5331632653061225,0.0,0.004819470965115488,10000,0,0.3184150717703349,0.7441860465116279,10000,0,0.0,0.004819470965115488,10000,0,0.3184150717703349,0.7441860465116279,10000,0,1.0,1.0,10000,0,0.035113834203830185,0.10333269015720146,10000,0
test,common,vowel_exact,n1,full,cross_text_verification,eer_operating,0.3128591889129729,evaluable,392,392,1.0,0.8711111111111111,,0.07033527696793003,0.00018221574344023323,392,5488,237,49,0,0,392,5488,0.04318513119533528,0.125,0.04318513119533528,0.125,0.009972923711691995,0.09462490813445243,10000,0,0.030534351145038167,0.24548032577764692,10000,0,0.009972923711691995,0.09462490813445243,10000,0,0.030534351145038167,0.24548032577764692,10000,0,1.0,1.0,10000,0,0.035113834203830185,0.10333269015720146,10000,0
test,common,vowel_exact,n1,full,verification,far_1pct,0.37496812613021224,evaluable,735,735,1.0,0.98,,0.05403304178814383,9.718172983479106e-05,735,10290,99,224,0,0,735,10290,0.009620991253644314,0.3047619047619048,0.009620991253644314,0.3047619047619048,0.0001999757996682459,0.029431328689913286,10000,0,0.13465986394557827,0.49387755102040815,10000,0,0.0001999757996682459,0.029431328689913286,10000,0,0.13465986394557827,0.49387755102040815,10000,0,1.0,1.0,10000,0,0.02497694138139127,0.08571428571428572,10000,0
test,common,vowel_exact,n1,full,verification,far_0_1pct,0.43475409329918485,evaluable,735,735,1.0,0.98,,0.05403304178814383,9.718172983479106e-05,735,10290,9,406,0,0,735,10290,0.0008746355685131195,0.5523809523809524,0.0008746355685131195,0.5523809523809524,0.0,0.0031887755102040817,10000,0,0.33741496598639453,0.7646258503401361,10000,0,0.0,0.0031887755102040817,10000,0,0.33741496598639453,0.7646258503401361,10000,0,1.0,1.0,10000,0,0.02497694138139127,0.08571428571428572,10000,0
test,common,vowel_exact,n1,full,verification,eer_operating,0.3128591889129729,evaluable,735,735,1.0,0.98,,0.05403304178814383,9.718172983479106e-05,735,10290,422,82,0,0,735,10290,0.041010689990281825,0.11156462585034013,0.041010689990281825,0.11156462585034013,0.007164025184541902,0.09322006738301379,10000,0,0.01904761904761905,0.23401360544217686,10000,0,0.007164025184541902,0.09322006738301379,10000,0,0.01904761904761905,0.23401360544217686,10000,0,1.0,1.0,10000,0,0.02497694138139127,0.08571428571428572,10000,0
test,common,vowel_exact,n1,max_1s,cross_text_verification,far_1pct,0.4166362125059939,not_evaluable,28,28,1.0,0.06222222222222222,jvs003;jvs048,,,28,392,3,14,0,0,28,392,,,0.007653061224489796,0.5,,,,,,,,,0.0,0.02367216117216112,10000,0,0.21621621621621623,0.7931034482758621,10000,0,1.0,1.0,10000,0,,,,
test,common,vowel_exact,n1,max_1s,cross_text_verification,far_0_1pct,0.4777364596105926,not_evaluable,28,28,1.0,0.06222222222222222,jvs003;jvs048,,,28,392,0,17,0,0,28,392,,,0.0,0.6071428571428571,,,,,,,,,0.0,0.0,10000,0,0.3333333333333333,0.8709677419354839,10000,0,1.0,1.0,10000,0,,,,
test,common,vowel_exact,n1,max_1s,cross_text_verification,eer_operating,0.30611229795180406,not_evaluable,28,28,1.0,0.06222222222222222,jvs003;jvs048,,,28,392,26,6,0,0,28,392,,,0.0663265306122449,0.21428571428571427,,,,,,,,,0.019886363636363636,0.1331700167504187,10000,0,0.0,0.4571726190476186,10000,0,1.0,1.0,10000,0,,,,
test,common,vowel_exact,n1,max_1s,verification,far_1pct,0.4166362125059939,not_evaluable,37,37,1.0,0.04933333333333333,jvs006;jvs065,,,37,518,5,17,0,0,37,518,,,0.009652509652509652,0.4594594594594595,,,,,,,,,0.0,0.03673544417767106,10000,0,0.24242424242424243,0.7058823529411765,10000,0,1.0,1.0,10000,0,,,,
test,common,vowel_exact,n1,max_1s,verification,far_0_1pct,0.4777364596105926,not_evaluable,37,37,1.0,0.04933333333333333,jvs006;jvs065,,,37,518,1,24,0,0,37,518,,,0.0019305019305019305,0.6486486486486487,,,,,,,,,0.0,0.010101521285731805,10000,0,0.45161290322580644,0.8387419354838705,10000,0,1.0,1.0,10000,0,,,,
test,common,vowel_exact,n1,max_1s,verification,eer_operating,0.30611229795180406,not_evaluable,37,37,1.0,0.04933333333333333,jvs006;jvs065,,,37,518,36,5,0,0,37,518,,,0.0694980694980695,0.13513513513513514,,,,,,,,,0.022727272727272728,0.14572915183203466,10000,0,0.02564102564102564,0.27586206896551724,10000,0,1.0,1.0,10000,0,,,,
test,common,vowel_exact,n1,max_2s,cross_text_verification,far_1pct,0.3992744266187879,evaluable,197,197,1.0,0.43777777777777777,,0.08121827411167512,0.00036258158085569254,197,2758,13,85,0,0,197,2758,0.004713560551124003,0.43147208121827413,0.004713560551124003,0.43147208121827413,0.0,0.013006486670880186,10000,0,0.22330097087378642,0.6342592592592593,10000,0,0.0,0.013006486670880186,10000,0,0.22330097087378642,0.6342592592592593,10000,0,1.0,1.0,10000,0,0.04450525706139179,0.12066118718794708,10000,0
test,common,vowel_exact,n1,max_2s,cross_text_verification,far_0_1pct,0.4784324754798504,evaluable,197,197,1.0,0.43777777777777777,,0.08121827411167512,0.00036258158085569254,197,2758,1,138,0,0,197,2758,0.00036258158085569254,0.700507614213198,0.00036258158085569254,0.700507614213198,0.0,0.0020293032678703397,10000,0,0.5046696780727002,0.8744331395348836,10000,0,0.0,0.0020293032678703397,10000,0,0.5046696780727002,0.8744331395348836,10000,0,1.0,1.0,10000,0,0.04450525706139179,0.12066118718794708,10000,0
test,common,vowel_exact,n1,max_2s,cross_text_verification,eer_operating,0.30569040512279877,evaluable,197,197,1.0,0.43777777777777777,,0.08121827411167512,0.00036258158085569254,197,2758,155,26,0,0,197,2758,0.05620014503263234,0.1319796954314721,0.05620014503263234,0.1319796954314721,0.020532583577948092,0.1153955419580418,10000,0,0.03684210526315789,0.2474747474747475,10000,0,0.020532583577948092,0.1153955419580418,10000,0,0.03684210526315789,0.2474747474747475,10000,0,1.0,1.0,10000,0,0.04450525706139179,0.12066118718794708,10000,0
test,common,vowel_exact,n1,max_2s,verification,far_1pct,0.3992744266187879,evaluable,243,243,1.0,0.324,,0.07407407407407407,0.00029394473838918284,243,3402,19,115,0,0,243,3402,0.005584950029394474,0.4732510288065844,0.005584950029394474,0.4732510288065844,0.000325303755733096,0.017073691890765054,10000,0,0.2683982683982684,0.6575927268423309,10000,0,0.000325303755733096,0.017073691890765054,10000,0,0.2683982683982684,0.6575927268423309,10000,0,1.0,1.0,10000,0,0.04504504504504504,0.10192125003620353,10000,0
test,common,vowel_exact,n1,max_2s,verification,far_0_1pct,0.4784324754798504,evaluable,243,243,1.0,0.324,,0.07407407407407407,0.00029394473838918284,243,3402,1,173,0,0,243,3402,0.00029394473838918284,0.7119341563786008,0.00029394473838918284,0.7119341563786008,0.0,0.0016648399797621369,10000,0,0.49568776467029646,0.8866456299118838,10000,0,0.0,0.0016648399797621369,10000,0,0.49568776467029646,0.8866456299118838,10000,0,1.0,1.0,10000,0,0.04504504504504504,0.10192125003620353,10000,0
test,common,vowel_exact,n1,max_2s,verification,eer_operating,0.30569040512279877,evaluable,243,243,1.0,0.324,,0.07407407407407407,0.00029394473838918284,243,3402,167,37,0,0,243,3402,0.04908877131099353,0.1522633744855967,0.04908877131099353,0.1522633744855967,0.01870139647767415,0.09856909161174182,10000,0,0.04700854700854701,0.27862751845826556,10000,0,0.01870139647767415,0.09856909161174182,10000,0,0.04700854700854701,0.27862751845826556,10000,0,1.0,1.0,10000,0,0.04504504504504504,0.10192125003620353,10000,0
test,common,vowel_exact,n1,max_3s,cross_text_verification,far_1pct,0.38600451149654225,evaluable,335,335,1.0,0.7444444444444445,,0.07739872068230277,0.00021321961620469082,335,4690,35,124,0,0,335,4690,0.007462686567164179,0.3701492537313433,0.007462686567164179,0.3701492537313433,0.00044463218659401214,0.02103080539249825,10000,0,0.18674698795180722,0.5688822046309855,10000,0,0.00044463218659401214,0.02103080539249825,10000,0,0.18674698795180722,0.5688822046309855,10000,0,1.0,1.0,10000,0,0.03888775971093045,0.1111117807778849,10000,0
test,common,vowel_exact,n1,max_3s,cross_text_verification,far_0_1pct,0.46123899708143223,evaluable,335,335,1.0,0.7444444444444445,,0.07739872068230277,0.00021321961620469082,335,4690,3,207,0,0,335,4690,0.0006396588486140725,0.6179104477611941,0.0006396588486140725,0.6179104477611941,0.0,0.0024144280378290846,10000,0,0.4148568111455109,0.8089629509130098,10000,0,0.0,0.0024144280378290846,10000,0,0.4148568111455109,0.8089629509130098,10000,0,1.0,1.0,10000,0,0.03888775971093045,0.1111117807778849,10000,0
test,common,vowel_exact,n1,max_3s,cross_text_verification,eer_operating,0.30923760841752407,evaluable,335,335,1.0,0.7444444444444445,,0.07739872068230277,0.00021321961620469082,335,4690,236,41,0,0,335,4690,0.05031982942430704,0.12238805970149254,0.05031982942430704,0.12238805970149254,0.015546639919759278,0.10505515416352637,10000,0,0.03225806451612903,0.23460410557184752,10000,0,0.015546639919759278,0.10505515416352637,10000,0,0.03225806451612903,0.23460410557184752,10000,0,1.0,1.0,10000,0,0.03888775971093045,0.1111117807778849,10000,0
test,common,vowel_exact,n1,max_3s,verification,far_1pct,0.38600451149654225,evaluable,517,517,1.0,0.6893333333333334,,0.06825089803813209,0.00013815971262779773,517,7238,78,191,0,0,517,7238,0.010776457584968223,0.3694390715667311,0.010776457584968223,0.3694390715667311,0.0006062443164595332,0.03179110968851006,10000,0,0.19411470588235294,0.548984270233047,10000,0,0.0006062443164595332,0.03179110968851006,10000,0,0.19411470588235294,0.548984270233047,10000,0,1.0,1.0,10000,0,0.03935936498449492,0.09589238293061285,10000,0
test,common,vowel_exact,n1,max_3s,verification,far_0_1pct,0.46123899708143223,evaluable,517,517,1.0,0.6893333333333334,,0.06825089803813209,0.00013815971262779773,517,7238,8,327,0,0,517,7238,0.0011052777010223818,0.632495164410058,0.0011052777010223818,0.632495164410058,0.0,0.0037504378324668486,10000,0,0.43373001207283124,0.8171433901918976,10000,0,0.0,0.0037504378324668486,10000,0,0.43373001207283124,0.8171433901918976,10000,0,1.0,1.0,10000,0,0.03935936498449492,0.09589238293061285,10000,0
test,common,vowel_exact,n1,max_3s,verification,eer_operating,0.30923760841752407,evaluable,517,517,1.0,0.6893333333333334,,0.06825089803813209,0.00013815971262779773,517,7238,336,62,0,0,517,7238,0.04642166344294004,0.11992263056092843,0.04642166344294004,0.11992263056092843,0.013236985982411843,0.09790065459845132,10000,0,0.03807615230460922,0.21772788309222327,10000,0,0.013236985982411843,0.09790065459845132,10000,0,0.03807615230460922,0.21772788309222327,10000,0,1.0,1.0,10000,0,0.03935936498449492,0.09589238293061285,10000,0
test,common,vowel_exact,n1,max_5s,cross_text_verification,far_1pct,0.3792165755130675,evaluable,387,387,1.0,0.86,,0.07087486157253599,0.00018456995201181247,387,5418,50,130,0,0,387,5418,0.009228497600590625,0.3359173126614987,0.009228497600590625,0.3359173126614987,0.00018981278231221523,0.02642810505269798,10000,0,0.15503875968992248,0.5398072621389177,10000,0,0.00018981278231221523,0.02642810505269798,10000,0,0.15503875968992248,0.5398072621389177,10000,0,1.0,1.0,10000,0,0.03596124100184425,0.10499401350798199,10000,0
test,common,vowel_exact,n1,max_5s,cross_text_verification,far_0_1pct,0.44342135971526137,evaluable,387,387,1.0,0.86,,0.07087486157253599,0.00018456995201181247,387,5418,5,213,0,0,387,5418,0.0009228497600590623,0.5503875968992248,0.0009228497600590623,0.5503875968992248,0.0,0.0036348949919224557,10000,0,0.33676092544987146,0.7595983844954752,10000,0,0.0,0.0036348949919224557,10000,0,0.33676092544987146,0.7595983844954752,10000,0,1.0,1.0,10000,0,0.03596124100184425,0.10499401350798199,10000,0
test,common,vowel_exact,n1,max_5s,cross_text_verification,eer_operating,0.3118433331179256,evaluable,387,387,1.0,0.86,,0.07087486157253599,0.00018456995201181247,387,5418,238,45,0,0,387,5418,0.04392764857881137,0.11627906976744186,0.04392764857881137,0.11627906976744186,0.01108746533215026,0.09493243448003505,10000,0,0.028205128205128206,0.22715995034441805,10000,0,0.01108746533215026,0.09493243448003505,10000,0,0.028205128205128206,0.22715995034441805,10000,0,1.0,1.0,10000,0,0.03596124100184425,0.10499401350798199,10000,0
test,common,vowel_exact,n1,max_5s,verification,far_1pct,0.3792165755130675,evaluable,674,674,1.0,0.8986666666666666,,0.058499364137346334,0.000105977108944468,674,9436,111,219,0,0,674,9436,0.011763459092835948,0.3249258160237389,0.011763459092835948,0.3249258160237389,0.00048076345506967806,0.035144888855265656,10000,0,0.15396335766889058,0.505934429007116,10000,0,0.00048076345506967806,0.035144888855265656,10000,0,0.15396335766889058,0.505934429007116,10000,0,1.0,1.0,10000,0,0.02874713823786259,0.08946824319958646,10000,0
test,common,vowel_exact,n1,max_5s,verification,far_0_1pct,0.44342135971526137,evaluable,674,674,1.0,0.8986666666666666,,0.058499364137346334,0.000105977108944468,674,9436,11,387,0,0,674,9436,0.0011657481983891479,0.5741839762611276,0.0011657481983891479,0.5741839762611276,0.0,0.004311494540798879,10000,0,0.37070124081599426,0.7700199724865586,10000,0,0.0,0.004311494540798879,10000,0,0.37070124081599426,0.7700199724865586,10000,0,1.0,1.0,10000,0,0.02874713823786259,0.08946824319958646,10000,0
test,common,vowel_exact,n1,max_5s,verification,eer_operating,0.3118433331179256,evaluable,674,674,1.0,0.8986666666666666,,0.058499364137346334,0.000105977108944468,674,9436,406,78,0,0,674,9436,0.04302670623145401,0.11572700296735905,0.04302670623145401,0.11572700296735905,0.00909090909090909,0.09501349917497588,10000,0,0.023880597014925373,0.2322290478279946,10000,0,0.00909090909090909,0.09501349917497588,10000,0,0.023880597014925373,0.2322290478279946,10000,0,1.0,1.0,10000,0,0.02874713823786259,0.08946824319958646,10000,0
test,common,vowel_exact,n10,full,cross_text_verification,far_1pct,0.4782227879111038,evaluable,392,392,1.0,0.8711111111111111,,0.012572886297376093,0.00018221574344023323,392,5488,46,8,0,0,392,5488,0.008381924198250729,0.02040816326530612,0.008381924198250729,0.02040816326530612,0.0,0.024267932275181606,10000,0,0.002564102564102564,0.0479828346758726,10000,0,0.0,0.024267932275181606,10000,0,0.002564102564102564,0.0479828346758726,10000,0,1.0,1.0,10000,0,0.0008126612755411541,0.022523369233895536,10000,0
test,common,vowel_exact,n10,full,cross_text_verification,far_0_1pct,0.5413681840933452,evaluable,392,392,1.0,0.8711111111111111,,0.012572886297376093,0.00018221574344023323,392,5488,3,70,0,0,392,5488,0.0005466472303206997,0.17857142857142858,0.0005466472303206997,0.17857142857142858,0.0,0.0023510971786833857,10000,0,0.06735751295336788,0.3148614609571788,10000,0,0.0,0.0023510971786833857,10000,0,0.06735751295336788,0.3148614609571788,10000,0,1.0,1.0,10000,0,0.0008126612755411541,0.022523369233895536,10000,0
test,common,vowel_exact,n10,full,cross_text_verification,eer_operating,0.502508332899292,evaluable,392,392,1.0,0.8711111111111111,,0.012572886297376093,0.00018221574344023323,392,5488,21,23,0,0,392,5488,0.003826530612244898,0.058673469387755105,0.003826530612244898,0.058673469387755105,0.0,0.016477158840426376,10000,0,0.010178117048346057,0.12977347080400511,10000,0,0.0,0.016477158840426376,10000,0,0.010178117048346057,0.12977347080400511,10000,0,1.0,1.0,10000,0,0.0008126612755411541,0.022523369233895536,10000,0
test,common,vowel_exact,n10,full,verification,far_1pct,0.4782227879111038,evaluable,735,735,1.0,0.98,,0.015257531584062196,9.718172983479106e-05,735,10290,75,19,0,0,735,10290,0.007288629737609329,0.02585034013605442,0.007288629737609329,0.02585034013605442,0.00010412328196584757,0.022387536009301663,10000,0,0.0,0.0707482993197279,10000,0,0.00010412328196584757,0.022387536009301663,10000,0,0.0,0.0707482993197279,10000,0,1.0,1.0,10000,0,0.0013605442176870747,0.02717510795940288,10000,0
test,common,vowel_exact,n10,full,verification,far_0_1pct,0.5413681840933452,evaluable,735,735,1.0,0.98,,0.015257531584062196,9.718172983479106e-05,735,10290,10,94,0,0,735,10290,0.0009718172983479105,0.12789115646258503,0.0009718172983479105,0.12789115646258503,0.0,0.006122448979591836,10000,0,0.04353741496598639,0.23129251700680273,10000,0,0.0,0.006122448979591836,10000,0,0.04353741496598639,0.23129251700680273,10000,0,1.0,1.0,10000,0,0.0013605442176870747,0.02717510795940288,10000,0
test,common,vowel_exact,n10,full,verification,eer_operating,0.502508332899292,evaluable,735,735,1.0,0.98,,0.015257531584062196,9.718172983479106e-05,735,10290,34,33,0,0,735,10290,0.003304178814382896,0.044897959183673466,0.003304178814382896,0.044897959183673466,0.0,0.014286268855368225,10000,0,0.0,0.11292517006802721,10000,0,0.0,0.014286268855368225,10000,0,0.0,0.11292517006802721,10000,0,1.0,1.0,10000,0,0.0013605442176870747,0.02717510795940288,10000,0
test,common,vowel_exact,n10,max_1s,cross_text_verification,far_1pct,0.4838095176391178,not_evaluable,28,28,1.0,0.06222222222222222,jvs003;jvs048,,,28,392,4,4,0,0,28,392,,,0.01020408163265306,0.14285714285714285,,,,,,,,,0.0,0.045,10000,0,0.0,0.2962962962962963,10000,0,1.0,1.0,10000,0,,,,
test,common,vowel_exact,n10,max_1s,cross_text_verification,far_0_1pct,0.5806285894740782,not_evaluable,28,28,1.0,0.06222222222222222,jvs003;jvs048,,,28,392,0,11,0,0,28,392,,,0.0,0.39285714285714285,,,,,,,,,0.0,0.0,10000,0,0.1111111111111111,0.680045454545454,10000,0,1.0,1.0,10000,0,,,,
test,common,vowel_exact,n10,max_1s,cross_text_verification,eer_operating,0.47729924157534104,not_evaluable,28,28,1.0,0.06222222222222222,jvs003;jvs048,,,28,392,5,2,0,0,28,392,,,0.012755102040816327,0.07142857142857142,,,,,,,,,0.0,0.04717166839994055,10000,0,0.0,0.18181818181818182,10000,0,1.0,1.0,10000,0,,,,
test,common,vowel_exact,n10,max_1s,verification,far_1pct,0.4838095176391178,not_evaluable,37,37,1.0,0.04933333333333333,jvs006;jvs065,,,37,518,10,1,0,0,37,518,,,0.019305019305019305,0.02702702702702703,,,,,,,,,0.0,0.050462429892656785,10000,0,0.0,0.1,10000,0,1.0,1.0,10000,0,,,,
test,common,vowel_exact,n10,max_1s,verification,far_0_1pct,0.5806285894740782,not_evaluable,37,37,1.0,0.04933333333333333,jvs006;jvs065,,,37,518,0,11,0,0,37,518,,,0.0,0.2972972972972973,,,,,,,,,0.0,0.0,10000,0,0.13333333333333333,0.4634146341463415,10000,0,1.0,1.0,10000,0,,,,
test,common,vowel_exact,n10,max_1s,verification,eer_operating,0.47729924157534104,not_evaluable,37,37,1.0,0.04933333333333333,jvs006;jvs065,,,37,518,11,1,0,0,37,518,,,0.021235521235521235,0.02702702702702703,,,,,,,,,0.0,0.0523657869113655,10000,0,0.0,0.1,10000,0,1.0,1.0,10000,0,,,,
test,common,vowel_exact,n10,max_2s,cross_text_verification,far_1pct,0.4990348970790563,evaluable,197,197,1.0,0.43777777777777777,,0.018129079042784626,0.00036258158085569254,197,2758,13,14,0,0,197,2758,0.004713560551124003,0.07106598984771574,0.004713560551124003,0.07106598984771574,0.0,0.0169802059806884,10000,0,0.015463917525773196,0.14000241545893718,10000,0,0.0,0.0169802059806884,10000,0,0.015463917525773196,0.14000241545893718,10000,0,1.0,1.0,10000,0,0.004842322583663778,0.0350001902587519,10000,0
test,common,vowel_exact,n10,max_2s,cross_text_verification,far_0_1pct,0.5651145365163728,evaluable,197,197,1.0,0.43777777777777777,,0.018129079042784626,0.00036258158085569254,197,2758,1,63,0,0,197,2758,0.00036258158085569254,0.3197969543147208,0.00036258158085569254,0.3197969543147208,0.0,0.0020293032678703397,10000,0,0.14285714285714285,0.5100182403433474,10000,0,0.0,0.0020293032678703397,10000,0,0.14285714285714285,0.5100182403433474,10000,0,1.0,1.0,10000,0,0.004842322583663778,0.0350001902587519,10000,0
test,common,vowel_exact,n10,max_2s,cross_text_verification,eer_operating,0.4886724704256717,evaluable,197,197,1.0,0.43777777777777777,,0.018129079042784626,0.00036258158085569254,197,2758,19,12,0,0,197,2758,0.006889050036258158,0.06091370558375635,0.006889050036258158,0.06091370558375635,0.00036952871037157676,0.020802699592380618,10000,0,0.013953488372093023,0.1192694782965904,10000,0,0.00036952871037157676,0.020802699592380618,10000,0,0.013953488372093023,0.1192694782965904,10000,0,1.0,1.0,10000,0,0.004842322583663778,0.0350001902587519,10000,0
test,common,vowel_exact,n10,max_2s,verification,far_1pct,0.4990348970790563,evaluable,243,243,1.0,0.324,,0.012639623750734862,0.00029394473838918284,243,3402,15,10,0,0,243,3402,0.004409171075837742,0.0411522633744856,0.004409171075837742,0.0411522633744856,0.0,0.012706839498745062,10000,0,0.004761904761904762,0.08837432915921285,10000,0,0.0,0.012706839498745062,10000,0,0.004761904761904762,0.08837432915921285,10000,0,1.0,1.0,10000,0,0.0037733717890429644,0.03106304807105839,10000,0
test,common,vowel_exact,n10,max_2s,verification,far_0_1pct,0.5651145365163728,evaluable,243,243,1.0,0.324,,0.012639623750734862,0.00029394473838918284,243,3402,2,63,0,0,243,3402,0.0005878894767783657,0.25925925925925924,0.0005878894767783657,0.25925925925925924,0.0,0.0035028833100234974,10000,0,0.13526520551199808,0.37349514790680227,10000,0,0.0,0.0035028833100234974,10000,0,0.13526520551199808,0.37349514790680227,10000,0,1.0,1.0,10000,0,0.0037733717890429644,0.03106304807105839,10000,0
test,common,vowel_exact,n10,max_2s,verification,eer_operating,0.4886724704256717,evaluable,243,243,1.0,0.324,,0.012639623750734862,0.00029394473838918284,243,3402,24,10,0,0,243,3402,0.007054673721340388,0.0411522633744856,0.007054673721340388,0.0411522633744856,0.00030635849523295557,0.01799756017211109,10000,0,0.004761904761904762,0.08837432915921285,10000,0,0.00030635849523295557,0.01799756017211109,10000,0,0.004761904761904762,0.08837432915921285,10000,0,1.0,1.0,10000,0,0.0037733717890429644,0.03106304807105839,10000,0
test,common,vowel_exact,n10,max_3s,cross_text_verification,far_1pct,0.4905037486215814,evaluable,335,335,1.0,0.7444444444444445,,0.01257995735607676,0.00021321961620469082,335,4690,32,16,0,0,335,4690,0.006823027718550106,0.04776119402985075,0.006823027718550106,0.04776119402985075,0.0,0.020823838317302164,10000,0,0.009433222925415508,0.09937934969692433,10000,0,0.0,0.020823838317302164,10000,0,0.009433222925415508,0.09937934969692433,10000,0,1.0,1.0,10000,0,0.0009652160766618599,0.024292660995908055,10000,0
test,common,vowel_exact,n10,max_3s,cross_text_verification,far_0_1pct,0.5645935991530994,evaluable,335,335,1.0,0.7444444444444445,,0.01257995735607676,0.00021321961620469082,335,4690,2,93,0,0,335,4690,0.00042643923240938164,0.27761194029850744,0.00042643923240938164,0.27761194029850744,0.0,0.00256033327160003,10000,0,0.12232071742529278,0.4518114832210196,10000,0,0.0,0.00256033327160003,10000,0,0.12232071742529278,0.4518114832210196,10000,0,1.0,1.0,10000,0,0.0009652160766618599,0.024292660995908055,10000,0
test,common,vowel_exact,n10,max_3s,cross_text_verification,eer_operating,0.4905037486215814,evaluable,335,335,1.0,0.7444444444444445,,0.01257995735607676,0.00021321961620469082,335,4690,32,16,0,0,335,4690,0.006823027718550106,0.04776119402985075,0.006823027718550106,0.04776119402985075,0.0,0.020823838317302164,10000,0,0.009433222925415508,0.09937934969692433,10000,0,0.0,0.020823838317302164,10000,0,0.009433222925415508,0.09937934969692433,10000,0,1.0,1.0,10000,0,0.0009652160766618599,0.024292660995908055,10000,0
test,common,vowel_exact,n10,max_3s,verification,far_1pct,0.4905037486215814,evaluable,517,517,1.0,0.6893333333333334,,0.019342359767891684,0.00013815971262779773,517,7238,54,26,0,0,517,7238,0.007460624481901078,0.05029013539651837,0.007460624481901078,0.05029013539651837,0.0,0.022255115308407743,10000,0,0.007797270955165692,0.11700429174340604,10000,0,0.0,0.022255115308407743,10000,0,0.007797270955165692,0.11700429174340604,10000,0,1.0,1.0,10000,0,0.003845969289827256,0.03297034319316294,10000,0
test,common,vowel_exact,n10,max_3s,verification,far_0_1pct,0.5645935991530994,evaluable,517,517,1.0,0.6893333333333334,,0.019342359767891684,0.00013815971262779773,517,7238,8,130,0,0,517,7238,0.0011052777010223818,0.2514506769825919,0.0011052777010223818,0.2514506769825919,0.0,0.00597839470542882,10000,0,0.13453815261044177,0.3811344249259018,10000,0,0.0,0.00597839470542882,10000,0,0.13453815261044177,0.3811344249259018,10000,0,1.0,1.0,10000,0,0.003845969289827256,0.03297034319316294,10000,0
test,common,vowel_exact,n10,max_3s,verification,eer_operating,0.4905037486215814,evaluable,517,517,1.0,0.6893333333333334,,0.019342359767891684,0.00013815971262779773,517,7238,54,26,0,0,517,7238,0.007460624481901078,0.05029013539651837,0.007460624481901078,0.05029013539651837,0.0,0.022255115308407743,10000,0,0.007797270955165692,0.11700429174340604,10000,0,0.0,0.022255115308407743,10000,0,0.007797270955165692,0.11700429174340604,10000,0,1.0,1.0,10000,0,0.003845969289827256,0.03297034319316294,10000,0
test,common,vowel_exact,n10,max_5s,cross_text_verification,far_1pct,0.4804677612551505,evaluable,387,387,1.0,0.86,,0.012919896640826873,0.00018456995201181247,387,5418,47,9,0,0,387,5418,0.008674787744555186,0.023255813953488372,0.008674787744555186,0.023255813953488372,0.0,0.02448307647246319,10000,0,0.002638522427440633,0.05167958656330749,10000,0,0.0,0.02448307647246319,10000,0,0.002638522427440633,0.05167958656330749,10000,0,1.0,1.0,10000,0,0.001181963401579018,0.0234375,10000,0
test,common,vowel_exact,n10,max_5s,cross_text_verification,far_0_1pct,0.5557905671662116,evaluable,387,387,1.0,0.86,,0.012919896640826873,0.00018456995201181247,387,5418,2,90,0,0,387,5418,0.00036913990402362494,0.23255813953488372,0.00036913990402362494,0.23255813953488372,0.0,0.0022868699848670217,10000,0,0.09788359788359788,0.39141414141414144,10000,0,0.0,0.0022868699848670217,10000,0,0.09788359788359788,0.39141414141414144,10000,0,1.0,1.0,10000,0,0.001181963401579018,0.0234375,10000,0
test,common,vowel_exact,n10,max_5s,cross_text_verification,eer_operating,0.49963785786718135,evaluable,387,387,1.0,0.86,,0.012919896640826873,0.00018456995201181247,387,5418,26,22,0,0,387,5418,0.004798818752307124,0.056847545219638244,0.004798818752307124,0.056847545219638244,0.0,0.0179511772798469,10000,0,0.01012594297404424,0.12406947890818859,10000,0,0.0,0.0179511772798469,10000,0,0.01012594297404424,0.12406947890818859,10000,0,1.0,1.0,10000,0,0.001181963401579018,0.0234375,10000,0
test,common,vowel_exact,n10,max_5s,verification,far_1pct,0.4804677612551505,evaluable,674,674,1.0,0.8986666666666666,,0.015790589232725732,0.000105977108944468,674,9436,73,20,0,0,674,9436,0.007736328952946164,0.02967359050445104,0.007736328952946164,0.02967359050445104,0.00021881120793866966,0.022674295602847935,10000,0,0.0,0.07976661305970471,10000,0,0.00021881120793866966,0.022674295602847935,10000,0,0.0,0.07976661305970471,10000,0,1.0,1.0,10000,0,0.0028037219446063566,0.026551993534482753,10000,0
test,common,vowel_exact,n10,max_5s,verification,far_0_1pct,0.5557905671662116,evaluable,674,674,1.0,0.8986666666666666,,0.015790589232725732,0.000105977108944468,674,9436,8,129,0,0,674,9436,0.000847816871555744,0.1913946587537092,0.000847816871555744,0.1913946587537092,0.0,0.0046584367840808525,10000,0,0.0891205064410147,0.3087229933121169,10000,0,0.0,0.0046584367840808525,10000,0,0.0891205064410147,0.3087229933121169,10000,0,1.0,1.0,10000,0,0.0028037219446063566,0.026551993534482753,10000,0
test,common,vowel_exact,n10,max_5s,verification,eer_operating,0.49963785786718135,evaluable,674,674,1.0,0.8986666666666666,,0.015790589232725732,0.000105977108944468,674,9436,42,31,0,0,674,9436,0.004451038575667656,0.04599406528189911,0.004451038575667656,0.04599406528189911,0.0,0.015375944864384167,10000,0,0.007462686567164179,0.10319885350209232,10000,0,0.0,0.015375944864384167,10000,0,0.007462686567164179,0.10319885350209232,10000,0,1.0,1.0,10000,0,0.0028037219446063566,0.026551993534482753,10000,0
test,common,vowel_exact,n5,full,cross_text_verification,far_1pct,0.4622698113299524,evaluable,392,392,1.0,0.8711111111111111,,0.01694606413994169,0.00018221574344023323,392,5488,56,16,0,0,392,5488,0.01020408163265306,0.04081632653061224,0.01020408163265306,0.04081632653061224,0.0,0.028548909373867788,10000,0,0.0175,0.06941049455561436,10000,0,0.0,0.028548909373867788,10000,0,0.0175,0.06941049455561436,10000,0,1.0,1.0,10000,0,0.002499880038387716,0.029086160441107765,10000,0
test,common,vowel_exact,n5,full,cross_text_verification,far_0_1pct,0.5215929538861043,evaluable,392,392,1.0,0.8711111111111111,,0.01694606413994169,0.00018221574344023323,392,5488,8,99,0,0,392,5488,0.0014577259475218659,0.25255102040816324,0.0014577259475218659,0.25255102040816324,0.0,0.006941833247632514,10000,0,0.12151898734177215,0.39694845907601384,10000,0,0.0,0.006941833247632514,10000,0,0.12151898734177215,0.39694845907601384,10000,0,1.0,1.0,10000,0,0.002499880038387716,0.029086160441107765,10000,0
test,common,vowel_exact,n5,full,cross_text_verification,eer_operating,0.4758484769113213,evaluable,392,392,1.0,0.8711111111111111,,0.01694606413994169,0.00018221574344023323,392,5488,41,29,0,0,392,5488,0.007470845481049562,0.07397959183673469,0.007470845481049562,0.07397959183673469,0.0,0.022293180526898115,10000,0,0.03015075376884422,0.12594458438287154,10000,0,0.0,0.022293180526898115,10000,0,0.03015075376884422,0.12594458438287154,10000,0,1.0,1.0,10000,0,0.002499880038387716,0.029086160441107765,10000,0
test,common,vowel_exact,n5,full,verification,far_1pct,0.4622698113299524,evaluable,735,735,1.0,0.98,,0.021379980563654033,9.718172983479106e-05,735,10290,97,32,0,0,735,10290,0.009426627793974733,0.04353741496598639,0.009426627793974733,0.04353741496598639,0.0,0.028441163699522362,10000,0,0.0027210884353741495,0.11292517006802721,10000,0,0.0,0.028441163699522362,10000,0,0.0027210884353741495,0.11292517006802721,10000,0,1.0,1.0,10000,0,0.0031879536608457825,0.0380952380952381,10000,0
test,common,vowel_exact,n5,full,verification,far_0_1pct,0.5215929538861043,evaluable,735,735,1.0,0.98,,0.021379980563654033,9.718172983479106e-05,735,10290,16,129,0,0,735,10290,0.001554907677356657,0.17551020408163265,0.001554907677356657,0.17551020408163265,0.0,0.009183673469387756,10000,0,0.0653061224489796,0.3074829931972789,10000,0,0.0,0.009183673469387756,10000,0,0.0653061224489796,0.3074829931972789,10000,0,1.0,1.0,10000,0,0.0031879536608457825,0.0380952380952381,10000,0
test,common,vowel_exact,n5,full,verification,eer_operating,0.4758484769113213,evaluable,735,735,1.0,0.98,,0.021379980563654033,9.718172983479106e-05,735,10290,67,42,0,0,735,10290,0.006511175898931001,0.05714285714285714,0.006511175898931001,0.05714285714285714,0.0,0.02104643268597761,10000,0,0.005442176870748299,0.13877551020408163,10000,0,0.0,0.02104643268597761,10000,0,0.005442176870748299,0.13877551020408163,10000,0,1.0,1.0,10000,0,0.0031879536608457825,0.0380952380952381,10000,0
test,common,vowel_exact,n5,max_1s,cross_text_verification,far_1pct,0.4855178144431471,not_evaluable,28,28,1.0,0.06222222222222222,jvs003;jvs048,,,28,392,4,5,0,0,28,392,,,0.01020408163265306,0.17857142857142858,,,,,,,,,0.0,0.0392156862745098,10000,0,0.0,0.3870967741935484,10000,0,1.0,1.0,10000,0,,,,
test,common,vowel_exact,n5,max_1s,cross_text_verification,far_0_1pct,0.5338885705123458,not_evaluable,28,28,1.0,0.06222222222222222,jvs003;jvs048,,,28,392,0,12,0,0,28,392,,,0.0,0.42857142857142855,,,,,,,,,0.0,0.0,10000,0,0.17857142857142858,0.6923076923076923,10000,0,1.0,1.0,10000,0,,,,
test,common,vowel_exact,n5,max_1s,cross_text_verification,eer_operating,0.4502681915390539,not_evaluable,28,28,1.0,0.06222222222222222,jvs003;jvs048,,,28,392,7,1,0,0,28,392,,,0.017857142857142856,0.03571428571428571,,,,,,,,,0.0,0.05980987600242602,10000,0,0.0,0.13636363636363635,10000,0,1.0,1.0,10000,0,,,,
test,common,vowel_exact,n5,max_1s,verification,far_1pct,0.4855178144431471,not_evaluable,37,37,1.0,0.04933333333333333,jvs006;jvs065,,,37,518,9,1,0,0,37,518,,,0.017374517374517374,0.02702702702702703,,,,,,,,,0.0,0.04980860584467913,10000,0,0.0,0.1,10000,0,1.0,1.0,10000,0,,,,
test,common,vowel_exact,n5,max_1s,verification,far_0_1pct,0.5338885705123458,not_evaluable,37,37,1.0,0.04933333333333333,jvs006;jvs065,,,37,518,2,8,0,0,37,518,,,0.003861003861003861,0.21621621621621623,,,,,,,,,0.0,0.014634146341463415,10000,0,0.10256410256410256,0.3333333333333333,10000,0,1.0,1.0,10000,0,,,,
test,common,vowel_exact,n5,max_1s,verification,eer_operating,0.4502681915390539,not_evaluable,37,37,1.0,0.04933333333333333,jvs006;jvs065,,,37,518,13,1,0,0,37,518,,,0.025096525096525095,0.02702702702702703,,,,,,,,,0.0,0.06666666666666667,10000,0,0.0,0.1,10000,0,1.0,1.0,10000,0,,,,
test,common,vowel_exact,n5,max_2s,cross_text_verification,far_1pct,0.49014412728860984,evaluable,197,197,1.0,0.43777777777777777,,0.026468455402465556,0.00036258158085569254,197,2758,11,30,0,0,197,2758,0.003988397389412618,0.15228426395939088,0.003988397389412618,0.15228426395939088,0.0,0.016574912937603097,10000,0,0.07407407407407407,0.23316062176165803,10000,0,0.0,0.016574912937603097,10000,0,0.07407407407407407,0.23316062176165803,10000,0,1.0,1.0,10000,0,0.007314371508619722,0.04830917874396135,10000,0
test,common,vowel_exact,n5,max_2s,cross_text_verification,far_0_1pct,0.5353350632654202,evaluable,197,197,1.0,0.43777777777777777,,0.026468455402465556,0.00036258158085569254,197,2758,4,72,0,0,197,2758,0.0014503263234227702,0.36548223350253806,0.0014503263234227702,0.36548223350253806,0.0,0.005668226858537069,10000,0,0.1906921373200443,0.5352112676056338,10000,0,0.0,0.005668226858537069,10000,0,0.1906921373200443,0.5352112676056338,10000,0,1.0,1.0,10000,0,0.007314371508619722,0.04830917874396135,10000,0
test,common,vowel_exact,n5,max_2s,cross_text_verification,eer_operating,0.4682378571941931,evaluable,197,197,1.0,0.43777777777777777,,0.026468455402465556,0.00036258158085569254,197,2758,25,18,0,0,197,2758,0.009064539521392313,0.09137055837563451,0.009064539521392313,0.09137055837563451,0.0,0.025964063473898246,10000,0,0.035,0.15183566882250277,10000,0,0.0,0.025964063473898246,10000,0,0.035,0.15183566882250277,10000,0,1.0,1.0,10000,0,0.007314371508619722,0.04830917874396135,10000,0
test,common,vowel_exact,n5,max_2s,verification,far_1pct,0.49014412728860984,evaluable,243,243,1.0,0.324,,0.0205761316872428,0.00029394473838918284,243,3402,16,34,0,0,243,3402,0.004703115814226925,0.13991769547325103,0.004703115814226925,0.13991769547325103,0.0,0.013772864668927277,10000,0,0.04787118408880666,0.23666836734693875,10000,0,0.0,0.013772864668927277,10000,0,0.04787118408880666,0.23666836734693875,10000,0,1.0,1.0,10000,0,0.0072992700729927005,0.034630630909332535,10000,0
test,common,vowel_exact,n5,max_2s,verification,far_0_1pct,0.5353350632654202,evaluable,243,243,1.0,0.324,,0.0205761316872428,0.00029394473838918284,243,3402,5,76,0,0,243,3402,0.0014697236919459142,0.31275720164609055,0.0014697236919459142,0.31275720164609055,0.0,0.007237854233317596,10000,0,0.15348837209302327,0.46954138857990346,10000,0,0.0,0.007237854233317596,10000,0,0.15348837209302327,0.46954138857990346,10000,0,1.0,1.0,10000,0,0.0072992700729927005,0.034630630909332535,10000,0
test,common,vowel_exact,n5,max_2s,verification,eer_operating,0.4682378571941931,evaluable,243,243,1.0,0.324,,0.0205761316872428,0.00029394473838918284,243,3402,33,17,0,0,243,3402,0.009700176366843033,0.06995884773662552,0.009700176366843033,0.06995884773662552,0.0010783608914450035,0.024471954385067198,10000,0,0.01293103448275862,0.1393462326607818,10000,0,0.0010783608914450035,0.024471954385067198,10000,0,0.01293103448275862,0.1393462326607818,10000,0,1.0,1.0,10000,0,0.0072992700729927005,0.034630630909332535,10000,0
test,common,vowel_exact,n5,max_3s,cross_text_verification,far_1pct,0.4770310580391128,evaluable,335,335,1.0,0.7444444444444445,,0.018763326226012792,0.00021321961620469082,335,4690,39,30,0,0,335,4690,0.008315565031982943,0.08955223880597014,0.008315565031982943,0.08955223880597014,0.0,0.024255594675264353,10000,0,0.03503068652392713,0.15068592416120705,10000,0,0.0,0.024255594675264353,10000,0,0.03503068652392713,0.15068592416120705,10000,0,1.0,1.0,10000,0,0.0022040084212859084,0.03331786450896398,10000,0
test,common,vowel_exact,n5,max_3s,cross_text_verification,far_0_1pct,0.5367374644754561,evaluable,335,335,1.0,0.7444444444444445,,0.018763326226012792,0.00021321961620469082,335,4690,6,112,0,0,335,4690,0.001279317697228145,0.33432835820895523,0.001279317697228145,0.33432835820895523,0.0,0.005325955110555617,10000,0,0.1730104908532328,0.5014328711922909,10000,0,0.0,0.005325955110555617,10000,0,0.1730104908532328,0.5014328711922909,10000,0,1.0,1.0,10000,0,0.0022040084212859084,0.03331786450896398,10000,0
test,common,vowel_exact,n5,max_3s,cross_text_verification,eer_operating,0.4607109717773359,evaluable,335,335,1.0,0.7444444444444445,,0.018763326226012792,0.00021321961620469082,335,4690,56,17,0,0,335,4690,0.011940298507462687,0.050746268656716415,0.011940298507462687,0.050746268656716415,0.0,0.032778876264200514,10000,0,0.020710059171597635,0.08588957055214724,10000,0,0.0,0.032778876264200514,10000,0,0.020710059171597635,0.08588957055214724,10000,0,1.0,1.0,10000,0,0.0022040084212859084,0.03331786450896398,10000,0
test,common,vowel_exact,n5,max_3s,verification,far_1pct,0.4770310580391128,evaluable,517,517,1.0,0.6893333333333334,,0.027079303675048357,0.00013815971262779773,517,7238,62,40,0,0,517,7238,0.00856590218292346,0.07736943907156674,0.00856590218292346,0.07736943907156674,0.0,0.025633774584686554,10000,0,0.015903783647322412,0.16453924926628694,10000,0,0.0,0.025633774584686554,10000,0,0.015903783647322412,0.16453924926628694,10000,0,1.0,1.0,10000,0,0.007905138339920948,0.04738171189168149,10000,0
test,common,vowel_exact,n5,max_3s,verification,far_0_1pct,0.5367374644754561,evaluable,517,517,1.0,0.6893333333333334,,0.027079303675048357,0.00013815971262779773,517,7238,13,147,0,0,517,7238,0.0017960762641613705,0.28433268858800775,0.0017960762641613705,0.28433268858800775,0.0,0.007840859628697933,10000,0,0.14548908579986472,0.43413912215603945,10000,0,0.0,0.007840859628697933,10000,0,0.14548908579986472,0.43413912215603945,10000,0,1.0,1.0,10000,0,0.007905138339920948,0.04738171189168149,10000,0
test,common,vowel_exact,n5,max_3s,verification,eer_operating,0.4607109717773359,evaluable,517,517,1.0,0.6893333333333334,,0.027079303675048357,0.00013815971262779773,517,7238,90,32,0,0,517,7238,0.012434374136501796,0.061895551257253385,0.012434374136501796,0.061895551257253385,0.0007748045191111974,0.03467732047168516,10000,0,0.011834319526627219,0.13858194129961116,10000,0,0.0007748045191111974,0.03467732047168516,10000,0,0.011834319526627219,0.13858194129961116,10000,0,1.0,1.0,10000,0,0.007905138339920948,0.04738171189168149,10000,0
test,common,vowel_exact,n5,max_5s,cross_text_verification,far_1pct,0.468286299702577,evaluable,387,387,1.0,0.86,,0.017718715393133997,0.00018456995201181247,387,5418,51,21,0,0,387,5418,0.009413067552602437,0.05426356589147287,0.009413067552602437,0.05426356589147287,0.0,0.02656689933984063,10000,0,0.02307251908396947,0.09045226130653267,10000,0,0.0,0.02656689933984063,10000,0,0.02307251908396947,0.09045226130653267,10000,0,1.0,1.0,10000,0,0.0025906735751295338,0.03125,10000,0
test,common,vowel_exact,n5,max_5s,cross_text_verification,far_0_1pct,0.5333983654999243,evaluable,387,387,1.0,0.86,,0.017718715393133997,0.00018456995201181247,387,5418,5,125,0,0,387,5418,0.0009228497600590623,0.32299741602067183,0.0009228497600590623,0.32299741602067183,0.0,0.003578635670056095,10000,0,0.16200907507869536,0.49373433583959897,10000,0,0.0,0.003578635670056095,10000,0,0.16200907507869536,0.49373433583959897,10000,0,1.0,1.0,10000,0,0.0025906735751295338,0.03125,10000,0
test,common,vowel_exact,n5,max_5s,cross_text_verification,eer_operating,0.4668532660424282,evaluable,387,387,1.0,0.86,,0.017718715393133997,0.00018456995201181247,387,5418,54,20,0,0,387,5418,0.009966777408637873,0.05167958656330749,0.009966777408637873,0.05167958656330749,0.0,0.028081660047072656,10000,0,0.021976516634050883,0.08436803894068146,10000,0,0.0,0.028081660047072656,10000,0,0.021976516634050883,0.08436803894068146,10000,0,1.0,1.0,10000,0,0.0025906735751295338,0.03125,10000,0
test,common,vowel_exact,n5,max_5s,verification,far_1pct,0.468286299702577,evaluable,674,674,1.0,0.8986666666666666,,0.02225519287833828,0.000105977108944468,674,9436,87,37,0,0,674,9436,0.009220008478168715,0.05489614243323442,0.009220008478168715,0.05489614243323442,0.0,0.027130356642368122,10000,0,0.006006006006006006,0.128169739260405,10000,0,0.0,0.027130356642368122,10000,0,0.006006006006006006,0.128169739260405,10000,0,1.0,1.0,10000,0,0.004874551591423532,0.038461538461538464,10000,0
test,common,vowel_exact,n5,max_5s,verification,far_0_1pct,0.5333983654999243,evaluable,674,674,1.0,0.8986666666666666,,0.02225519287833828,0.000105977108944468,674,9436,16,180,0,0,674,9436,0.001695633743111488,0.26706231454005935,0.001695633743111488,0.26706231454005935,0.0,0.008001911654547193,10000,0,0.13243828781512607,0.41509433962264153,10000,0,0.0,0.008001911654547193,10000,0,0.13243828781512607,0.41509433962264153,10000,0,1.0,1.0,10000,0,0.004874551591423532,0.038461538461538464,10000,0
test,common,vowel_exact,n5,max_5s,verification,eer_operating,0.4668532660424282,evaluable,674,674,1.0,0.8986666666666666,,0.02225519287833828,0.000105977108944468,674,9436,88,37,0,0,674,9436,0.009325985587113183,0.05489614243323442,0.009325985587113183,0.05489614243323442,0.0,0.027527372237332887,10000,0,0.006006006006006006,0.128169739260405,10000,0,0.0,0.027527372237332887,10000,0,0.006006006006006006,0.128169739260405,10000,0,1.0,1.0,10000,0,0.004874551591423532,0.038461538461538464,10000,0
test,native,ecapa_whole,n1,full,cross_text_verification,far_1pct,0.615823380972418,evaluable,450,450,1.0,1.0,,0.0022222222222222222,0.00015873015873015873,450,6300,19,1,0,0,450,6300,0.003015873015873016,0.0022222222222222222,0.003015873015873016,0.0022222222222222222,0.0,0.012626262626262626,10000,0,0.0,0.006666666666666667,10000,0,0.0,0.012626262626262626,10000,0,0.0,0.006666666666666667,10000,0,1.0,1.0,10000,0,0.0,0.006666666666666667,10000,0
test,native,ecapa_whole,n1,full,cross_text_verification,far_0_1pct,0.6642427777860023,evaluable,450,450,1.0,1.0,,0.0022222222222222222,0.00015873015873015873,450,6300,0,5,0,0,450,6300,0.0,0.011111111111111112,0.0,0.011111111111111112,0.0,0.0,10000,0,0.0044444444444444444,0.02,10000,0,0.0,0.0,10000,0,0.0044444444444444444,0.02,10000,0,1.0,1.0,10000,0,0.0,0.006666666666666667,10000,0
test,native,ecapa_whole,n1,full,cross_text_verification,eer_operating,0.6623031111481853,evaluable,450,450,1.0,1.0,,0.0022222222222222222,0.00015873015873015873,450,6300,0,4,0,0,450,6300,0.0,0.008888888888888889,0.0,0.008888888888888889,0.0,0.0,10000,0,0.0022222222222222222,0.017777777777777778,10000,0,0.0,0.0,10000,0,0.0022222222222222222,0.017777777777777778,10000,0,1.0,1.0,10000,0,0.0,0.006666666666666667,10000,0
test,native,ecapa_whole,n1,full,verification,far_1pct,0.615823380972418,evaluable,750,750,1.0,1.0,,0.0,9.523809523809524e-05,750,10500,57,0,0,0,750,10500,0.0054285714285714284,0.0,0.0054285714285714284,0.0,0.0,0.02666666666666667,10000,0,0.0,0.0,10000,0,0.0,0.02666666666666667,10000,0,0.0,0.0,10000,0,1.0,1.0,10000,0,0.0,0.0,10000,0
test,native,ecapa_whole,n1,full,verification,far_0_1pct,0.6642427777860023,evaluable,750,750,1.0,1.0,,0.0,9.523809523809524e-05,750,10500,9,0,0,0,750,10500,0.0008571428571428571,0.0,0.0008571428571428571,0.0,0.0,0.004897959183673469,10000,0,0.0,0.0,10000,0,0.0,0.004897959183673469,10000,0,0.0,0.0,10000,0,1.0,1.0,10000,0,0.0,0.0,10000,0
test,native,ecapa_whole,n1,full,verification,eer_operating,0.6623031111481853,evaluable,750,750,1.0,1.0,,0.0,9.523809523809524e-05,750,10500,9,0,0,0,750,10500,0.0008571428571428571,0.0,0.0008571428571428571,0.0,0.0,0.004897959183673469,10000,0,0.0,0.0,10000,0,0.0,0.004897959183673469,10000,0,0.0,0.0,10000,0,1.0,1.0,10000,0,0.0,0.0,10000,0
test,native,ecapa_whole,n1,max_1s,cross_text_verification,far_1pct,0.45680626665196916,evaluable,450,450,1.0,1.0,,0.05333333333333334,0.00015873015873015873,450,6300,91,57,0,0,450,6300,0.014444444444444444,0.12666666666666668,0.014444444444444444,0.12666666666666668,0.0014035087719298245,0.035461564859299924,10000,0,0.08888888888888889,0.16444444444444445,10000,0,0.0014035087719298245,0.035461564859299924,10000,0,0.08888888888888889,0.16444444444444445,10000,0,1.0,1.0,10000,0,0.03111111111111111,0.07555555555555556,10000,0
test,native,ecapa_whole,n1,max_1s,cross_text_verification,far_0_1pct,0.5441245974539698,evaluable,450,450,1.0,1.0,,0.05333333333333334,0.00015873015873015873,450,6300,15,152,0,0,450,6300,0.002380952380952381,0.3377777777777778,0.002380952380952381,0.3377777777777778,0.0,0.007216494845360825,10000,0,0.26,0.41555555555555557,10000,0,0.0,0.007216494845360825,10000,0,0.26,0.41555555555555557,10000,0,1.0,1.0,10000,0,0.03111111111111111,0.07555555555555556,10000,0
test,native,ecapa_whole,n1,max_1s,cross_text_verification,eer_operating,0.3596311496214649,evaluable,450,450,1.0,1.0,,0.05333333333333334,0.00015873015873015873,450,6300,463,22,0,0,450,6300,0.0734920634920635,0.04888888888888889,0.0734920634920635,0.04888888888888889,0.027891072270492354,0.14021784877763138,10000,0,0.024444444444444446,0.07333333333333333,10000,0,0.027891072270492354,0.14021784877763138,10000,0,0.024444444444444446,0.07333333333333333,10000,0,1.0,1.0,10000,0,0.03111111111111111,0.07555555555555556,10000,0
test,native,ecapa_whole,n1,max_1s,verification,far_1pct,0.45680626665196916,evaluable,750,750,1.0,1.0,,0.062285714285714285,9.523809523809524e-05,750,10500,150,104,0,0,750,10500,0.014285714285714285,0.13866666666666666,0.014285714285714285,0.13866666666666666,0.003117642168274028,0.032474226804123714,10000,0,0.10933333333333334,0.16933333333333334,10000,0,0.003117642168274028,0.032474226804123714,10000,0,0.10933333333333334,0.16933333333333334,10000,0,1.0,1.0,10000,0,0.04133333333333333,0.08371157995684488,10000,0
test,native,ecapa_whole,n1,max_1s,verification,far_0_1pct,0.5441245974539698,evaluable,750,750,1.0,1.0,,0.062285714285714285,9.523809523809524e-05,750,10500,11,269,0,0,750,10500,0.0010476190476190477,0.3586666666666667,0.0010476190476190477,0.3586666666666667,0.0,0.0032291666666666666,10000,0,0.2866666666666667,0.444,10000,0,0.0,0.0032291666666666666,10000,0,0.2866666666666667,0.444,10000,0,1.0,1.0,10000,0,0.04133333333333333,0.08371157995684488,10000,0
test,native,ecapa_whole,n1,max_1s,verification,eer_operating,0.3596311496214649,evaluable,750,750,1.0,1.0,,0.062285714285714285,9.523809523809524e-05,750,10500,778,41,0,0,750,10500,0.07409523809523809,0.05466666666666667,0.07409523809523809,0.05466666666666667,0.03175257731958763,0.13427885841836723,10000,0,0.03333333333333333,0.076,10000,0,0.03175257731958763,0.13427885841836723,10000,0,0.03333333333333333,0.076,10000,0,1.0,1.0,10000,0,0.04133333333333333,0.08371157995684488,10000,0
test,native,ecapa_whole,n1,max_2s,cross_text_verification,far_1pct,0.5312229074060922,evaluable,450,450,1.0,1.0,,0.006666666666666667,0.00015873015873015873,450,6300,62,3,0,0,450,6300,0.009841269841269842,0.006666666666666667,0.009841269841269842,0.006666666666666667,0.0,0.02852356406480116,10000,0,0.0,0.017777777777777778,10000,0,0.0,0.02852356406480116,10000,0,0.0,0.017777777777777778,10000,0,1.0,1.0,10000,0,0.0,0.017777777777777778,10000,0
test,native,ecapa_whole,n1,max_2s,cross_text_verification,far_0_1pct,0.5927411275010244,evaluable,450,450,1.0,1.0,,0.006666666666666667,0.00015873015873015873,450,6300,9,10,0,0,450,6300,0.0014285714285714286,0.022222222222222223,0.0014285714285714286,0.022222222222222223,0.0,0.005154639175257732,10000,0,0.006666666666666667,0.042222222222222223,10000,0,0.0,0.005154639175257732,10000,0,0.006666666666666667,0.042222222222222223,10000,0,1.0,1.0,10000,0,0.0,0.017777777777777778,10000,0
test,native,ecapa_whole,n1,max_2s,cross_text_verification,eer_operating,0.5216435263688227,evaluable,450,450,1.0,1.0,,0.006666666666666667,0.00015873015873015873,450,6300,80,2,0,0,450,6300,0.012698412698412698,0.0044444444444444444,0.012698412698412698,0.0044444444444444444,0.0006734006734006734,0.03440002865534776,10000,0,0.0,0.011111111111111112,10000,0,0.0006734006734006734,0.03440002865534776,10000,0,0.0,0.011111111111111112,10000,0,1.0,1.0,10000,0,0.0,0.017777777777777778,10000,0
test,native,ecapa_whole,n1,max_2s,verification,far_1pct,0.5312229074060922,evaluable,750,750,1.0,1.0,,0.009904761904761904,9.523809523809524e-05,750,10500,95,8,0,0,750,10500,0.009047619047619047,0.010666666666666666,0.009047619047619047,0.010666666666666666,0.0008247422680412372,0.023917525773195877,10000,0,0.004,0.018666666666666668,10000,0,0.0008247422680412372,0.023917525773195877,10000,0,0.004,0.018666666666666668,10000,0,1.0,1.0,10000,0,0.004,0.018021343427835044,10000,0
test,native,ecapa_whole,n1,max_2s,verification,far_0_1pct,0.5927411275010244,evaluable,750,750,1.0,1.0,,0.009904761904761904,9.523809523809524e-05,750,10500,14,30,0,0,750,10500,0.0013333333333333333,0.04,0.0013333333333333333,0.04,0.0,0.0037373737373737376,10000,0,0.025333333333333333,0.05466666666666667,10000,0,0.0,0.0037373737373737376,10000,0,0.025333333333333333,0.05466666666666667,10000,0,1.0,1.0,10000,0,0.004,0.018021343427835044,10000,0
test,native,ecapa_whole,n1,max_2s,verification,eer_operating,0.5216435263688227,evaluable,750,750,1.0,1.0,,0.009904761904761904,9.523809523809524e-05,750,10500,118,7,0,0,750,10500,0.011238095238095238,0.009333333333333334,0.011238095238095238,0.009333333333333334,0.0012244897959183673,0.029157894736842105,10000,0,0.0026666666666666666,0.017333333333333333,10000,0,0.0012244897959183673,0.029157894736842105,10000,0,0.0026666666666666666,0.017333333333333333,10000,0,1.0,1.0,10000,0,0.004,0.018021343427835044,10000,0
test,native,ecapa_whole,n1,max_3s,cross_text_verification,far_1pct,0.5659455666924915,evaluable,450,450,1.0,1.0,,0.0044444444444444444,0.00015873015873015873,450,6300,48,1,0,0,450,6300,0.007619047619047619,0.0022222222222222222,0.007619047619047619,0.0022222222222222222,0.0,0.022667010309278347,10000,0,0.0,0.006666666666666667,10000,0,0.0,0.022667010309278347,10000,0,0.0,0.006666666666666667,10000,0,1.0,1.0,10000,0,0.0,0.008888888888888889,10000,0
test,native,ecapa_whole,n1,max_3s,cross_text_verification,far_0_1pct,0.6264048003951008,evaluable,450,450,1.0,1.0,,0.0044444444444444444,0.00015873015873015873,450,6300,5,3,0,0,450,6300,0.0007936507936507937,0.006666666666666667,0.0007936507936507937,0.006666666666666667,0.0,0.003125,10000,0,0.0,0.013333333333333334,10000,0,0.0,0.003125,10000,0,0.0,0.013333333333333334,10000,0,1.0,1.0,10000,0,0.0,0.008888888888888889,10000,0
test,native,ecapa_whole,n1,max_3s,cross_text_verification,eer_operating,0.596059389811478,evaluable,450,450,1.0,1.0,,0.0044444444444444444,0.00015873015873015873,450,6300,21,2,0,0,450,6300,0.0033333333333333335,0.0044444444444444444,0.0033333333333333335,0.0044444444444444444,0.0,0.01127946127946128,10000,0,0.0,0.011111111111111112,10000,0,0.0,0.01127946127946128,10000,0,0.0,0.011111111111111112,10000,0,1.0,1.0,10000,0,0.0,0.008888888888888889,10000,0
test,native,ecapa_whole,n1,max_3s,verification,far_1pct,0.5659455666924915,evaluable,750,750,1.0,1.0,,0.0010476190476190477,9.523809523809524e-05,750,10500,76,0,0,0,750,10500,0.007238095238095238,0.0,0.007238095238095238,0.0,0.0,0.02404045776918117,10000,0,0.0,0.0,10000,0,0.0,0.02404045776918117,10000,0,0.0,0.0,10000,0,1.0,1.0,10000,0,0.0,0.0026666666666666666,10000,0
test,native,ecapa_whole,n1,max_3s,verification,far_0_1pct,0.6264048003951008,evaluable,750,750,1.0,1.0,,0.0010476190476190477,9.523809523809524e-05,750,10500,5,2,0,0,750,10500,0.0004761904761904762,0.0026666666666666666,0.0004761904761904762,0.0026666666666666666,0.0,0.0019191919191919192,10000,0,0.0,0.006666666666666667,10000,0,0.0,0.0019191919191919192,10000,0,0.0,0.006666666666666667,10000,0,1.0,1.0,10000,0,0.0,0.0026666666666666666,10000,0
test,native,ecapa_whole,n1,max_3s,verification,eer_operating,0.596059389811478,evaluable,750,750,1.0,1.0,,0.0010476190476190477,9.523809523809524e-05,750,10500,27,0,0,0,750,10500,0.0025714285714285713,0.0,0.0025714285714285713,0.0,0.0,0.0096875,10000,0,0.0,0.0,10000,0,0.0,0.0096875,10000,0,0.0,0.0,10000,0,1.0,1.0,10000,0,0.0,0.0026666666666666666,10000,0
test,native,ecapa_whole,n1,max_5s,cross_text_verification,far_1pct,0.5952207698945545,evaluable,450,450,1.0,1.0,,0.0022222222222222222,0.00015873015873015873,450,6300,31,1,0,0,450,6300,0.004920634920634921,0.0022222222222222222,0.004920634920634921,0.0022222222222222222,0.0,0.021052631578947368,10000,0,0.0,0.006666666666666667,10000,0,0.0,0.021052631578947368,10000,0,0.0,0.006666666666666667,10000,0,1.0,1.0,10000,0,0.0,0.006666666666666667,10000,0
test,native,ecapa_whole,n1,max_5s,cross_text_verification,far_0_1pct,0.64627680235742,evaluable,450,450,1.0,1.0,,0.0022222222222222222,0.00015873015873015873,450,6300,2,2,0,0,450,6300,0.00031746031746031746,0.0044444444444444444,0.00031746031746031746,0.0044444444444444444,0.0,0.00202020202020202,10000,0,0.0,0.011111111111111112,10000,0,0.0,0.00202020202020202,10000,0,0.0,0.011111111111111112,10000,0,1.0,1.0,10000,0,0.0,0.006666666666666667,10000,0
test,native,ecapa_whole,n1,max_5s,cross_text_verification,eer_operating,0.658082201844573,evaluable,450,450,1.0,1.0,,0.0022222222222222222,0.00015873015873015873,450,6300,1,4,0,0,450,6300,0.00015873015873015873,0.008888888888888889,0.00015873015873015873,0.008888888888888889,0.0,0.00101010101010101,10000,0,0.0022222222222222222,0.017777777777777778,10000,0,0.0,0.00101010101010101,10000,0,0.0022222222222222222,0.017777777777777778,10000,0,1.0,1.0,10000,0,0.0,0.006666666666666667,10000,0
test,native,ecapa_whole,n1,max_5s,verification,far_1pct,0.5952207698945545,evaluable,750,750,1.0,1.0,,0.0004761904761904762,9.523809523809524e-05,750,10500,67,0,0,0,750,10500,0.006380952380952381,0.0,0.006380952380952381,0.0,0.0,0.027789473684210527,10000,0,0.0,0.0,10000,0,0.0,0.027789473684210527,10000,0,0.0,0.0,10000,0,1.0,1.0,10000,0,0.0,0.0013333333333333333,10000,0
test,native,ecapa_whole,n1,max_5s,verification,far_0_1pct,0.64627680235742,evaluable,750,750,1.0,1.0,,0.0004761904761904762,9.523809523809524e-05,750,10500,12,0,0,0,750,10500,0.001142857142857143,0.0,0.001142857142857143,0.0,0.0,0.006122448979591836,10000,0,0.0,0.0,10000,0,0.0,0.006122448979591836,10000,0,0.0,0.0,10000,0,1.0,1.0,10000,0,0.0,0.0013333333333333333,10000,0
test,native,ecapa_whole,n1,max_5s,verification,eer_operating,0.658082201844573,evaluable,750,750,1.0,1.0,,0.0004761904761904762,9.523809523809524e-05,750,10500,7,0,0,0,750,10500,0.0006666666666666666,0.0,0.0006666666666666666,0.0,0.0,0.003673469387755102,10000,0,0.0,0.0,10000,0,0.0,0.003673469387755102,10000,0,0.0,0.0,10000,0,1.0,1.0,10000,0,0.0,0.0013333333333333333,10000,0
test,native,ecapa_whole,n10,full,cross_text_verification,far_1pct,0.6216060476218371,evaluable,450,450,1.0,1.0,,0.0022222222222222222,0.00015873015873015873,450,6300,23,1,0,0,450,6300,0.003650793650793651,0.0022222222222222222,0.003650793650793651,0.0022222222222222222,0.0,0.015656565656565657,10000,0,0.0,0.006666666666666667,10000,0,0.0,0.015656565656565657,10000,0,0.0,0.006666666666666667,10000,0,1.0,1.0,10000,0,0.0,0.008888888888888889,10000,0
test,native,ecapa_whole,n10,full,cross_text_verification,far_0_1pct,0.674060846233041,evaluable,450,450,1.0,1.0,,0.0022222222222222222,0.00015873015873015873,450,6300,1,5,0,0,450,6300,0.00015873015873015873,0.011111111111111112,0.00015873015873015873,0.011111111111111112,0.0,0.00101010101010101,10000,0,0.0044444444444444444,0.02,10000,0,0.0,0.00101010101010101,10000,0,0.0044444444444444444,0.02,10000,0,1.0,1.0,10000,0,0.0,0.008888888888888889,10000,0
test,native,ecapa_whole,n10,full,cross_text_verification,eer_operating,0.7034869456988823,evaluable,450,450,1.0,1.0,,0.0022222222222222222,0.00015873015873015873,450,6300,0,7,0,0,450,6300,0.0,0.015555555555555555,0.0,0.015555555555555555,0.0,0.0,10000,0,0.006666666666666667,0.024444444444444446,10000,0,0.0,0.0,10000,0,0.006666666666666667,0.024444444444444446,10000,0,1.0,1.0,10000,0,0.0,0.008888888888888889,10000,0
test,native,ecapa_whole,n10,full,verification,far_1pct,0.6216060476218371,evaluable,750,750,1.0,1.0,,0.00028571428571428574,9.523809523809524e-05,750,10500,65,0,0,0,750,10500,0.006190476190476191,0.0,0.006190476190476191,0.0,0.0,0.03216494845360825,10000,0,0.0,0.0,10000,0,0.0,0.03216494845360825,10000,0,0.0,0.0,10000,0,1.0,1.0,10000,0,0.0,0.0012371134020618556,10000,0
test,native,ecapa_whole,n10,full,verification,far_0_1pct,0.674060846233041,evaluable,750,750,1.0,1.0,,0.00028571428571428574,9.523809523809524e-05,750,10500,11,0,0,0,750,10500,0.0010476190476190477,0.0,0.0010476190476190477,0.0,0.0,0.006666666666666667,10000,0,0.0,0.0,10000,0,0.0,0.006666666666666667,10000,0,0.0,0.0,10000,0,1.0,1.0,10000,0,0.0,0.0012371134020618556,10000,0
test,native,ecapa_whole,n10,full,verification,eer_operating,0.7034869456988823,evaluable,750,750,1.0,1.0,,0.00028571428571428574,9.523809523809524e-05,750,10500,4,0,0,0,750,10500,0.00038095238095238096,0.0,0.00038095238095238096,0.0,0.0,0.0024242424242424242,10000,0,0.0,0.0,10000,0,0.0,0.0024242424242424242,10000,0,0.0,0.0,10000,0,1.0,1.0,10000,0,0.0,0.0012371134020618556,10000,0
test,native,ecapa_whole,n10,max_1s,cross_text_verification,far_1pct,0.46412568124353315,evaluable,450,450,1.0,1.0,,0.04888888888888889,0.00015873015873015873,450,6300,75,60,0,0,450,6300,0.011904761904761904,0.13333333333333333,0.011904761904761904,0.13333333333333333,0.0010204081632653062,0.029964583781073143,10000,0,0.09111111111111111,0.17555555555555555,10000,0,0.0010204081632653062,0.029964583781073143,10000,0,0.09111111111111111,0.17555555555555555,10000,0,1.0,1.0,10000,0,0.03111111111111111,0.07305066119976357,10000,0
test,native,ecapa_whole,n10,max_1s,cross_text_verification,far_0_1pct,0.5412096226940666,evaluable,450,450,1.0,1.0,,0.04888888888888889,0.00015873015873015873,450,6300,16,130,0,0,450,6300,0.0025396825396825397,0.28888888888888886,0.0025396825396825397,0.28888888888888886,0.0,0.007903780068728522,10000,0,0.2288888888888889,0.3466666666666667,10000,0,0.0,0.007903780068728522,10000,0,0.2288888888888889,0.3466666666666667,10000,0,1.0,1.0,10000,0,0.03111111111111111,0.07305066119976357,10000,0
test,native,ecapa_whole,n10,max_1s,cross_text_verification,eer_operating,0.3715314405256346,evaluable,450,450,1.0,1.0,,0.04888888888888889,0.00015873015873015873,450,6300,407,22,0,0,450,6300,0.0646031746031746,0.04888888888888889,0.0646031746031746,0.04888888888888889,0.023538750226080665,0.1274916237113402,10000,0,0.024444444444444446,0.07333333333333333,10000,0,0.023538750226080665,0.1274916237113402,10000,0,0.024444444444444446,0.07333333333333333,10000,0,1.0,1.0,10000,0,0.03111111111111111,0.07305066119976357,10000,0
test,native,ecapa_whole,n10,max_1s,verification,far_1pct,0.46412568124353315,evaluable,750,750,1.0,1.0,,0.05895238095238095,9.523809523809524e-05,750,10500,141,98,0,0,750,10500,0.013428571428571429,0.13066666666666665,0.013428571428571429,0.13066666666666665,0.0025805620219487863,0.031340555197594495,10000,0,0.1,0.164,10000,0,0.0025805620219487863,0.031340555197594495,10000,0,0.1,0.164,10000,0,1.0,1.0,10000,0,0.04,0.08085298311033119,10000,0
test,native,ecapa_whole,n10,max_1s,verification,far_0_1pct,0.5412096226940666,evaluable,750,750,1.0,1.0,,0.05895238095238095,9.523809523809524e-05,750,10500,14,225,0,0,750,10500,0.0013333333333333333,0.3,0.0013333333333333333,0.3,0.0,0.003917525773195876,10000,0,0.228,0.384,10000,0,0.0,0.003917525773195876,10000,0,0.228,0.384,10000,0,1.0,1.0,10000,0,0.04,0.08085298311033119,10000,0
test,native,ecapa_whole,n10,max_1s,verification,eer_operating,0.3715314405256346,evaluable,750,750,1.0,1.0,,0.05895238095238095,9.523809523809524e-05,750,10500,697,41,0,0,750,10500,0.06638095238095239,0.05466666666666667,0.06638095238095239,0.05466666666666667,0.026598978494623657,0.1239816645408163,10000,0,0.032,0.07733333333333334,10000,0,0.026598978494623657,0.1239816645408163,10000,0,0.032,0.07733333333333334,10000,0,1.0,1.0,10000,0,0.04,0.08085298311033119,10000,0
test,native,ecapa_whole,n10,max_2s,cross_text_verification,far_1pct,0.5382914240888447,evaluable,450,450,1.0,1.0,,0.0044444444444444444,0.00015873015873015873,450,6300,58,2,0,0,450,6300,0.009206349206349206,0.0044444444444444444,0.009206349206349206,0.0044444444444444444,0.0,0.028957149621212108,10000,0,0.0,0.011111111111111112,10000,0,0.0,0.028957149621212108,10000,0,0.0,0.011111111111111112,10000,0,1.0,1.0,10000,0,0.0,0.013333333333333334,10000,0
test,native,ecapa_whole,n10,max_2s,cross_text_verification,far_0_1pct,0.6014961579508048,evaluable,450,450,1.0,1.0,,0.0044444444444444444,0.00015873015873015873,450,6300,9,10,0,0,450,6300,0.0014285714285714286,0.022222222222222223,0.0014285714285714286,0.022222222222222223,0.0,0.004861111111111111,10000,0,0.0044444444444444444,0.04666666666666667,10000,0,0.0,0.004861111111111111,10000,0,0.0044444444444444444,0.04666666666666667,10000,0,1.0,1.0,10000,0,0.0,0.013333333333333334,10000,0
test,native,ecapa_whole,n10,max_2s,cross_text_verification,eer_operating,0.5321875741923104,evaluable,450,450,1.0,1.0,,0.0044444444444444444,0.00015873015873015873,450,6300,67,2,0,0,450,6300,0.010634920634920634,0.0044444444444444444,0.010634920634920634,0.0044444444444444444,0.0001718213058419244,0.03299736040249427,10000,0,0.0,0.011111111111111112,10000,0,0.0001718213058419244,0.03299736040249427,10000,0,0.0,0.011111111111111112,10000,0,1.0,1.0,10000,0,0.0,0.013333333333333334,10000,0
test,native,ecapa_whole,n10,max_2s,verification,far_1pct,0.5382914240888447,evaluable,750,750,1.0,1.0,,0.009333333333333334,9.523809523809524e-05,750,10500,92,7,0,0,750,10500,0.008761904761904762,0.009333333333333334,0.008761904761904762,0.009333333333333334,0.0006451612903225806,0.026495739532926558,10000,0,0.0026666666666666666,0.017333333333333333,10000,0,0.0006451612903225806,0.026495739532926558,10000,0,0.0026666666666666666,0.017333333333333333,10000,0,1.0,1.0,10000,0,0.0029470537757437074,0.016355106314432974,10000,0
test,native,ecapa_whole,n10,max_2s,verification,far_0_1pct,0.6014961579508048,evaluable,750,750,1.0,1.0,,0.009333333333333334,9.523809523809524e-05,750,10500,13,23,0,0,750,10500,0.001238095238095238,0.030666666666666665,0.001238095238095238,0.030666666666666665,0.0,0.004516383701188452,10000,0,0.018666666666666668,0.042666666666666665,10000,0,0.0,0.004516383701188452,10000,0,0.018666666666666668,0.042666666666666665,10000,0,1.0,1.0,10000,0,0.0029470537757437074,0.016355106314432974,10000,0
test,native,ecapa_whole,n10,max_2s,verification,eer_operating,0.5321875741923104,evaluable,750,750,1.0,1.0,,0.009333333333333334,9.523809523809524e-05,750,10500,108,7,0,0,750,10500,0.010285714285714285,0.009333333333333334,0.010285714285714285,0.009333333333333334,0.0009375,0.029072401641068796,10000,0,0.0026666666666666666,0.017333333333333333,10000,0,0.0009375,0.029072401641068796,10000,0,0.0026666666666666666,0.017333333333333333,10000,0,1.0,1.0,10000,0,0.0029470537757437074,0.016355106314432974,10000,0
test,native,ecapa_whole,n10,max_3s,cross_text_verification,far_1pct,0.5719370394048932,evaluable,450,450,1.0,1.0,,0.003015873015873016,0.00015873015873015873,450,6300,49,1,0,0,450,6300,0.0077777777777777776,0.0022222222222222222,0.0077777777777777776,0.0022222222222222222,0.0,0.026288850706376477,10000,0,0.0,0.006666666666666667,10000,0,0.0,0.026288850706376477,10000,0,0.0,0.006666666666666667,10000,0,1.0,1.0,10000,0,0.0,0.008888888888888889,10000,0
test,native,ecapa_whole,n10,max_3s,cross_text_verification,far_0_1pct,0.6310030390124959,evaluable,450,450,1.0,1.0,,0.003015873015873016,0.00015873015873015873,450,6300,9,2,0,0,450,6300,0.0014285714285714286,0.0044444444444444444,0.0014285714285714286,0.0044444444444444444,0.0,0.007142857142857143,10000,0,0.0,0.011111111111111112,10000,0,0.0,0.007142857142857143,10000,0,0.0,0.011111111111111112,10000,0,1.0,1.0,10000,0,0.0,0.008888888888888889,10000,0
test,native,ecapa_whole,n10,max_3s,cross_text_verification,eer_operating,0.6023783272614075,evaluable,450,450,1.0,1.0,,0.003015873015873016,0.00015873015873015873,450,6300,22,1,0,0,450,6300,0.003492063492063492,0.0022222222222222222,0.003492063492063492,0.0022222222222222222,0.0,0.013131313131313131,10000,0,0.0,0.006666666666666667,10000,0,0.0,0.013131313131313131,10000,0,0.0,0.006666666666666667,10000,0,1.0,1.0,10000,0,0.0,0.008888888888888889,10000,0
test,native,ecapa_whole,n10,max_3s,verification,far_1pct,0.5719370394048932,evaluable,750,750,1.0,1.0,,0.0006666666666666666,9.523809523809524e-05,750,10500,85,0,0,0,750,10500,0.008095238095238095,0.0,0.008095238095238095,0.0,0.00040816326530612246,0.03127659574468085,10000,0,0.0,0.0,10000,0,0.00040816326530612246,0.03127659574468085,10000,0,0.0,0.0,10000,0,1.0,1.0,10000,0,0.0,0.0018004545454545387,10000,0
test,native,ecapa_whole,n10,max_3s,verification,far_0_1pct,0.6310030390124959,evaluable,750,750,1.0,1.0,,0.0006666666666666666,9.523809523809524e-05,750,10500,8,0,0,0,750,10500,0.0007619047619047619,0.0,0.0007619047619047619,0.0,0.0,0.0037373737373737376,10000,0,0.0,0.0,10000,0,0.0,0.0037373737373737376,10000,0,0.0,0.0,10000,0,1.0,1.0,10000,0,0.0,0.0018004545454545387,10000,0
test,native,ecapa_whole,n10,max_3s,verification,eer_operating,0.6023783272614075,evaluable,750,750,1.0,1.0,,0.0006666666666666666,9.523809523809524e-05,750,10500,30,0,0,0,750,10500,0.002857142857142857,0.0,0.002857142857142857,0.0,0.0,0.0137,10000,0,0.0,0.0,10000,0,0.0,0.0137,10000,0,0.0,0.0,10000,0,1.0,1.0,10000,0,0.0,0.0018004545454545387,10000,0
test,native,ecapa_whole,n10,max_5s,cross_text_verification,far_1pct,0.5997538859746011,evaluable,450,450,1.0,1.0,,0.0022222222222222222,0.00015873015873015873,450,6300,34,1,0,0,450,6300,0.005396825396825397,0.0022222222222222222,0.005396825396825397,0.0022222222222222222,0.0,0.024074074074074074,10000,0,0.0,0.006666666666666667,10000,0,0.0,0.024074074074074074,10000,0,0.0,0.006666666666666667,10000,0,1.0,1.0,10000,0,0.0,0.008888888888888889,10000,0
test,native,ecapa_whole,n10,max_5s,cross_text_verification,far_0_1pct,0.6553309142894372,evaluable,450,450,1.0,1.0,,0.0022222222222222222,0.00015873015873015873,450,6300,3,2,0,0,450,6300,0.0004761904761904762,0.0044444444444444444,0.0004761904761904762,0.0044444444444444444,0.0,0.0030303030303030303,10000,0,0.0,0.011111111111111112,10000,0,0.0,0.0030303030303030303,10000,0,0.0,0.011111111111111112,10000,0,1.0,1.0,10000,0,0.0,0.008888888888888889,10000,0
test,native,ecapa_whole,n10,max_5s,cross_text_verification,eer_operating,0.6861716587156762,evaluable,450,450,1.0,1.0,,0.0022222222222222222,0.00015873015873015873,450,6300,0,6,0,0,450,6300,0.0,0.013333333333333334,0.0,0.013333333333333334,0.0,0.0,10000,0,0.006666666666666667,0.022222222222222223,10000,0,0.0,0.0,10000,0,0.006666666666666667,0.022222222222222223,10000,0,1.0,1.0,10000,0,0.0,0.008888888888888889,10000,0
test,native,ecapa_whole,n10,max_5s,verification,far_1pct,0.5997538859746011,evaluable,750,750,1.0,1.0,,0.0008571428571428571,9.523809523809524e-05,750,10500,82,0,0,0,750,10500,0.00780952380952381,0.0,0.00780952380952381,0.0,0.0,0.0375,10000,0,0.0,0.0,10000,0,0.0,0.0375,10000,0,0.0,0.0,10000,0,1.0,1.0,10000,0,0.0,0.0018556701030927835,10000,0
test,native,ecapa_whole,n10,max_5s,verification,far_0_1pct,0.6553309142894372,evaluable,750,750,1.0,1.0,,0.0008571428571428571,9.523809523809524e-05,750,10500,11,0,0,0,750,10500,0.0010476190476190477,0.0,0.0010476190476190477,0.0,0.0,0.006666666666666667,10000,0,0.0,0.0,10000,0,0.0,0.006666666666666667,10000,0,0.0,0.0,10000,0,1.0,1.0,10000,0,0.0,0.0018556701030927835,10000,0
test,native,ecapa_whole,n10,max_5s,verification,eer_operating,0.6861716587156762,evaluable,750,750,1.0,1.0,,0.0008571428571428571,9.523809523809524e-05,750,10500,3,1,0,0,750,10500,0.00028571428571428574,0.0013333333333333333,0.00028571428571428574,0.0013333333333333333,0.0,0.0018181818181818182,10000,0,0.0,0.004,10000,0,0.0,0.0018181818181818182,10000,0,0.0,0.004,10000,0,1.0,1.0,10000,0,0.0,0.0018556701030927835,10000,0
test,native,ecapa_whole,n5,full,cross_text_verification,far_1pct,0.617713637568014,evaluable,450,450,1.0,1.0,,0.0022222222222222222,0.00015873015873015873,450,6300,22,1,0,0,450,6300,0.003492063492063492,0.0022222222222222222,0.003492063492063492,0.0022222222222222222,0.0,0.014777586865215717,10000,0,0.0,0.006666666666666667,10000,0,0.0,0.014777586865215717,10000,0,0.0,0.006666666666666667,10000,0,1.0,1.0,10000,0,0.0,0.008888888888888889,10000,0
test,native,ecapa_whole,n5,full,cross_text_verification,far_0_1pct,0.666663315516019,evaluable,450,450,1.0,1.0,,0.0022222222222222222,0.00015873015873015873,450,6300,1,3,0,0,450,6300,0.00015873015873015873,0.006666666666666667,0.00015873015873015873,0.006666666666666667,0.0,0.00101010101010101,10000,0,0.0,0.013333333333333334,10000,0,0.0,0.00101010101010101,10000,0,0.0,0.013333333333333334,10000,0,1.0,1.0,10000,0,0.0,0.008888888888888889,10000,0
test,native,ecapa_whole,n5,full,cross_text_verification,eer_operating,0.6942138195683939,evaluable,450,450,1.0,1.0,,0.0022222222222222222,0.00015873015873015873,450,6300,0,6,0,0,450,6300,0.0,0.013333333333333334,0.0,0.013333333333333334,0.0,0.0,10000,0,0.006666666666666667,0.022222222222222223,10000,0,0.0,0.0,10000,0,0.006666666666666667,0.022222222222222223,10000,0,1.0,1.0,10000,0,0.0,0.008888888888888889,10000,0
test,native,ecapa_whole,n5,full,verification,far_1pct,0.617713637568014,evaluable,750,750,1.0,1.0,,0.00028571428571428574,9.523809523809524e-05,750,10500,66,0,0,0,750,10500,0.006285714285714286,0.0,0.006285714285714286,0.0,0.0,0.03151593252108715,10000,0,0.0,0.0,10000,0,0.0,0.03151593252108715,10000,0,0.0,0.0,10000,0,1.0,1.0,10000,0,0.0,0.0012371134020618556,10000,0
test,native,ecapa_whole,n5,full,verification,far_0_1pct,0.666663315516019,evaluable,750,750,1.0,1.0,,0.00028571428571428574,9.523809523809524e-05,750,10500,13,0,0,0,750,10500,0.001238095238095238,0.0,0.001238095238095238,0.0,0.0,0.007346938775510204,10000,0,0.0,0.0,10000,0,0.0,0.007346938775510204,10000,0,0.0,0.0,10000,0,1.0,1.0,10000,0,0.0,0.0012371134020618556,10000,0
test,native,ecapa_whole,n5,full,verification,eer_operating,0.6942138195683939,evaluable,750,750,1.0,1.0,,0.00028571428571428574,9.523809523809524e-05,750,10500,3,0,0,0,750,10500,0.00028571428571428574,0.0,0.00028571428571428574,0.0,0.0,0.0018181818181818182,10000,0,0.0,0.0,10000,0,0.0,0.0018181818181818182,10000,0,0.0,0.0,10000,0,1.0,1.0,10000,0,0.0,0.0012371134020618556,10000,0
test,native,ecapa_whole,n5,max_1s,cross_text_verification,far_1pct,0.46119755102231275,evaluable,450,450,1.0,1.0,,0.04888888888888889,0.00015873015873015873,450,6300,81,56,0,0,450,6300,0.012857142857142857,0.12444444444444444,0.012857142857142857,0.12444444444444444,0.0013885309278350519,0.03177083333333333,10000,0,0.08444444444444445,0.16444444444444445,10000,0,0.0013885309278350519,0.03177083333333333,10000,0,0.08444444444444445,0.16444444444444445,10000,0,1.0,1.0,10000,0,0.03111111111111111,0.07333333333333333,10000,0
test,native,ecapa_whole,n5,max_1s,cross_text_verification,far_0_1pct,0.5374935406700507,evaluable,450,450,1.0,1.0,,0.04888888888888889,0.00015873015873015873,450,6300,18,130,0,0,450,6300,0.002857142857142857,0.28888888888888886,0.002857142857142857,0.28888888888888886,0.00016835016835016836,0.008333333333333333,10000,0,0.2311111111111111,0.3422222222222222,10000,0,0.00016835016835016836,0.008333333333333333,10000,0,0.2311111111111111,0.3422222222222222,10000,0,1.0,1.0,10000,0,0.03111111111111111,0.07333333333333333,10000,0
test,native,ecapa_whole,n5,max_1s,cross_text_verification,eer_operating,0.3706229815384466,evaluable,450,450,1.0,1.0,,0.04888888888888889,0.00015873015873015873,450,6300,422,22,0,0,450,6300,0.06698412698412698,0.04888888888888889,0.06698412698412698,0.04888888888888889,0.02491740668912252,0.13061293204150348,10000,0,0.024444444444444446,0.07333333333333333,10000,0,0.02491740668912252,0.13061293204150348,10000,0,0.024444444444444446,0.07333333333333333,10000,0,1.0,1.0,10000,0,0.03111111111111111,0.07333333333333333,10000,0
test,native,ecapa_whole,n5,max_1s,verification,far_1pct,0.46119755102231275,evaluable,750,750,1.0,1.0,,0.06038095238095238,9.523809523809524e-05,750,10500,149,96,0,0,750,10500,0.01419047619047619,0.128,0.01419047619047619,0.128,0.0027368421052631577,0.03288693298969072,10000,0,0.09866666666666667,0.16,10000,0,0.0027368421052631577,0.03288693298969072,10000,0,0.09866666666666667,0.16,10000,0,1.0,1.0,10000,0,0.04,0.08133333333333333,10000,0
test,native,ecapa_whole,n5,max_1s,verification,far_0_1pct,0.5374935406700507,evaluable,750,750,1.0,1.0,,0.06038095238095238,9.523809523809524e-05,750,10500,18,217,0,0,750,10500,0.0017142857142857142,0.28933333333333333,0.0017142857142857142,0.28933333333333333,0.0,0.0051000510204081625,10000,0,0.22,0.37066666666666664,10000,0,0.0,0.0051000510204081625,10000,0,0.22,0.37066666666666664,10000,0,1.0,1.0,10000,0,0.04,0.08133333333333333,10000,0
test,native,ecapa_whole,n5,max_1s,verification,eer_operating,0.3706229815384466,evaluable,750,750,1.0,1.0,,0.06038095238095238,9.523809523809524e-05,750,10500,720,42,0,0,750,10500,0.06857142857142857,0.056,0.06857142857142857,0.056,0.02797977111540941,0.12650328947368417,10000,0,0.032,0.08,10000,0,0.02797977111540941,0.12650328947368417,10000,0,0.032,0.08,10000,0,1.0,1.0,10000,0,0.04,0.08133333333333333,10000,0
test,native,ecapa_whole,n5,max_2s,cross_text_verification,far_1pct,0.5346328130327561,evaluable,450,450,1.0,1.0,,0.005079365079365079,0.00015873015873015873,450,6300,56,2,0,0,450,6300,0.008888888888888889,0.0044444444444444444,0.008888888888888889,0.0044444444444444444,0.0,0.027482497989325144,10000,0,0.0,0.011111111111111112,10000,0,0.0,0.027482497989325144,10000,0,0.0,0.011111111111111112,10000,0,1.0,1.0,10000,0,0.0,0.013333333333333334,10000,0
test,native,ecapa_whole,n5,max_2s,cross_text_verification,far_0_1pct,0.5934447748746668,evaluable,450,450,1.0,1.0,,0.005079365079365079,0.00015873015873015873,450,6300,9,7,0,0,450,6300,0.0014285714285714286,0.015555555555555555,0.0014285714285714286,0.015555555555555555,0.0,0.004861111111111111,10000,0,0.0022222222222222222,0.035555555555555556,10000,0,0.0,0.004861111111111111,10000,0,0.0022222222222222222,0.035555555555555556,10000,0,1.0,1.0,10000,0,0.0,0.013333333333333334,10000,0
test,native,ecapa_whole,n5,max_2s,cross_text_verification,eer_operating,0.5291238208980292,evaluable,450,450,1.0,1.0,,0.005079365079365079,0.00015873015873015873,450,6300,71,2,0,0,450,6300,0.01126984126984127,0.0044444444444444444,0.01126984126984127,0.0044444444444444444,0.0005154639175257732,0.03263924319727891,10000,0,0.0,0.011111111111111112,10000,0,0.0005154639175257732,0.03263924319727891,10000,0,0.0,0.011111111111111112,10000,0,1.0,1.0,10000,0,0.0,0.013333333333333334,10000,0
test,native,ecapa_whole,n5,max_2s,verification,far_1pct,0.5346328130327561,evaluable,750,750,1.0,1.0,,0.009333333333333334,9.523809523809524e-05,750,10500,98,7,0,0,750,10500,0.009333333333333334,0.009333333333333334,0.009333333333333334,0.009333333333333334,0.0011108333333333337,0.025643889388938888,10000,0,0.0026666666666666666,0.017333333333333333,10000,0,0.0011108333333333337,0.025643889388938888,10000,0,0.0026666666666666666,0.017333333333333333,10000,0,1.0,1.0,10000,0,0.003125,0.016,10000,0
test,native,ecapa_whole,n5,max_2s,verification,far_0_1pct,0.5934447748746668,evaluable,750,750,1.0,1.0,,0.009333333333333334,9.523809523809524e-05,750,10500,14,22,0,0,750,10500,0.0013333333333333333,0.029333333333333333,0.0013333333333333333,0.029333333333333333,0.0,0.004591836734693878,10000,0,0.018666666666666668,0.04,10000,0,0.0,0.004591836734693878,10000,0,0.018666666666666668,0.04,10000,0,1.0,1.0,10000,0,0.003125,0.016,10000,0
test,native,ecapa_whole,n5,max_2s,verification,eer_operating,0.5291238208980292,evaluable,750,750,1.0,1.0,,0.009333333333333334,9.523809523809524e-05,750,10500,119,7,0,0,750,10500,0.011333333333333334,0.009333333333333334,0.011333333333333334,0.009333333333333334,0.0013131313131313131,0.03063619763694945,10000,0,0.0026666666666666666,0.017333333333333333,10000,0,0.0013131313131313131,0.03063619763694945,10000,0,0.0026666666666666666,0.017333333333333333,10000,0,1.0,1.0,10000,0,0.003125,0.016,10000,0
test,native,ecapa_whole,n5,max_3s,cross_text_verification,far_1pct,0.5677053184909745,evaluable,450,450,1.0,1.0,,0.0038095238095238095,0.00015873015873015873,450,6300,55,1,0,0,450,6300,0.00873015873015873,0.0022222222222222222,0.00873015873015873,0.0022222222222222222,0.0003436426116838488,0.027083859427609422,10000,0,0.0,0.006666666666666667,10000,0,0.0003436426116838488,0.027083859427609422,10000,0,0.0,0.006666666666666667,10000,0,1.0,1.0,10000,0,0.0,0.008888888888888889,10000,0
test,native,ecapa_whole,n5,max_3s,cross_text_verification,far_0_1pct,0.625031521927571,evaluable,450,450,1.0,1.0,,0.0038095238095238095,0.00015873015873015873,450,6300,8,2,0,0,450,6300,0.0012698412698412698,0.0044444444444444444,0.0012698412698412698,0.0044444444444444444,0.0,0.006122448979591836,10000,0,0.0,0.011111111111111112,10000,0,0.0,0.006122448979591836,10000,0,0.0,0.011111111111111112,10000,0,1.0,1.0,10000,0,0.0,0.008888888888888889,10000,0
test,native,ecapa_whole,n5,max_3s,cross_text_verification,eer_operating,0.5985335428166477,evaluable,450,450,1.0,1.0,,0.0038095238095238095,0.00015873015873015873,450,6300,24,1,0,0,450,6300,0.0038095238095238095,0.0022222222222222222,0.0038095238095238095,0.0022222222222222222,0.0,0.014912737573099409,10000,0,0.0,0.006666666666666667,10000,0,0.0,0.014912737573099409,10000,0,0.0,0.006666666666666667,10000,0,1.0,1.0,10000,0,0.0,0.008888888888888889,10000,0
test,native,ecapa_whole,n5,max_3s,verification,far_1pct,0.5677053184909745,evaluable,750,750,1.0,1.0,,0.00038095238095238096,9.523809523809524e-05,750,10500,91,0,0,0,750,10500,0.008666666666666666,0.0,0.008666666666666666,0.0,0.00040816326530612246,0.0311340206185567,10000,0,0.0,0.0,10000,0,0.00040816326530612246,0.0311340206185567,10000,0,0.0,0.0,10000,0,1.0,1.0,10000,0,0.0,0.0013333333333333333,10000,0
test,native,ecapa_whole,n5,max_3s,verification,far_0_1pct,0.625031521927571,evaluable,750,750,1.0,1.0,,0.00038095238095238096,9.523809523809524e-05,750,10500,10,0,0,0,750,10500,0.0009523809523809524,0.0,0.0009523809523809524,0.0,0.0,0.004949494949494949,10000,0,0.0,0.0,10000,0,0.0,0.004949494949494949,10000,0,0.0,0.0,10000,0,1.0,1.0,10000,0,0.0,0.0013333333333333333,10000,0
test,native,ecapa_whole,n5,max_3s,verification,eer_operating,0.5985335428166477,evaluable,750,750,1.0,1.0,,0.00038095238095238096,9.523809523809524e-05,750,10500,31,0,0,0,750,10500,0.0029523809523809524,0.0,0.0029523809523809524,0.0,0.0,0.013232323232323233,10000,0,0.0,0.0,10000,0,0.0,0.013232323232323233,10000,0,0.0,0.0,10000,0,1.0,1.0,10000,0,0.0,0.0013333333333333333,10000,0
test,native,ecapa_whole,n5,max_5s,cross_text_verification,far_1pct,0.5949464602561002,evaluable,450,450,1.0,1.0,,0.0022222222222222222,0.00015873015873015873,450,6300,41,1,0,0,450,6300,0.006507936507936508,0.0022222222222222222,0.006507936507936508,0.0022222222222222222,0.0,0.026491228070175437,10000,0,0.0,0.006666666666666667,10000,0,0.0,0.026491228070175437,10000,0,0.0,0.006666666666666667,10000,0,1.0,1.0,10000,0,0.0,0.00816326530612245,10000,0
test,native,ecapa_whole,n5,max_5s,cross_text_verification,far_0_1pct,0.6504395128779602,evaluable,450,450,1.0,1.0,,0.0022222222222222222,0.00015873015873015873,450,6300,4,2,0,0,450,6300,0.0006349206349206349,0.0044444444444444444,0.0006349206349206349,0.0044444444444444444,0.0,0.00404040404040404,10000,0,0.0,0.011111111111111112,10000,0,0.0,0.00404040404040404,10000,0,0.0,0.011111111111111112,10000,0,1.0,1.0,10000,0,0.0,0.00816326530612245,10000,0
test,native,ecapa_whole,n5,max_5s,cross_text_verification,eer_operating,0.6858622477161435,evaluable,450,450,1.0,1.0,,0.0022222222222222222,0.00015873015873015873,450,6300,0,5,0,0,450,6300,0.0,0.011111111111111112,0.0,0.011111111111111112,0.0,0.0,10000,0,0.0044444444444444444,0.02,10000,0,0.0,0.0,10000,0,0.0044444444444444444,0.02,10000,0,1.0,1.0,10000,0,0.0,0.00816326530612245,10000,0
test,native,ecapa_whole,n5,max_5s,verification,far_1pct,0.5949464602561002,evaluable,750,750,1.0,1.0,,0.0009523809523809524,9.523809523809524e-05,750,10500,86,0,0,0,750,10500,0.00819047619047619,0.0,0.00819047619047619,0.0,0.00010204081632653062,0.038043331185566985,10000,0,0.0,0.0,10000,0,0.00010204081632653062,0.038043331185566985,10000,0,0.0,0.0,10000,0,1.0,1.0,10000,0,0.0,0.002061855670103093,10000,0
test,native,ecapa_whole,n5,max_5s,verification,far_0_1pct,0.6504395128779602,evaluable,750,750,1.0,1.0,,0.0009523809523809524,9.523809523809524e-05,750,10500,14,0,0,0,750,10500,0.0013333333333333333,0.0,0.0013333333333333333,0.0,0.0,0.007346938775510204,10000,0,0.0,0.0,10000,0,0.0,0.007346938775510204,10000,0,0.0,0.0,10000,0,1.0,1.0,10000,0,0.0,0.002061855670103093,10000,0
test,native,ecapa_whole,n5,max_5s,verification,eer_operating,0.6858622477161435,evaluable,750,750,1.0,1.0,,0.0009523809523809524,9.523809523809524e-05,750,10500,2,1,0,0,750,10500,0.00019047619047619048,0.0013333333333333333,0.00019047619047619048,0.0013333333333333333,0.0,0.0012121212121212121,10000,0,0.0,0.004,10000,0,0.0,0.0012121212121212121,10000,0,0.0,0.004,10000,0,1.0,1.0,10000,0,0.0,0.002061855670103093,10000,0
test,native,vowel_context20,n1,full,cross_text_verification,far_1pct,0.3907897651178988,evaluable,450,392,0.8711111111111111,1.0,,0.05539358600583091,0.00018221574344023323,392,5488,37,126,58,812,450,6300,0.00674198250728863,0.32142857142857145,0.005873015873015873,0.4088888888888889,0.0,0.01875,10000,0,0.145501443001443,0.5190864098709513,10000,0,0.0,0.0163265306122449,10000,0,0.25333333333333335,0.5822222222222222,10000,0,0.8444444444444444,0.9,10000,0,0.02597396351243985,0.08270989597941901,10000,0
test,native,vowel_context20,n1,full,cross_text_verification,far_0_1pct,0.45947514383011173,evaluable,450,392,0.8711111111111111,1.0,,0.05539358600583091,0.00018221574344023323,392,5488,1,221,58,812,450,6300,0.00018221574344023323,0.5637755102040817,0.00015873015873015873,0.62,0.0,0.0011190377226889764,10000,0,0.3486005089058524,0.7721518987341772,10000,0,0.0,0.0009900990099009901,10000,0,0.4311111111111111,0.8000555555555547,10000,0,0.8444444444444444,0.9,10000,0,0.02597396351243985,0.08270989597941901,10000,0
test,native,vowel_context20,n1,full,cross_text_verification,eer_operating,0.33887965951035964,evaluable,450,392,0.8711111111111111,1.0,,0.05539358600583091,0.00018221574344023323,392,5488,169,53,58,812,450,6300,0.030794460641399415,0.13520408163265307,0.026825396825396825,0.24666666666666667,0.006495644104170292,0.06709468756642445,10000,0,0.042603853383458644,0.2519480519480519,10000,0,0.0056653508771929845,0.05842340935124434,10000,0,0.16,0.3511111111111111,10000,0,0.8444444444444444,0.9,10000,0,0.02597396351243985,0.08270989597941901,10000,0
test,native,vowel_context20,n1,full,verification,far_1pct,0.3907897651178988,evaluable,750,735,0.98,1.0,,0.04256559766763848,9.718172983479106e-05,735,10290,55,223,15,210,750,10500,0.005344995140913508,0.3034013605442177,0.005238095238095238,0.31733333333333336,0.00010629251700680272,0.014456468071099397,10000,0,0.1346938775510204,0.4897959183673469,10000,0,0.00010416666666666667,0.014167338709677409,10000,0,0.152,0.5,10000,0,0.98,0.98,10000,0,0.01904761904761905,0.06666666666666667,10000,0
test,native,vowel_context20,n1,full,verification,far_0_1pct,0.45947514383011173,evaluable,750,735,0.98,1.0,,0.04256559766763848,9.718172983479106e-05,735,10290,2,427,15,210,750,10500,0.00019436345966958212,0.580952380952381,0.00019047619047619048,0.5893333333333334,0.0,0.0012244897959183673,10000,0,0.3795918367346939,0.7795918367346939,10000,0,0.0,0.0012,10000,0,0.392,0.784,10000,0,0.98,0.98,10000,0,0.01904761904761905,0.06666666666666667,10000,0
test,native,vowel_context20,n1,full,verification,eer_operating,0.33887965951035964,evaluable,750,735,0.98,1.0,,0.04256559766763848,9.718172983479106e-05,735,10290,288,77,15,210,750,10500,0.027988338192419825,0.10476190476190476,0.027428571428571427,0.12266666666666666,0.0033654362228796426,0.06588355395396844,10000,0,0.027210884353741496,0.19863945578231293,10000,0,0.0032981274984220503,0.06456588287488907,10000,0,0.04666666666666667,0.21466666666666667,10000,0,0.98,0.98,10000,0,0.01904761904761905,0.06666666666666667,10000,0
test,native,vowel_context20,n1,max_1s,cross_text_verification,far_1pct,0.4313208928791419,not_evaluable,450,28,0.06222222222222222,1.0,jvs003;jvs048,,,28,392,2,14,422,5908,450,6300,,,0.00031746031746031746,0.9688888888888889,,,,,,,,,0.0,0.0011904761904761906,10000,0,0.9444444444444444,0.9888888888888889,10000,0,0.04,0.08666666666666667,10000,0,,,,
test,native,vowel_context20,n1,max_1s,cross_text_verification,far_0_1pct,0.5157331372635746,not_evaluable,450,28,0.06222222222222222,1.0,jvs003;jvs048,,,28,392,0,20,422,5908,450,6300,,,0.0,0.9822222222222222,,,,,,,,,0.0,0.0,10000,0,0.9644444444444444,0.9955555555555555,10000,0,0.04,0.08666666666666667,10000,0,,,,
test,native,vowel_context20,n1,max_1s,cross_text_verification,eer_operating,0.30290559258298794,not_evaluable,450,28,0.06222222222222222,1.0,jvs003;jvs048,,,28,392,30,4,422,5908,450,6300,,,0.004761904761904762,0.9466666666666667,,,,,,,,,0.0018726114041122067,0.00851063829787234,10000,0,0.9244444444444444,0.9666666666666667,10000,0,0.04,0.08666666666666667,10000,0,,,,
test,native,vowel_context20,n1,max_1s,verification,far_1pct,0.4313208928791419,not_evaluable,750,37,0.04933333333333333,1.0,jvs006;jvs065,,,37,518,1,18,713,9982,750,10500,,,9.523809523809524e-05,0.9746666666666667,,,,,,,,,0.0,0.000594059405940594,10000,0,0.96,0.988,10000,0,0.034666666666666665,0.064,10000,0,,,,
test,native,vowel_context20,n1,max_1s,verification,far_0_1pct,0.5157331372635746,not_evaluable,750,37,0.04933333333333333,1.0,jvs006;jvs065,,,37,518,1,30,713,9982,750,10500,,,9.523809523809524e-05,0.9906666666666667,,,,,,,,,0.0,0.000594059405940594,10000,0,0.9813333333333333,0.9973333333333333,10000,0,0.034666666666666665,0.064,10000,0,,,,
test,native,vowel_context20,n1,max_1s,verification,eer_operating,0.30290559258298794,not_evaluable,750,37,0.04933333333333333,1.0,jvs006;jvs065,,,37,518,41,3,713,9982,750,10500,,,0.003904761904761905,0.9546666666666667,,,,,,,,,0.0013540203651685396,0.007755102040816327,10000,0,0.9386666666666666,0.9706666666666667,10000,0,0.034666666666666665,0.064,10000,0,,,,
test,native,vowel_context20,n1,max_2s,cross_text_verification,far_1pct,0.4180801341167334,evaluable,450,197,0.43777777777777777,1.0,,0.06598984771573604,0.00036258158085569254,197,2758,10,84,253,3542,450,6300,0.0036258158085569255,0.4263959390862944,0.0015873015873015873,0.7488888888888889,0.0,0.01031352717272915,10000,0,0.225130890052356,0.625,10000,0,0.0,0.004301075268817204,10000,0,0.6644444444444444,0.8333333333333334,10000,0,0.38,0.5,10000,0,0.03869256020104227,0.10309278350515463,10000,0
test,native,vowel_context20,n1,max_2s,cross_text_verification,far_0_1pct,0.47160629998241255,evaluable,450,197,0.43777777777777777,1.0,,0.06598984771573604,0.00036258158085569254,197,2758,0,124,253,3542,450,6300,0.0,0.6294416243654822,0.0,0.8377777777777777,0.0,0.0,10000,0,0.4215864002300173,0.8134736980767542,10000,0,0.0,0.0,10000,0,0.7444444444444445,0.9177777777777778,10000,0,0.38,0.5,10000,0,0.03869256020104227,0.10309278350515463,10000,0
test,native,vowel_context20,n1,max_2s,cross_text_verification,eer_operating,0.334120003114473,evaluable,450,197,0.43777777777777777,1.0,,0.06598984771573604,0.00036258158085569254,197,2758,104,31,253,3542,450,6300,0.03770848440899202,0.15736040609137056,0.01650793650793651,0.6311111111111111,0.011687182556636916,0.07549866131191432,10000,0,0.059458121487824464,0.2694300518134715,10000,0,0.005218855218855219,0.03214285714285714,10000,0,0.5711111111111111,0.6911111111111111,10000,0,0.38,0.5,10000,0,0.03869256020104227,0.10309278350515463,10000,0
test,native,vowel_context20,n1,max_2s,verification,far_1pct,0.4180801341167334,evaluable,750,243,0.324,1.0,,0.05761316872427984,0.00029394473838918284,243,3402,15,124,507,7098,750,10500,0.004409171075837742,0.5102880658436214,0.0014285714285714286,0.8413333333333334,0.0,0.012227551540806212,10000,0,0.31249382411067195,0.67969135993083,10000,0,0.0,0.0038,10000,0,0.7839666666666667,0.892,10000,0,0.2653,0.388,10000,0,0.035534713938825936,0.08585675665877023,10000,0
test,native,vowel_context20,n1,max_2s,verification,far_0_1pct,0.47160629998241255,evaluable,750,243,0.324,1.0,,0.05761316872427984,0.00029394473838918284,243,3402,1,158,507,7098,750,10500,0.00029394473838918284,0.6502057613168725,9.523809523809524e-05,0.8866666666666667,0.0,0.0016648399797621369,10000,0,0.4427841262437811,0.8201224995613265,10000,0,0.0,0.000594059405940594,10000,0,0.8266666666666667,0.9386666666666666,10000,0,0.2653,0.388,10000,0,0.035534713938825936,0.08585675665877023,10000,0
test,native,vowel_context20,n1,max_2s,verification,eer_operating,0.334120003114473,evaluable,750,243,0.324,1.0,,0.05761316872427984,0.00029394473838918284,243,3402,103,35,507,7098,750,10500,0.03027630805408583,0.1440329218106996,0.00980952380952381,0.7226666666666667,0.008019710452719203,0.06624634005488077,10000,0,0.05555555555555555,0.24180512812925367,10000,0,0.0028125,0.020101035868893013,10000,0,0.6706666666666666,0.768,10000,0,0.2653,0.388,10000,0,0.035534713938825936,0.08585675665877023,10000,0
test,native,vowel_context20,n1,max_3s,cross_text_verification,far_1pct,0.4026551369275174,evaluable,450,335,0.7444444444444445,1.0,,0.05970149253731343,0.00021321961620469082,335,4690,25,117,115,1610,450,6300,0.005330490405117271,0.3492537313432836,0.003968253968253968,0.5155555555555555,0.0004462243860962733,0.01424468213037914,10000,0,0.16768247042500367,0.5459940652818991,10000,0,0.0003367003367003367,0.01054421768707483,10000,0,0.38222222222222224,0.6622222222222223,10000,0,0.6955555555555556,0.7911111111111111,10000,0,0.0299044466528062,0.09000148198814407,10000,0
test,native,vowel_context20,n1,max_3s,cross_text_verification,far_0_1pct,0.4776249151972665,evaluable,450,335,0.7444444444444445,1.0,,0.05970149253731343,0.00021321961620469082,335,4690,2,208,115,1610,450,6300,0.00042643923240938164,0.6208955223880597,0.00031746031746031746,0.7177777777777777,0.0,0.0016355714185752575,10000,0,0.422154204339197,0.808142536187144,10000,0,0.0,0.0011784511784511784,10000,0,0.5711111111111111,0.8555555555555555,10000,0,0.6955555555555556,0.7911111111111111,10000,0,0.0299044466528062,0.09000148198814407,10000,0
test,native,vowel_context20,n1,max_3s,cross_text_verification,eer_operating,0.326183797122815,evaluable,450,335,0.7444444444444445,1.0,,0.05970149253731343,0.00021321961620469082,335,4690,193,41,115,1610,450,6300,0.04115138592750533,0.12238805970149254,0.030634920634920636,0.3466666666666667,0.013832647882080908,0.08005997938016572,10000,0,0.04037199957040829,0.22543567005711734,10000,0,0.01028368794326241,0.05936358848314606,10000,0,0.2688888888888889,0.43333333333333335,10000,0,0.6955555555555556,0.7911111111111111,10000,0,0.0299044466528062,0.09000148198814407,10000,0
test,native,vowel_context20,n1,max_3s,verification,far_1pct,0.4026551369275174,evaluable,750,517,0.6893333333333334,1.0,,0.05222437137330754,0.00013815971262779773,517,7238,49,198,233,3262,750,10500,0.006769825918762089,0.3829787234042553,0.004666666666666667,0.5746666666666667,0.0004666972711669629,0.01740611887759081,10000,0,0.20717131474103587,0.5591009588531,10000,0,0.00031578947368421053,0.011875,10000,0,0.4666666666666667,0.6893333333333334,10000,0,0.66,0.7186666666666667,10000,0,0.029182879377431907,0.07637575613375773,10000,0
test,native,vowel_context20,n1,max_3s,verification,far_0_1pct,0.4776249151972665,evaluable,750,517,0.6893333333333334,1.0,,0.05222437137330754,0.00013815971262779773,517,7238,2,331,233,3262,750,10500,0.00027631942525559546,0.6402321083172147,0.00019047619047619048,0.752,0.0,0.0010596507717503662,10000,0,0.4486884413275771,0.8169649369169305,10000,0,0.0,0.0007368421052631579,10000,0,0.6266666666666667,0.872,10000,0,0.66,0.7186666666666667,10000,0,0.029182879377431907,0.07637575613375773,10000,0
test,native,vowel_context20,n1,max_3s,verification,eer_operating,0.326183797122815,evaluable,750,517,0.6893333333333334,1.0,,0.05222437137330754,0.00013815971262779773,517,7238,280,53,233,3262,750,10500,0.03868471953578337,0.10251450676982592,0.02666666666666667,0.38133333333333336,0.010283920358656584,0.08012553220644902,10000,0,0.037690991751031126,0.17757099556164974,10000,0,0.007173858146684233,0.054287157287157266,10000,0,0.3413333333333333,0.428,10000,0,0.66,0.7186666666666667,10000,0,0.029182879377431907,0.07637575613375773,10000,0
test,native,vowel_context20,n1,max_5s,cross_text_verification,far_1pct,0.39703821162637426,evaluable,450,387,0.86,1.0,,0.05703211517165006,0.00018456995201181247,387,5418,31,131,63,882,450,6300,0.005721668512366187,0.3385012919896641,0.004920634920634921,0.4311111111111111,0.0,0.015732467625103753,10000,0,0.15675428692399973,0.5410496183206103,10000,0,0.0,0.013541666666666667,10000,0,0.2733333333333333,0.6044444444444445,10000,0,0.8288888888888889,0.8911111111111111,10000,0,0.027531356166646436,0.08556317845592235,10000,0
test,native,vowel_context20,n1,max_5s,cross_text_verification,far_0_1pct,0.4641904785924624,evaluable,450,387,0.86,1.0,,0.05703211517165006,0.00018456995201181247,387,5418,1,224,63,882,450,6300,0.00018456995201181247,0.5788113695090439,0.00015873015873015873,0.6377777777777778,0.0,0.0011308487057347144,10000,0,0.36648568708778134,0.7822811044795697,10000,0,0.0,0.0009900990099009901,10000,0,0.45555555555555555,0.8111111111111111,10000,0,0.8288888888888889,0.8911111111111111,10000,0,0.027531356166646436,0.08556317845592235,10000,0
test,native,vowel_context20,n1,max_5s,cross_text_verification,eer_operating,0.3322179697552199,evaluable,450,387,0.86,1.0,,0.05703211517165006,0.00018456995201181247,387,5418,192,50,63,882,450,6300,0.035437430786267994,0.12919896640826872,0.030476190476190476,0.2511111111111111,0.009030908915290254,0.07373490397991556,10000,0,0.043586956521739134,0.23499082451204614,10000,0,0.007718968119222788,0.0630952380952381,10000,0,0.1711111111111111,0.34444444444444444,10000,0,0.8288888888888889,0.8911111111111111,10000,0,0.027531356166646436,0.08556317845592235,10000,0
test,native,vowel_context20,n1,max_5s,verification,far_1pct,0.39703821162637426,evaluable,750,674,0.8986666666666666,1.0,,0.04705383637134379,0.000105977108944468,674,9436,57,223,76,1064,750,10500,0.006040695209834676,0.33086053412462907,0.0054285714285714284,0.39866666666666667,0.0,0.01599837445480028,10000,0,0.16090094355768023,0.5109170305676856,10000,0,0.0,0.014285714285714285,10000,0,0.256,0.552,10000,0,0.872,0.9253333333333333,10000,0,0.022987681195270372,0.07072146722735646,10000,0
test,native,vowel_context20,n1,max_5s,verification,far_0_1pct,0.4641904785924624,evaluable,750,674,0.8986666666666666,1.0,,0.04705383637134379,0.000105977108944468,674,9436,3,400,76,1064,750,10500,0.000317931326833404,0.5934718100890207,0.00028571428571428574,0.6346666666666667,0.0,0.00099801644838132,10000,0,0.4,0.780062279364998,10000,0,0.0,0.0009,10000,0,0.468,0.7986666666666666,10000,0,0.872,0.9253333333333333,10000,0,0.022987681195270372,0.07072146722735646,10000,0
test,native,vowel_context20,n1,max_5s,verification,eer_operating,0.3322179697552199,evaluable,750,674,0.8986666666666666,1.0,,0.04705383637134379,0.000105977108944468,674,9436,323,60,76,1064,750,10500,0.034230606189063165,0.08902077151335312,0.03076190476190476,0.18133333333333335,0.006668198308394942,0.0753004108918539,10000,0,0.02686467068532153,0.16259925393018904,10000,0,0.006021505376344086,0.06730048969072164,10000,0,0.12933333333333333,0.244,10000,0,0.872,0.9253333333333333,10000,0,0.022987681195270372,0.07072146722735646,10000,0
test,native,vowel_context20,n10,full,cross_text_verification,far_1pct,0.48411963110939893,evaluable,450,392,0.8711111111111111,1.0,,0.01239067055393586,0.00018221574344023323,392,5488,47,7,58,812,450,6300,0.008564139941690961,0.017857142857142856,0.0074603174603174605,0.14444444444444443,0.0003916960438699569,0.024077912263405322,10000,0,0.0,0.05063291139240506,10000,0,0.0003435549477522969,0.02074829931972789,10000,0,0.10888888888888888,0.18,10000,0,0.8444444444444444,0.9,10000,0,0.001194255635029059,0.02228434433937157,10000,0
test,native,vowel_context20,n10,full,cross_text_verification,far_0_1pct,0.5446004216771375,evaluable,450,392,0.8711111111111111,1.0,,0.01239067055393586,0.00018221574344023323,392,5488,4,51,58,812,450,6300,0.0007288629737609329,0.13010204081632654,0.0006349206349206349,0.24222222222222223,0.0,0.003470883146934053,10000,0,0.04545168307762767,0.24935081627883685,10000,0,0.0,0.0030303030303030303,10000,0,0.16666666666666666,0.34444444444444444,10000,0,0.8444444444444444,0.9,10000,0,0.001194255635029059,0.02228434433937157,10000,0
test,native,vowel_context20,n10,full,cross_text_verification,eer_operating,0.5038881540763741,evaluable,450,392,0.8711111111111111,1.0,,0.01239067055393586,0.00018221574344023323,392,5488,27,17,58,812,450,6300,0.004919825072886298,0.04336734693877551,0.004285714285714286,0.16666666666666666,0.00038094150902370083,0.01616161161938228,10000,0,0.005050505050505051,0.10396290898125342,10000,0,0.0003333333333333333,0.013973199739328769,10000,0,0.12222222222222222,0.22,10000,0,0.8444444444444444,0.9,10000,0,0.001194255635029059,0.02228434433937157,10000,0
test,native,vowel_context20,n10,full,verification,far_1pct,0.48411963110939893,evaluable,750,735,0.98,1.0,,0.014965986394557823,9.718172983479106e-05,735,10290,68,19,15,210,750,10500,0.006608357628765792,0.02585034013605442,0.0064761904761904765,0.04533333333333334,0.00020408163265306123,0.019311241998515256,10000,0,0.0,0.07346938775510205,10000,0,0.0002,0.01892501715854495,10000,0,0.02,0.092,10000,0,0.98,0.98,10000,0,0.0004296455424274973,0.028007002844559446,10000,0
test,native,vowel_context20,n10,full,verification,far_0_1pct,0.5446004216771375,evaluable,750,735,0.98,1.0,,0.014965986394557823,9.718172983479106e-05,735,10290,10,68,15,210,750,10500,0.0009718172983479105,0.09251700680272108,0.0009523809523809524,0.11066666666666666,0.0,0.006122448979591836,10000,0,0.01904761904761905,0.1891156462585034,10000,0,0.0,0.006,10000,0,0.03866666666666667,0.20533333333333334,10000,0,0.98,0.98,10000,0,0.0004296455424274973,0.028007002844559446,10000,0
test,native,vowel_context20,n10,full,verification,eer_operating,0.5038881540763741,evaluable,750,735,0.98,1.0,,0.014965986394557823,9.718172983479106e-05,735,10290,33,30,15,210,750,10500,0.003206997084548105,0.04081632653061224,0.003142857142857143,0.06,0.0,0.012987012987012988,10000,0,0.0,0.10748299319727891,10000,0,0.0,0.012727272727272728,10000,0,0.02,0.12533333333333332,10000,0,0.98,0.98,10000,0,0.0004296455424274973,0.028007002844559446,10000,0
test,native,vowel_context20,n10,max_1s,cross_text_verification,far_1pct,0.5091195135131316,not_evaluable,450,28,0.06222222222222222,1.0,jvs003;jvs048,,,28,392,3,4,422,5908,450,6300,,,0.0004761904761904762,0.9466666666666667,,,,,,,,,0.0,0.0015789473684210526,10000,0,0.9244444444444444,0.9688888888888889,10000,0,0.04,0.08666666666666667,10000,0,,,,
test,native,vowel_context20,n10,max_1s,cross_text_verification,far_0_1pct,0.5834229803813051,not_evaluable,450,28,0.06222222222222222,1.0,jvs003;jvs048,,,28,392,0,9,422,5908,450,6300,,,0.0,0.9577777777777777,,,,,,,,,0.0,0.0,10000,0,0.9355555555555556,0.9755555555555555,10000,0,0.04,0.08666666666666667,10000,0,,,,
test,native,vowel_context20,n10,max_1s,cross_text_verification,eer_operating,0.5180566891193317,not_evaluable,450,28,0.06222222222222222,1.0,jvs003;jvs048,,,28,392,2,4,422,5908,450,6300,,,0.00031746031746031746,0.9466666666666667,,,,,,,,,0.0,0.0011784511784511784,10000,0,0.9244444444444444,0.9688888888888889,10000,0,0.04,0.08666666666666667,10000,0,,,,
test,native,vowel_context20,n10,max_1s,verification,far_1pct,0.5091195135131316,not_evaluable,750,37,0.04933333333333333,1.0,jvs006;jvs065,,,37,518,4,1,713,9982,750,10500,,,0.00038095238095238096,0.952,,,,,,,,,0.0,0.0010715245775729633,10000,0,0.9386666666666666,0.9666666666666667,10000,0,0.034666666666666665,0.064,10000,0,,,,
test,native,vowel_context20,n10,max_1s,verification,far_0_1pct,0.5834229803813051,not_evaluable,750,37,0.04933333333333333,1.0,jvs006;jvs065,,,37,518,0,7,713,9982,750,10500,,,0.0,0.96,,,,,,,,,0.0,0.0,10000,0,0.9453333333333334,0.9733333333333334,10000,0,0.034666666666666665,0.064,10000,0,,,,
test,native,vowel_context20,n10,max_1s,verification,eer_operating,0.5180566891193317,not_evaluable,750,37,0.04933333333333333,1.0,jvs006;jvs065,,,37,518,4,2,713,9982,750,10500,,,0.00038095238095238096,0.9533333333333334,,,,,,,,,0.0,0.0010715245775729633,10000,0,0.9386666666666666,0.968,10000,0,0.034666666666666665,0.064,10000,0,,,,
test,native,vowel_context20,n10,max_2s,cross_text_verification,far_1pct,0.5012077451164373,evaluable,450,197,0.43777777777777777,1.0,,0.01885424220449601,0.00036258158085569254,197,2758,18,12,253,3542,450,6300,0.006526468455402465,0.06091370558375635,0.002857142857142857,0.5888888888888889,0.0007041758980851401,0.01839551978818282,10000,0,0.0,0.15000536480686688,10000,0,0.0003367003367003367,0.007653061224489796,10000,0,0.5333333333333333,0.6377777777777778,10000,0,0.38,0.5,10000,0,0.0034192180572506525,0.02929536724317102,10000,0
test,native,vowel_context20,n10,max_2s,cross_text_verification,far_0_1pct,0.575719896002527,evaluable,450,197,0.43777777777777777,1.0,,0.01885424220449601,0.00036258158085569254,197,2758,0,56,253,3542,450,6300,0.0,0.28426395939086296,0.0,0.6866666666666666,0.0,0.0,10000,0,0.1347073653128308,0.4455000859465167,10000,0,0.0,0.0,10000,0,0.6177777777777778,0.7511111111111111,10000,0,0.38,0.5,10000,0,0.0034192180572506525,0.02929536724317102,10000,0
test,native,vowel_context20,n10,max_2s,cross_text_verification,eer_operating,0.49461186265697854,evaluable,450,197,0.43777777777777777,1.0,,0.01885424220449601,0.00036258158085569254,197,2758,20,9,253,3542,450,6300,0.007251631617113851,0.04568527918781726,0.0031746031746031746,0.5822222222222222,0.0007262164124909223,0.02069022655200982,10000,0,0.0,0.12376237623762376,10000,0,0.0003401360544217687,0.008673469387755102,10000,0,0.5288888888888889,0.6311111111111111,10000,0,0.38,0.5,10000,0,0.0034192180572506525,0.02929536724317102,10000,0
test,native,vowel_context20,n10,max_2s,verification,far_1pct,0.5012077451164373,evaluable,750,243,0.324,1.0,,0.012345679012345678,0.00029394473838918284,243,3402,21,8,507,7098,750,10500,0.006172839506172839,0.03292181069958848,0.002,0.6866666666666666,0.0006138547231189442,0.016524503508197275,10000,0,0.0,0.07905138339920949,10000,0,0.00020408163265306123,0.005106382978723404,10000,0,0.624,0.744,10000,0,0.2653,0.388,10000,0,0.0030843653826492907,0.03345763792754817,10000,0
test,native,vowel_context20,n10,max_2s,verification,far_0_1pct,0.575719896002527,evaluable,750,243,0.324,1.0,,0.012345679012345678,0.00029394473838918284,243,3402,2,63,507,7098,750,10500,0.0005878894767783657,0.25925925925925924,0.00019047619047619048,0.76,0.0,0.0035028833100234974,10000,0,0.12663755458515283,0.3846223021582733,10000,0,0.0,0.0012,10000,0,0.7146666666666667,0.8013333333333333,10000,0,0.2653,0.388,10000,0,0.0030843653826492907,0.03345763792754817,10000,0
test,native,vowel_context20,n10,max_2s,verification,eer_operating,0.49461186265697854,evaluable,750,243,0.324,1.0,,0.012345679012345678,0.00029394473838918284,243,3402,25,7,507,7098,750,10500,0.007348618459729571,0.02880658436213992,0.002380952380952381,0.6853333333333333,0.000674707110749301,0.019741656416751636,10000,0,0.0,0.07438112627330386,10000,0,0.0002105263157894737,0.006185567010309278,10000,0,0.6213333333333333,0.744,10000,0,0.2653,0.388,10000,0,0.0030843653826492907,0.03345763792754817,10000,0
test,native,vowel_context20,n10,max_3s,cross_text_verification,far_1pct,0.4945120183038734,evaluable,450,335,0.7444444444444445,1.0,,0.013859275053304905,0.00021321961620469082,335,4690,36,12,115,1610,450,6300,0.00767590618336887,0.03582089552238806,0.005714285714285714,0.2822222222222222,0.00043724926691148815,0.022440537263914255,10000,0,0.0,0.08722741433021806,10000,0,0.0003367003367003367,0.016666666666666666,10000,0,0.2311111111111111,0.33555555555555555,10000,0,0.6955555555555556,0.7911111111111111,10000,0,0.0017158184607992384,0.02338792568975027,10000,0
test,native,vowel_context20,n10,max_3s,cross_text_verification,far_0_1pct,0.5709980790169709,evaluable,450,335,0.7444444444444445,1.0,,0.013859275053304905,0.00021321961620469082,335,4690,1,78,115,1610,450,6300,0.00021321961620469082,0.23283582089552238,0.00015873015873015873,0.4288888888888889,0.0,0.001280166635800015,10000,0,0.10644989704873026,0.3818315508021389,10000,0,0.0,0.001,10000,0,0.33555555555555555,0.5355555555555556,10000,0,0.6955555555555556,0.7911111111111111,10000,0,0.0017158184607992384,0.02338792568975027,10000,0
test,native,vowel_context20,n10,max_3s,cross_text_verification,eer_operating,0.5108797474022342,evaluable,450,335,0.7444444444444445,1.0,,0.013859275053304905,0.00021321961620469082,335,4690,24,22,115,1610,450,6300,0.00511727078891258,0.06567164179104477,0.0038095238095238095,0.30444444444444446,0.0,0.0157297008453033,10000,0,0.011833446789199002,0.14706507248791859,10000,0,0.0,0.011702127659574468,10000,0,0.24883333333333338,0.3711111111111111,10000,0,0.6955555555555556,0.7911111111111111,10000,0,0.0017158184607992384,0.02338792568975027,10000,0
test,native,vowel_context20,n10,max_3s,verification,far_1pct,0.4945120183038734,evaluable,750,517,0.6893333333333334,1.0,,0.02141475545730865,0.00013815971262779773,517,7238,57,19,233,3262,750,10500,0.007875103619784472,0.0367504835589942,0.0054285714285714284,0.336,0.0004640981510245306,0.02099414954896436,10000,0,0.003976143141153081,0.09195458532964437,10000,0,0.00031578947368421053,0.014375,10000,0,0.3,0.37733333333333335,10000,0,0.66,0.7186666666666667,10000,0,0.0038095238095238095,0.03496836255550062,10000,0
test,native,vowel_context20,n10,max_3s,verification,far_0_1pct,0.5709980790169709,evaluable,750,517,0.6893333333333334,1.0,,0.02141475545730865,0.00013815971262779773,517,7238,6,111,233,3262,750,10500,0.0008289582757667864,0.21470019342359767,0.0005714285714285715,0.45866666666666667,0.0,0.005124338318938989,10000,0,0.10826771653543307,0.33269607558033865,10000,0,0.0,0.0036,10000,0,0.39866666666666667,0.528,10000,0,0.66,0.7186666666666667,10000,0,0.0038095238095238095,0.03496836255550062,10000,0
test,native,vowel_context20,n10,max_3s,verification,eer_operating,0.5108797474022342,evaluable,750,517,0.6893333333333334,1.0,,0.02141475545730865,0.00013815971262779773,517,7238,35,25,233,3262,750,10500,0.004835589941972921,0.048355899419729204,0.0033333333333333335,0.344,0.00015087166403245547,0.015428849115403926,10000,0,0.005905511811023622,0.12045889101338432,10000,0,0.00010416666666666667,0.010714285714285714,10000,0,0.30266666666666664,0.396,10000,0,0.66,0.7186666666666667,10000,0,0.0038095238095238095,0.03496836255550062,10000,0
test,native,vowel_context20,n10,max_5s,cross_text_verification,far_1pct,0.4899532591097062,evaluable,450,387,0.86,1.0,,0.01273532668881506,0.00018456995201181247,387,5418,46,9,63,882,450,6300,0.008490217792543374,0.023255813953488372,0.007301587301587302,0.16,0.0003960356843285279,0.023867984938419292,10000,0,0.0,0.06648936170212766,10000,0,0.0003435549477522969,0.02048645833333333,10000,0,0.11777777777777777,0.20444444444444446,10000,0,0.8288888888888889,0.8911111111111111,10000,0,0.0015599713482702734,0.022755597295974074,10000,0
test,native,vowel_context20,n10,max_5s,cross_text_verification,far_0_1pct,0.5594641815783393,evaluable,450,387,0.86,1.0,,0.01273532668881506,0.00018456995201181247,387,5418,2,70,63,882,450,6300,0.00036913990402362494,0.18087855297157623,0.00031746031746031746,0.29555555555555557,0.0,0.0022868699848670217,10000,0,0.06752809366799004,0.3265704719387749,10000,0,0.0,0.002,10000,0,0.2,0.42,10000,0,0.8288888888888889,0.8911111111111111,10000,0,0.0015599713482702734,0.022755597295974074,10000,0
test,native,vowel_context20,n10,max_5s,cross_text_verification,eer_operating,0.5082124882497411,evaluable,450,387,0.86,1.0,,0.01273532668881506,0.00018456995201181247,387,5418,24,19,63,882,450,6300,0.004429678848283499,0.04909560723514212,0.0038095238095238095,0.18222222222222223,0.0,0.013199482430168238,10000,0,0.005249343832020997,0.11111798679867976,10000,0,0.0,0.01127946127946128,10000,0,0.13777777777777778,0.23555555555555555,10000,0,0.8288888888888889,0.8911111111111111,10000,0,0.0015599713482702734,0.022755597295974074,10000,0
test,native,vowel_context20,n10,max_5s,verification,far_1pct,0.4899532591097062,evaluable,750,674,0.8986666666666666,1.0,,0.01738024586689275,0.000105977108944468,674,9436,73,19,76,1064,750,10500,0.007736328952946164,0.028189910979228485,0.006952380952380952,0.12666666666666668,0.00033466269803976325,0.020957433251821166,10000,0,0.0,0.07929515418502203,10000,0,0.0003061224489795918,0.018775510204081632,10000,0,0.08666666666666667,0.18,10000,0,0.872,0.9253333333333333,10000,0,0.0022092087175962496,0.028376569456431418,10000,0
test,native,vowel_context20,n10,max_5s,verification,far_0_1pct,0.5594641815783393,evaluable,750,674,0.8986666666666666,1.0,,0.01738024586689275,0.000105977108944468,674,9436,9,105,76,1064,750,10500,0.0009537939805002119,0.15578635014836795,0.0008571428571428571,0.24133333333333334,0.0,0.005326438868350384,10000,0,0.0663554685270787,0.261119294645556,10000,0,0.0,0.0048,10000,0,0.172,0.328,10000,0,0.872,0.9253333333333333,10000,0,0.0022092087175962496,0.028376569456431418,10000,0
test,native,vowel_context20,n10,max_5s,verification,eer_operating,0.5082124882497411,evaluable,750,674,0.8986666666666666,1.0,,0.01738024586689275,0.000105977108944468,674,9436,39,28,76,1064,750,10500,0.004133107248834251,0.04154302670623145,0.0037142857142857142,0.13866666666666666,0.0,0.014433926222002768,10000,0,0.003003003003003003,0.10298507462686567,10000,0,0.0,0.012989690721649485,10000,0,0.096,0.196,10000,0,0.872,0.9253333333333333,10000,0,0.0022092087175962496,0.028376569456431418,10000,0
test,native,vowel_context20,n5,full,cross_text_verification,far_1pct,0.46758138380330755,evaluable,450,392,0.8711111111111111,1.0,,0.013848396501457727,0.00018221574344023323,392,5488,66,10,58,812,450,6300,0.012026239067055394,0.025510204081632654,0.010476190476190476,0.1511111111111111,0.0003916960438699569,0.03159359221859222,10000,0,0.005249343832020997,0.04926332288401251,10000,0,0.0003436426116838488,0.02725851052405496,10000,0,0.12222222222222222,0.18,10000,0,0.8444444444444444,0.9,10000,0,0.0025508581295113466,0.026201972277145918,10000,0
test,native,vowel_context20,n5,full,cross_text_verification,far_0_1pct,0.521730294870316,evaluable,450,392,0.8711111111111111,1.0,,0.013848396501457727,0.00018221574344023323,392,5488,8,69,58,812,450,6300,0.0014577259475218659,0.1760204081632653,0.0012698412698412698,0.2822222222222222,0.0,0.006941833247632514,10000,0,0.07751937984496124,0.28974543080939946,10000,0,0.0,0.006060606060606061,10000,0,0.19777777777777777,0.37777777777777777,10000,0,0.8444444444444444,0.9,10000,0,0.0025508581295113466,0.026201972277145918,10000,0
test,native,vowel_context20,n5,full,cross_text_verification,eer_operating,0.4786839210424531,evaluable,450,392,0.8711111111111111,1.0,,0.013848396501457727,0.00018221574344023323,392,5488,48,13,58,812,450,6300,0.008746355685131196,0.03316326530612245,0.007619047619047619,0.15777777777777777,0.00038550501156515033,0.023782603131893756,10000,0,0.010177471228736391,0.0625,10000,0,0.0003367003367003367,0.020667399267399255,10000,0,0.1288888888888889,0.18666666666666668,10000,0,0.8444444444444444,0.9,10000,0,0.0025508581295113466,0.026201972277145918,10000,0
test,native,vowel_context20,n5,full,verification,far_1pct,0.46758138380330755,evaluable,750,735,0.98,1.0,,0.021477162293488825,9.718172983479106e-05,735,10290,100,32,15,210,750,10500,0.009718172983479106,0.04353741496598639,0.009523809523809525,0.06266666666666666,0.00010204081632653062,0.02714032421479227,10000,0,0.0,0.11428571428571428,10000,0,0.0001,0.02659751773049643,10000,0,0.02,0.132,10000,0,0.98,0.98,10000,0,0.001854079700061844,0.04081632653061224,10000,0
test,native,vowel_context20,n5,full,verification,far_0_1pct,0.521730294870316,evaluable,750,735,0.98,1.0,,0.021477162293488825,9.718172983479106e-05,735,10290,12,97,15,210,750,10500,0.0011661807580174927,0.13197278911564625,0.001142857142857143,0.14933333333333335,0.0,0.007346938775510204,10000,0,0.04081632653061224,0.24625850340136055,10000,0,0.0,0.0072,10000,0,0.06,0.2613333333333333,10000,0,0.98,0.98,10000,0,0.001854079700061844,0.04081632653061224,10000,0
test,native,vowel_context20,n5,full,verification,eer_operating,0.4786839210424531,evaluable,750,735,0.98,1.0,,0.021477162293488825,9.718172983479106e-05,735,10290,75,35,15,210,750,10500,0.007288629737609329,0.047619047619047616,0.007142857142857143,0.06666666666666667,0.0,0.020816429602143888,10000,0,0.0027210884353741495,0.12108843537414966,10000,0,0.0,0.02040010101010101,10000,0,0.02266666666666667,0.13866666666666666,10000,0,0.98,0.98,10000,0,0.001854079700061844,0.04081632653061224,10000,0
test,native,vowel_context20,n5,max_1s,cross_text_verification,far_1pct,0.49082421626815237,not_evaluable,450,28,0.06222222222222222,1.0,jvs003;jvs048,,,28,392,3,4,422,5908,450,6300,,,0.0004761904761904762,0.9466666666666667,,,,,,,,,0.0,0.0014492753623188406,10000,0,0.9244444444444444,0.9688888888888889,10000,0,0.04,0.08666666666666667,10000,0,,,,
test,native,vowel_context20,n5,max_1s,cross_text_verification,far_0_1pct,0.54587137553185,not_evaluable,450,28,0.06222222222222222,1.0,jvs003;jvs048,,,28,392,0,12,422,5908,450,6300,,,0.0,0.9644444444444444,,,,,,,,,0.0,0.0,10000,0,0.94,0.9844444444444445,10000,0,0.04,0.08666666666666667,10000,0,,,,
test,native,vowel_context20,n5,max_1s,cross_text_verification,eer_operating,0.48364432822237624,not_evaluable,450,28,0.06222222222222222,1.0,jvs003;jvs048,,,28,392,4,4,422,5908,450,6300,,,0.0006349206349206349,0.9466666666666667,,,,,,,,,0.0,0.0020833333333333333,10000,0,0.9244444444444444,0.9688888888888889,10000,0,0.04,0.08666666666666667,10000,0,,,,
test,native,vowel_context20,n5,max_1s,verification,far_1pct,0.49082421626815237,not_evaluable,750,37,0.04933333333333333,1.0,jvs006;jvs065,,,37,518,8,2,713,9982,750,10500,,,0.0007619047619047619,0.9533333333333334,,,,,,,,,0.0,0.0024489795918367346,10000,0,0.9386666666666666,0.968,10000,0,0.034666666666666665,0.064,10000,0,,,,
test,native,vowel_context20,n5,max_1s,verification,far_0_1pct,0.54587137553185,not_evaluable,750,37,0.04933333333333333,1.0,jvs006;jvs065,,,37,518,1,7,713,9982,750,10500,,,9.523809523809524e-05,0.96,,,,,,,,,0.0,0.000594059405940594,10000,0,0.9466666666666667,0.9733333333333334,10000,0,0.034666666666666665,0.064,10000,0,,,,
test,native,vowel_context20,n5,max_1s,verification,eer_operating,0.48364432822237624,not_evaluable,750,37,0.04933333333333333,1.0,jvs006;jvs065,,,37,518,8,2,713,9982,750,10500,,,0.0007619047619047619,0.9533333333333334,,,,,,,,,0.0,0.0024489795918367346,10000,0,0.9386666666666666,0.968,10000,0,0.034666666666666665,0.064,10000,0,,,,
test,native,vowel_context20,n5,max_2s,cross_text_verification,far_1pct,0.48959546705422036,evaluable,450,197,0.43777777777777777,1.0,,0.02030456852791878,0.00036258158085569254,197,2758,19,22,253,3542,450,6300,0.006889050036258158,0.1116751269035533,0.003015873015873016,0.6111111111111112,0.0,0.01866067394354473,10000,0,0.036458333333333336,0.19282904570844145,10000,0,0.0,0.0077322624874171225,10000,0,0.5577777777777778,0.6622222222222223,10000,0,0.38,0.5,10000,0,0.005405405405405406,0.03867403314917127,10000,0
test,native,vowel_context20,n5,max_2s,cross_text_verification,far_0_1pct,0.5495967760396979,evaluable,450,197,0.43777777777777777,1.0,,0.02030456852791878,0.00036258158085569254,197,2758,1,70,253,3542,450,6300,0.00036258158085569254,0.3553299492385787,0.00015873015873015873,0.7177777777777777,0.0,0.0022043020918874525,10000,0,0.19322350543478262,0.5115234165684278,10000,0,0.0,0.001,10000,0,0.6488888888888888,0.78,10000,0,0.38,0.5,10000,0,0.005405405405405406,0.03867403314917127,10000,0
test,native,vowel_context20,n5,max_2s,cross_text_verification,eer_operating,0.48441688322931814,evaluable,450,197,0.43777777777777777,1.0,,0.02030456852791878,0.00036258158085569254,197,2758,24,18,253,3542,450,6300,0.00870195794053662,0.09137055837563451,0.0038095238095238095,0.6022222222222222,0.000714260240472794,0.023501161400580894,10000,0,0.023121387283236993,0.16585423650445036,10000,0,0.0003367003367003367,0.009694586167800444,10000,0,0.5511111111111111,0.6488888888888888,10000,0,0.38,0.5,10000,0,0.005405405405405406,0.03867403314917127,10000,0
test,native,vowel_context20,n5,max_2s,verification,far_1pct,0.48959546705422036,evaluable,750,243,0.324,1.0,,0.0205761316872428,0.00029394473838918284,243,3402,21,23,507,7098,750,10500,0.006172839506172839,0.09465020576131687,0.002,0.7066666666666667,0.0,0.018558409396849915,10000,0,0.024792365600196386,0.17712177121771217,10000,0,0.0,0.005745003223726623,10000,0,0.652,0.76,10000,0,0.2653,0.388,10000,0,0.007130018926162562,0.03669818386070023,10000,0
test,native,vowel_context20,n5,max_2s,verification,far_0_1pct,0.5495967760396979,evaluable,750,243,0.324,1.0,,0.0205761316872428,0.00029394473838918284,243,3402,2,75,507,7098,750,10500,0.0005878894767783657,0.30864197530864196,0.00019047619047619048,0.776,0.0,0.0035028833100234974,10000,0,0.15226113794954374,0.4504877441994447,10000,0,0.0,0.0012,10000,0,0.732,0.8173333333333334,10000,0,0.2653,0.388,10000,0,0.007130018926162562,0.03669818386070023,10000,0
test,native,vowel_context20,n5,max_2s,verification,eer_operating,0.48441688322931814,evaluable,750,243,0.324,1.0,,0.0205761316872428,0.00029394473838918284,243,3402,24,18,507,7098,750,10500,0.007054673721340388,0.07407407407407407,0.002285714285714286,0.7,0.0,0.021548985202831356,10000,0,0.0165272251130837,0.15531150512911202,10000,0,0.0,0.006736842105263158,10000,0,0.64,0.7573333333333333,10000,0,0.2653,0.388,10000,0,0.007130018926162562,0.03669818386070023,10000,0
test,native,vowel_context20,n5,max_3s,cross_text_verification,far_1pct,0.47892687002771933,evaluable,450,335,0.7444444444444445,1.0,,0.01577825159914712,0.00021321961620469082,335,4690,46,17,115,1610,450,6300,0.009808102345415778,0.050746268656716415,0.007301587301587302,0.29333333333333333,0.0,0.026618774680159066,10000,0,0.013027207657358509,0.09649122807017543,10000,0,0.0,0.019649916013437838,10000,0,0.2511111111111111,0.3377777777777778,10000,0,0.6955555555555556,0.7911111111111111,10000,0,0.0033154824805701174,0.02952495380340688,10000,0
test,native,vowel_context20,n5,max_3s,cross_text_verification,far_0_1pct,0.5507119966843891,evaluable,450,335,0.7444444444444445,1.0,,0.01577825159914712,0.00021321961620469082,335,4690,2,108,115,1610,450,6300,0.00042643923240938164,0.32238805970149254,0.00031746031746031746,0.4955555555555556,0.0,0.0015521236451777277,10000,0,0.16300221661627498,0.48844260941370765,10000,0,0.0,0.0011784511784511784,10000,0,0.3844444444444444,0.6111111111111112,10000,0,0.6955555555555556,0.7911111111111111,10000,0,0.0033154824805701174,0.02952495380340688,10000,0
test,native,vowel_context20,n5,max_3s,cross_text_verification,eer_operating,0.4727687401853091,evaluable,450,335,0.7444444444444445,1.0,,0.01577825159914712,0.00021321961620469082,335,4690,51,14,115,1610,450,6300,0.010874200426439232,0.041791044776119404,0.008095238095238095,0.2866666666666667,0.0004414719425173728,0.029163520715759762,10000,0,0.008823529411764706,0.08695652173913043,10000,0,0.0003367003367003367,0.02147766323024055,10000,0,0.24444444444444444,0.3333333333333333,10000,0,0.6955555555555556,0.7911111111111111,10000,0,0.0033154824805701174,0.02952495380340688,10000,0
test,native,vowel_context20,n5,max_3s,verification,far_1pct,0.47892687002771933,evaluable,750,517,0.6893333333333334,1.0,,0.027770102238187346,0.00013815971262779773,517,7238,68,32,233,3262,750,10500,0.009394860458690245,0.061895551257253385,0.0064761904761904765,0.35333333333333333,0.0003175560914644587,0.025226685356344977,10000,0,0.01160541586073501,0.14364666652923228,10000,0,0.0002173913043478261,0.017423337891857765,10000,0,0.31066666666666665,0.4093333333333333,10000,0,0.66,0.7186666666666667,10000,0,0.0078125,0.04734848484848485,10000,0
test,native,vowel_context20,n5,max_3s,verification,far_0_1pct,0.5507119966843891,evaluable,750,517,0.6893333333333334,1.0,,0.027770102238187346,0.00013815971262779773,517,7238,8,150,233,3262,750,10500,0.0011052777010223818,0.2901353965183752,0.0007619047619047619,0.5106666666666667,0.0,0.006832451091918652,10000,0,0.1524709815670946,0.4366478183486441,10000,0,0.0,0.0048,10000,0,0.4266666666666667,0.6013333333333334,10000,0,0.66,0.7186666666666667,10000,0,0.0078125,0.04734848484848485,10000,0
test,native,vowel_context20,n5,max_3s,verification,eer_operating,0.4727687401853091,evaluable,750,517,0.6893333333333334,1.0,,0.027770102238187346,0.00013815971262779773,517,7238,78,28,233,3262,750,10500,0.010776457584968223,0.05415860735009671,0.0074285714285714285,0.348,0.0007719984357039371,0.028584567258277654,10000,0,0.007736943907156673,0.13174139293115483,10000,0,0.0005263157894736842,0.01957905701754386,10000,0,0.30533333333333335,0.4026666666666667,10000,0,0.66,0.7186666666666667,10000,0,0.0078125,0.04734848484848485,10000,0
test,native,vowel_context20,n5,max_5s,cross_text_verification,far_1pct,0.47795598799201117,evaluable,450,387,0.86,1.0,,0.014950166112956811,0.00018456995201181247,387,5418,53,15,63,882,450,6300,0.009782207456626061,0.03875968992248062,0.008412698412698413,0.17333333333333334,0.00038908240085071423,0.02568373734508023,10000,0,0.010838647470032653,0.07088607594936709,10000,0,0.0003367003367003367,0.022053872053872055,10000,0,0.14222222222222222,0.20444444444444446,10000,0,0.8288888888888889,0.8911111111111111,10000,0,0.002816165006647039,0.02784228547578678,10000,0
test,native,vowel_context20,n5,max_5s,cross_text_verification,far_0_1pct,0.5344122811557778,evaluable,450,387,0.86,1.0,,0.014950166112956811,0.00018456995201181247,387,5418,2,94,63,882,450,6300,0.00036913990402362494,0.24289405684754523,0.00031746031746031746,0.3488888888888889,0.0,0.0022868699848670217,10000,0,0.1111111111111111,0.38542498464373454,10000,0,0.0,0.002,10000,0,0.24,0.4666666666666667,10000,0,0.8288888888888889,0.8911111111111111,10000,0,0.002816165006647039,0.02784228547578678,10000,0
test,native,vowel_context20,n5,max_5s,cross_text_verification,eer_operating,0.48335187313873873,evaluable,450,387,0.86,1.0,,0.014950166112956811,0.00018456995201181247,387,5418,45,23,63,882,450,6300,0.008305647840531562,0.059431524547803614,0.007142857142857143,0.19111111111111112,0.0,0.022503229492855617,10000,0,0.02356020942408377,0.1015625,10000,0,0.0,0.019387755102040816,10000,0,0.1511111111111111,0.2311111111111111,10000,0,0.8288888888888889,0.8911111111111111,10000,0,0.002816165006647039,0.02784228547578678,10000,0
test,native,vowel_context20,n5,max_5s,verification,far_1pct,0.47795598799201117,evaluable,750,674,0.8986666666666666,1.0,,0.02225519287833828,0.000105977108944468,674,9436,83,37,76,1064,750,10500,0.008796100042390844,0.05489614243323442,0.007904761904761904,0.15066666666666667,0.00021933314870482463,0.023963197580063895,10000,0,0.008982035928143712,0.12609970674486803,10000,0,0.0002,0.021489627659574465,10000,0,0.10533333333333333,0.21733333333333332,10000,0,0.872,0.9253333333333333,10000,0,0.0032743778049775605,0.0420440609576735,10000,0
test,native,vowel_context20,n5,max_5s,verification,far_0_1pct,0.5344122811557778,evaluable,750,674,0.8986666666666666,1.0,,0.02225519287833828,0.000105977108944468,674,9436,13,135,76,1064,750,10500,0.001377702416278084,0.20029673590504452,0.001238095238095238,0.2813333333333333,0.0,0.0073206855294472364,10000,0,0.0872766049739734,0.33092511539901026,10000,0,0.0,0.006666666666666667,10000,0,0.18933333333333333,0.3933333333333333,10000,0,0.872,0.9253333333333333,10000,0,0.0032743778049775605,0.0420440609576735,10000,0
test,native,vowel_context20,n5,max_5s,verification,eer_operating,0.48335187313873873,evaluable,750,674,0.8986666666666666,1.0,,0.02225519287833828,0.000105977108944468,674,9436,74,43,76,1064,750,10500,0.007842306061890632,0.06379821958456973,0.007047619047619047,0.15866666666666668,0.0,0.02171796652846816,10000,0,0.010557671863926294,0.14535412646829823,10000,0,0.0,0.01939593301435404,10000,0,0.108,0.23466666666666666,10000,0,0.872,0.9253333333333333,10000,0,0.0032743778049775605,0.0420440609576735,10000,0
test,native,vowel_exact,n1,full,cross_text_verification,far_1pct,0.37496812613021224,evaluable,450,392,0.8711111111111111,1.0,,0.07033527696793003,0.00018221574344023323,392,5488,57,126,58,812,450,6300,0.010386297376093295,0.32142857142857145,0.009047619047619047,0.4088888888888889,0.0,0.029516519858100287,10000,0,0.1439306526806527,0.5264483627204031,10000,0,0.0,0.02577319587628866,10000,0,0.2511111111111111,0.5888888888888889,10000,0,0.8444444444444444,0.9,10000,0,0.035113834203830185,0.10333269015720146,10000,0
test,native,vowel_exact,n1,full,cross_text_verification,far_0_1pct,0.43475409329918485,evaluable,450,392,0.8711111111111111,1.0,,0.07033527696793003,0.00018221574344023323,392,5488,7,209,58,812,450,6300,0.0012755102040816326,0.5331632653061225,0.0011111111111111111,0.5933333333333334,0.0,0.004819470965115488,10000,0,0.3184150717703349,0.7441860465116279,10000,0,0.0,0.004210526315789474,10000,0,0.40444444444444444,0.7755555555555556,10000,0,0.8444444444444444,0.9,10000,0,0.035113834203830185,0.10333269015720146,10000,0
test,native,vowel_exact,n1,full,cross_text_verification,eer_operating,0.3128591889129729,evaluable,450,392,0.8711111111111111,1.0,,0.07033527696793003,0.00018221574344023323,392,5488,237,49,58,812,450,6300,0.04318513119533528,0.125,0.03761904761904762,0.23777777777777778,0.009972923711691995,0.09462490813445243,10000,0,0.030534351145038167,0.24548032577764692,10000,0,0.008680555555555556,0.08233640350877187,10000,0,0.14888888888888888,0.3466666666666667,10000,0,0.8444444444444444,0.9,10000,0,0.035113834203830185,0.10333269015720146,10000,0
test,native,vowel_exact,n1,full,verification,far_1pct,0.37496812613021224,evaluable,750,735,0.98,1.0,,0.05403304178814383,9.718172983479106e-05,735,10290,99,224,15,210,750,10500,0.009620991253644314,0.3047619047619048,0.009428571428571429,0.31866666666666665,0.0001999757996682459,0.029431328689913286,10000,0,0.13465986394557827,0.49387755102040815,10000,0,0.000195976283674881,0.02884270211611502,10000,0,0.1519666666666667,0.504,10000,0,0.98,0.98,10000,0,0.02497694138139127,0.08571428571428572,10000,0
test,native,vowel_exact,n1,full,verification,far_0_1pct,0.43475409329918485,evaluable,750,735,0.98,1.0,,0.05403304178814383,9.718172983479106e-05,735,10290,9,406,15,210,750,10500,0.0008746355685131195,0.5523809523809524,0.0008571428571428571,0.5613333333333334,0.0,0.0031887755102040817,10000,0,0.33741496598639453,0.7646258503401361,10000,0,0.0,0.003125,10000,0,0.3506666666666667,0.7693333333333333,10000,0,0.98,0.98,10000,0,0.02497694138139127,0.08571428571428572,10000,0
test,native,vowel_exact,n1,full,verification,eer_operating,0.3128591889129729,evaluable,750,735,0.98,1.0,,0.05403304178814383,9.718172983479106e-05,735,10290,422,82,15,210,750,10500,0.041010689990281825,0.11156462585034013,0.04019047619047619,0.12933333333333333,0.007164025184541902,0.09322006738301379,10000,0,0.01904761904761905,0.23401360544217686,10000,0,0.0070207446808510645,0.09135566603535351,10000,0,0.03866666666666667,0.24933333333333332,10000,0,0.98,0.98,10000,0,0.02497694138139127,0.08571428571428572,10000,0
test,native,vowel_exact,n1,max_1s,cross_text_verification,far_1pct,0.4166362125059939,not_evaluable,450,28,0.06222222222222222,1.0,jvs003;jvs048,,,28,392,3,14,422,5908,450,6300,,,0.0004761904761904762,0.9688888888888889,,,,,,,,,0.0,0.0014492753623188406,10000,0,0.9444444444444444,0.9888888888888889,10000,0,0.04,0.08666666666666667,10000,0,,,,
test,native,vowel_exact,n1,max_1s,cross_text_verification,far_0_1pct,0.4777364596105926,not_evaluable,450,28,0.06222222222222222,1.0,jvs003;jvs048,,,28,392,0,17,422,5908,450,6300,,,0.0,0.9755555555555555,,,,,,,,,0.0,0.0,10000,0,0.9533333333333334,0.9933333333333333,10000,0,0.04,0.08666666666666667,10000,0,,,,
test,native,vowel_exact,n1,max_1s,cross_text_verification,eer_operating,0.30611229795180406,not_evaluable,450,28,0.06222222222222222,1.0,jvs003;jvs048,,,28,392,26,6,422,5908,450,6300,,,0.004126984126984127,0.9511111111111111,,,,,,,,,0.001075268817204301,0.00833543771043768,10000,0,0.9288888888888889,0.9711111111111111,10000,0,0.04,0.08666666666666667,10000,0,,,,
test,native,vowel_exact,n1,max_1s,verification,far_1pct,0.4166362125059939,not_evaluable,750,37,0.04933333333333333,1.0,jvs006;jvs065,,,37,518,5,17,713,9982,750,10500,,,0.0004761904761904762,0.9733333333333334,,,,,,,,,0.0,0.001875,10000,0,0.9573333333333334,0.988,10000,0,0.034666666666666665,0.064,10000,0,,,,
test,native,vowel_exact,n1,max_1s,verification,far_0_1pct,0.4777364596105926,not_evaluable,750,37,0.04933333333333333,1.0,jvs006;jvs065,,,37,518,1,24,713,9982,750,10500,,,9.523809523809524e-05,0.9826666666666667,,,,,,,,,0.0,0.000594059405940594,10000,0,0.9706666666666667,0.9933333333333333,10000,0,0.034666666666666665,0.064,10000,0,,,,
test,native,vowel_exact,n1,max_1s,verification,eer_operating,0.30611229795180406,not_evaluable,750,37,0.04933333333333333,1.0,jvs006;jvs065,,,37,518,36,5,713,9982,750,10500,,,0.0034285714285714284,0.9573333333333334,,,,,,,,,0.0010526315789473684,0.007368553960659221,10000,0,0.9413333333333334,0.972,10000,0,0.034666666666666665,0.064,10000,0,,,,
test,native,vowel_exact,n1,max_2s,cross_text_verification,far_1pct,0.3992744266187879,evaluable,450,197,0.43777777777777777,1.0,,0.08121827411167512,0.00036258158085569254,197,2758,13,85,253,3542,450,6300,0.004713560551124003,0.43147208121827413,0.0020634920634920637,0.7511111111111111,0.0,0.013006486670880186,10000,0,0.22330097087378642,0.6342592592592593,10000,0,0.0,0.005555555555555556,10000,0,0.6644444444444444,0.8355555555555556,10000,0,0.38,0.5,10000,0,0.04450525706139179,0.12066118718794708,10000,0
test,native,vowel_exact,n1,max_2s,cross_text_verification,far_0_1pct,0.4784324754798504,evaluable,450,197,0.43777777777777777,1.0,,0.08121827411167512,0.00036258158085569254,197,2758,1,138,253,3542,450,6300,0.00036258158085569254,0.700507614213198,0.00015873015873015873,0.8688888888888889,0.0,0.0020293032678703397,10000,0,0.5046696780727002,0.8744331395348836,10000,0,0.0,0.0008960573476702509,10000,0,0.78,0.9444444444444444,10000,0,0.38,0.5,10000,0,0.04450525706139179,0.12066118718794708,10000,0
test,native,vowel_exact,n1,max_2s,cross_text_verification,eer_operating,0.30569040512279877,evaluable,450,197,0.43777777777777777,1.0,,0.08121827411167512,0.00036258158085569254,197,2758,155,26,253,3542,450,6300,0.05620014503263234,0.1319796954314721,0.024603174603174603,0.62,0.020532583577948092,0.1153955419580418,10000,0,0.03684210526315789,0.2474747474747475,10000,0,0.008999358974358974,0.05070960530373111,10000,0,0.5533333333333333,0.6866666666666666,10000,0,0.38,0.5,10000,0,0.04450525706139179,0.12066118718794708,10000,0
test,native,vowel_exact,n1,max_2s,verification,far_1pct,0.3992744266187879,evaluable,750,243,0.324,1.0,,0.07407407407407407,0.00029394473838918284,243,3402,19,115,507,7098,750,10500,0.005584950029394474,0.4732510288065844,0.0018095238095238095,0.8293333333333334,0.000325303755733096,0.017073691890765054,10000,0,0.2683982683982684,0.6575927268423309,10000,0,0.00010416666666666667,0.005544829482948291,10000,0,0.7693333333333333,0.884,10000,0,0.2653,0.388,10000,0,0.04504504504504504,0.10192125003620353,10000,0
test,native,vowel_exact,n1,max_2s,verification,far_0_1pct,0.4784324754798504,evaluable,750,243,0.324,1.0,,0.07407407407407407,0.00029394473838918284,243,3402,1,173,507,7098,750,10500,0.00029394473838918284,0.7119341563786008,9.523809523809524e-05,0.9066666666666666,0.0,0.0016648399797621369,10000,0,0.49568776467029646,0.8866456299118838,10000,0,0.0,0.000594059405940594,10000,0,0.844,0.9613333333333334,10000,0,0.2653,0.388,10000,0,0.04504504504504504,0.10192125003620353,10000,0
test,native,vowel_exact,n1,max_2s,verification,eer_operating,0.30569040512279877,evaluable,750,243,0.324,1.0,,0.07407407407407407,0.00029394473838918284,243,3402,167,37,507,7098,750,10500,0.04908877131099353,0.1522633744855967,0.015904761904761904,0.7253333333333334,0.01870139647767415,0.09856909161174182,10000,0,0.04700854700854701,0.27862751845826556,10000,0,0.006206724137931034,0.030412478522336767,10000,0,0.672,0.772,10000,0,0.2653,0.388,10000,0,0.04504504504504504,0.10192125003620353,10000,0
test,native,vowel_exact,n1,max_3s,cross_text_verification,far_1pct,0.38600451149654225,evaluable,450,335,0.7444444444444445,1.0,,0.07739872068230277,0.00021321961620469082,335,4690,35,124,115,1610,450,6300,0.007462686567164179,0.3701492537313433,0.005555555555555556,0.5311111111111111,0.00044463218659401214,0.02103080539249825,10000,0,0.18674698795180722,0.5688822046309855,10000,0,0.00033661616161616173,0.015625268470790373,10000,0,0.39555555555555555,0.6777777777777778,10000,0,0.6955555555555556,0.7911111111111111,10000,0,0.03888775971093045,0.1111117807778849,10000,0
test,native,vowel_exact,n1,max_3s,cross_text_verification,far_0_1pct,0.46123899708143223,evaluable,450,335,0.7444444444444445,1.0,,0.07739872068230277,0.00021321961620469082,335,4690,3,207,115,1610,450,6300,0.0006396588486140725,0.6179104477611941,0.0004761904761904762,0.7155555555555555,0.0,0.0024144280378290846,10000,0,0.4148568111455109,0.8089629509130098,10000,0,0.0,0.0017365679824561336,10000,0,0.5644444444444444,0.8577777777777778,10000,0,0.6955555555555556,0.7911111111111111,10000,0,0.03888775971093045,0.1111117807778849,10000,0
test,native,vowel_exact,n1,max_3s,cross_text_verification,eer_operating,0.30923760841752407,evaluable,450,335,0.7444444444444445,1.0,,0.07739872068230277,0.00021321961620469082,335,4690,236,41,115,1610,450,6300,0.05031982942430704,0.12238805970149254,0.03746031746031746,0.3466666666666667,0.015546639919759278,0.10505515416352637,10000,0,0.03225806451612903,0.23460410557184752,10000,0,0.011511726804123712,0.07854609929078014,10000,0,0.26,0.4444444444444444,10000,0,0.6955555555555556,0.7911111111111111,10000,0,0.03888775971093045,0.1111117807778849,10000,0
test,native,vowel_exact,n1,max_3s,verification,far_1pct,0.38600451149654225,evaluable,750,517,0.6893333333333334,1.0,,0.06825089803813209,0.00013815971262779773,517,7238,78,191,233,3262,750,10500,0.010776457584968223,0.3694390715667311,0.0074285714285714285,0.5653333333333334,0.0006062443164595332,0.03179110968851006,10000,0,0.19411470588235294,0.548984270233047,10000,0,0.0004166666666666667,0.021616161616161617,10000,0,0.4573333333333333,0.6826666666666666,10000,0,0.66,0.7186666666666667,10000,0,0.03935936498449492,0.09589238293061285,10000,0
test,native,vowel_exact,n1,max_3s,verification,far_0_1pct,0.46123899708143223,evaluable,750,517,0.6893333333333334,1.0,,0.06825089803813209,0.00013815971262779773,517,7238,8,327,233,3262,750,10500,0.0011052777010223818,0.632495164410058,0.0007619047619047619,0.7466666666666667,0.0,0.0037504378324668486,10000,0,0.43373001207283124,0.8171433901918976,10000,0,0.0,0.002577319587628866,10000,0,0.6186666666666667,0.8706666666666667,10000,0,0.66,0.7186666666666667,10000,0,0.03935936498449492,0.09589238293061285,10000,0
test,native,vowel_exact,n1,max_3s,verification,eer_operating,0.30923760841752407,evaluable,750,517,0.6893333333333334,1.0,,0.06825089803813209,0.00013815971262779773,517,7238,336,62,233,3262,750,10500,0.04642166344294004,0.11992263056092843,0.032,0.3933333333333333,0.013236985982411843,0.09790065459845132,10000,0,0.03807615230460922,0.21772788309222327,10000,0,0.0092,0.06694056385440772,10000,0,0.3426666666666667,0.4533333333333333,10000,0,0.66,0.7186666666666667,10000,0,0.03935936498449492,0.09589238293061285,10000,0
test,native,vowel_exact,n1,max_5s,cross_text_verification,far_1pct,0.3792165755130675,evaluable,450,387,0.86,1.0,,0.07087486157253599,0.00018456995201181247,387,5418,50,130,63,882,450,6300,0.009228497600590625,0.3359173126614987,0.007936507936507936,0.4288888888888889,0.00018981278231221523,0.02642810505269798,10000,0,0.15503875968992248,0.5398072621389177,10000,0,0.00016501650165016502,0.02268041237113402,10000,0,0.27111111111111114,0.6022777777777769,10000,0,0.8288888888888889,0.8911111111111111,10000,0,0.03596124100184425,0.10499401350798199,10000,0
test,native,vowel_exact,n1,max_5s,cross_text_verification,far_0_1pct,0.44342135971526137,evaluable,450,387,0.86,1.0,,0.07087486157253599,0.00018456995201181247,387,5418,5,213,63,882,450,6300,0.0009228497600590623,0.5503875968992248,0.0007936507936507937,0.6133333333333333,0.0,0.0036348949919224557,10000,0,0.33676092544987146,0.7595983844954752,10000,0,0.0,0.003125,10000,0,0.4288888888888889,0.7933333333333333,10000,0,0.8288888888888889,0.8911111111111111,10000,0,0.03596124100184425,0.10499401350798199,10000,0
test,native,vowel_exact,n1,max_5s,cross_text_verification,eer_operating,0.3118433331179256,evaluable,450,387,0.86,1.0,,0.07087486157253599,0.00018456995201181247,387,5418,238,45,63,882,450,6300,0.04392764857881137,0.11627906976744186,0.03777777777777778,0.24,0.01108746533215026,0.09493243448003505,10000,0,0.028205128205128206,0.22715995034441805,10000,0,0.009499955197132617,0.08146726619940899,10000,0,0.15555555555555556,0.34,10000,0,0.8288888888888889,0.8911111111111111,10000,0,0.03596124100184425,0.10499401350798199,10000,0
test,native,vowel_exact,n1,max_5s,verification,far_1pct,0.3792165755130675,evaluable,750,674,0.8986666666666666,1.0,,0.058499364137346334,0.000105977108944468,674,9436,111,219,76,1064,750,10500,0.011763459092835948,0.3249258160237389,0.010571428571428572,0.3933333333333333,0.00048076345506967806,0.035144888855265656,10000,0,0.15396335766889058,0.505934429007116,10000,0,0.000425531914893617,0.03157907764460657,10000,0,0.252,0.5506666666666666,10000,0,0.872,0.9253333333333333,10000,0,0.02874713823786259,0.08946824319958646,10000,0
test,native,vowel_exact,n1,max_5s,verification,far_0_1pct,0.44342135971526137,evaluable,750,674,0.8986666666666666,1.0,,0.058499364137346334,0.000105977108944468,674,9436,11,387,76,1064,750,10500,0.0011657481983891479,0.5741839762611276,0.0010476190476190477,0.6173333333333333,0.0,0.004311494540798879,10000,0,0.37070124081599426,0.7700199724865586,10000,0,0.0,0.003870967741935484,10000,0,0.444,0.7893333333333333,10000,0,0.872,0.9253333333333333,10000,0,0.02874713823786259,0.08946824319958646,10000,0
test,native,vowel_exact,n1,max_5s,verification,eer_operating,0.3118433331179256,evaluable,750,674,0.8986666666666666,1.0,,0.058499364137346334,0.000105977108944468,674,9436,406,78,76,1064,750,10500,0.04302670623145401,0.11572700296735905,0.03866666666666667,0.20533333333333334,0.00909090909090909,0.09501349917497588,10000,0,0.023880597014925373,0.2322290478279946,10000,0,0.008229166666666666,0.08536316776007494,10000,0,0.128,0.304,10000,0,0.872,0.9253333333333333,10000,0,0.02874713823786259,0.08946824319958646,10000,0
test,native,vowel_exact,n10,full,cross_text_verification,far_1pct,0.4782227879111038,evaluable,450,392,0.8711111111111111,1.0,,0.012572886297376093,0.00018221574344023323,392,5488,46,8,58,812,450,6300,0.008381924198250729,0.02040816326530612,0.007301587301587302,0.14666666666666667,0.0,0.024267932275181606,10000,0,0.002564102564102564,0.0479828346758726,10000,0,0.0,0.020875420875420877,10000,0,0.11555555555555555,0.17777777777777778,10000,0,0.8444444444444444,0.9,10000,0,0.0008126612755411541,0.022523369233895536,10000,0
test,native,vowel_exact,n10,full,cross_text_verification,far_0_1pct,0.5413681840933452,evaluable,450,392,0.8711111111111111,1.0,,0.012572886297376093,0.00018221574344023323,392,5488,3,70,58,812,450,6300,0.0005466472303206997,0.17857142857142858,0.0004761904761904762,0.28444444444444444,0.0,0.0023510971786833857,10000,0,0.06735751295336788,0.3148614609571788,10000,0,0.0,0.0020408163265306124,10000,0,0.18888888888888888,0.4,10000,0,0.8444444444444444,0.9,10000,0,0.0008126612755411541,0.022523369233895536,10000,0
test,native,vowel_exact,n10,full,cross_text_verification,eer_operating,0.502508332899292,evaluable,450,392,0.8711111111111111,1.0,,0.012572886297376093,0.00018221574344023323,392,5488,21,23,58,812,450,6300,0.003826530612244898,0.058673469387755105,0.0033333333333333335,0.18,0.0,0.016477158840426376,10000,0,0.010178117048346057,0.12977347080400511,10000,0,0.0,0.014285714285714285,10000,0,0.13333333333333333,0.24222222222222223,10000,0,0.8444444444444444,0.9,10000,0,0.0008126612755411541,0.022523369233895536,10000,0
test,native,vowel_exact,n10,full,verification,far_1pct,0.4782227879111038,evaluable,750,735,0.98,1.0,,0.015257531584062196,9.718172983479106e-05,735,10290,75,19,15,210,750,10500,0.007288629737609329,0.02585034013605442,0.007142857142857143,0.04533333333333334,0.00010412328196584757,0.022387536009301663,10000,0,0.0,0.0707482993197279,10000,0,0.00010204081632653062,0.02193978528911563,10000,0,0.02,0.08933333333333333,10000,0,0.98,0.98,10000,0,0.0013605442176870747,0.02717510795940288,10000,0
test,native,vowel_exact,n10,full,verification,far_0_1pct,0.5413681840933452,evaluable,750,735,0.98,1.0,,0.015257531584062196,9.718172983479106e-05,735,10290,10,94,15,210,750,10500,0.0009718172983479105,0.12789115646258503,0.0009523809523809524,0.14533333333333334,0.0,0.006122448979591836,10000,0,0.04353741496598639,0.23129251700680273,10000,0,0.0,0.006,10000,0,0.06266666666666666,0.24666666666666667,10000,0,0.98,0.98,10000,0,0.0013605442176870747,0.02717510795940288,10000,0
test,native,vowel_exact,n10,full,verification,eer_operating,0.502508332899292,evaluable,750,735,0.98,1.0,,0.015257531584062196,9.718172983479106e-05,735,10290,34,33,15,210,750,10500,0.003304178814382896,0.044897959183673466,0.0032380952380952383,0.064,0.0,0.014286268855368225,10000,0,0.0,0.11292517006802721,10000,0,0.0,0.014000543478260862,10000,0,0.02,0.13066666666666665,10000,0,0.98,0.98,10000,0,0.0013605442176870747,0.02717510795940288,10000,0
test,native,vowel_exact,n10,max_1s,cross_text_verification,far_1pct,0.4838095176391178,not_evaluable,450,28,0.06222222222222222,1.0,jvs003;jvs048,,,28,392,4,4,422,5908,450,6300,,,0.0006349206349206349,0.9466666666666667,,,,,,,,,0.0,0.0030303030303030303,10000,0,0.9244444444444444,0.9666666666666667,10000,0,0.04,0.08666666666666667,10000,0,,,,
test,native,vowel_exact,n10,max_1s,cross_text_verification,far_0_1pct,0.5806285894740782,not_evaluable,450,28,0.06222222222222222,1.0,jvs003;jvs048,,,28,392,0,11,422,5908,450,6300,,,0.0,0.9622222222222222,,,,,,,,,0.0,0.0,10000,0,0.9377777777777778,0.9822222222222222,10000,0,0.04,0.08666666666666667,10000,0,,,,
test,native,vowel_exact,n10,max_1s,cross_text_verification,eer_operating,0.47729924157534104,not_evaluable,450,28,0.06222222222222222,1.0,jvs003;jvs048,,,28,392,5,2,422,5908,450,6300,,,0.0007936507936507937,0.9422222222222222,,,,,,,,,0.0,0.0030469607197717748,10000,0,0.92,0.9644444444444444,10000,0,0.04,0.08666666666666667,10000,0,,,,
test,native,vowel_exact,n10,max_1s,verification,far_1pct,0.4838095176391178,not_evaluable,750,37,0.04933333333333333,1.0,jvs006;jvs065,,,37,518,10,1,713,9982,750,10500,,,0.0009523809523809524,0.952,,,,,,,,,0.0,0.002553191489361702,10000,0,0.936,0.968,10000,0,0.034666666666666665,0.064,10000,0,,,,
test,native,vowel_exact,n10,max_1s,verification,far_0_1pct,0.5806285894740782,not_evaluable,750,37,0.04933333333333333,1.0,jvs006;jvs065,,,37,518,0,11,713,9982,750,10500,,,0.0,0.9653333333333334,,,,,,,,,0.0,0.0,10000,0,0.952,0.9773333333333334,10000,0,0.034666666666666665,0.064,10000,0,,,,
test,native,vowel_exact,n10,max_1s,verification,eer_operating,0.47729924157534104,not_evaluable,750,37,0.04933333333333333,1.0,jvs006;jvs065,,,37,518,11,1,713,9982,750,10500,,,0.0010476190476190477,0.952,,,,,,,,,0.0,0.0026804123711340207,10000,0,0.936,0.968,10000,0,0.034666666666666665,0.064,10000,0,,,,
test,native,vowel_exact,n10,max_2s,cross_text_verification,far_1pct,0.4990348970790563,evaluable,450,197,0.43777777777777777,1.0,,0.018129079042784626,0.00036258158085569254,197,2758,13,14,253,3542,450,6300,0.004713560551124003,0.07106598984771574,0.0020634920634920637,0.5933333333333334,0.0,0.0169802059806884,10000,0,0.015463917525773196,0.14000241545893718,10000,0,0.0,0.007216494845360825,10000,0,0.5422222222222223,0.64,10000,0,0.38,0.5,10000,0,0.004842322583663778,0.0350001902587519,10000,0
test,native,vowel_exact,n10,max_2s,cross_text_verification,far_0_1pct,0.5651145365163728,evaluable,450,197,0.43777777777777777,1.0,,0.018129079042784626,0.00036258158085569254,197,2758,1,63,253,3542,450,6300,0.00036258158085569254,0.3197969543147208,0.00015873015873015873,0.7022222222222222,0.0,0.0020293032678703397,10000,0,0.14285714285714285,0.5100182403433474,10000,0,0.0,0.0008960573476702509,10000,0,0.6266666666666667,0.7777777777777778,10000,0,0.38,0.5,10000,0,0.004842322583663778,0.0350001902587519,10000,0
test,native,vowel_exact,n10,max_2s,cross_text_verification,eer_operating,0.4886724704256717,evaluable,450,197,0.43777777777777777,1.0,,0.018129079042784626,0.00036258158085569254,197,2758,19,12,253,3542,450,6300,0.006889050036258158,0.06091370558375635,0.003015873015873016,0.5888888888888889,0.00036952871037157676,0.020802699592380618,10000,0,0.013953488372093023,0.1192694782965904,10000,0,0.00017006802721088434,0.008682188531353111,10000,0,0.5377777777777778,0.6355555555555555,10000,0,0.38,0.5,10000,0,0.004842322583663778,0.0350001902587519,10000,0
test,native,vowel_exact,n10,max_2s,verification,far_1pct,0.4990348970790563,evaluable,750,243,0.324,1.0,,0.012639623750734862,0.00029394473838918284,243,3402,15,10,507,7098,750,10500,0.004409171075837742,0.0411522633744856,0.0014285714285714286,0.6893333333333334,0.0,0.012706839498745062,10000,0,0.004761904761904762,0.08837432915921285,10000,0,0.0,0.003917525773195876,10000,0,0.628,0.7453333333333333,10000,0,0.2653,0.388,10000,0,0.0037733717890429644,0.03106304807105839,10000,0
test,native,vowel_exact,n10,max_2s,verification,far_0_1pct,0.5651145365163728,evaluable,750,243,0.324,1.0,,0.012639623750734862,0.00029394473838918284,243,3402,2,63,507,7098,750,10500,0.0005878894767783657,0.25925925925925924,0.00019047619047619048,0.76,0.0,0.0035028833100234974,10000,0,0.13526520551199808,0.37349514790680227,10000,0,0.0,0.0012,10000,0,0.716,0.8,10000,0,0.2653,0.388,10000,0,0.0037733717890429644,0.03106304807105839,10000,0
test,native,vowel_exact,n10,max_2s,verification,eer_operating,0.4886724704256717,evaluable,750,243,0.324,1.0,,0.012639623750734862,0.00029394473838918284,243,3402,24,10,507,7098,750,10500,0.007054673721340388,0.0411522633744856,0.002285714285714286,0.6893333333333334,0.00030635849523295557,0.01799756017211109,10000,0,0.004761904761904762,0.08837432915921285,10000,0,0.00010204081632653062,0.005714285714285714,10000,0,0.628,0.7453333333333333,10000,0,0.2653,0.388,10000,0,0.0037733717890429644,0.03106304807105839,10000,0
test,native,vowel_exact,n10,max_3s,cross_text_verification,far_1pct,0.4905037486215814,evaluable,450,335,0.7444444444444445,1.0,,0.01257995735607676,0.00021321961620469082,335,4690,32,16,115,1610,450,6300,0.006823027718550106,0.04776119402985075,0.005079365079365079,0.2911111111111111,0.0,0.020823838317302164,10000,0,0.009433222925415508,0.09937934969692433,10000,0,0.0,0.015451702104810993,10000,0,0.24444444444444444,0.34,10000,0,0.6955555555555556,0.7911111111111111,10000,0,0.0009652160766618599,0.024292660995908055,10000,0
test,native,vowel_exact,n10,max_3s,cross_text_verification,far_0_1pct,0.5645935991530994,evaluable,450,335,0.7444444444444445,1.0,,0.01257995735607676,0.00021321961620469082,335,4690,2,93,115,1610,450,6300,0.00042643923240938164,0.27761194029850744,0.00031746031746031746,0.4622222222222222,0.0,0.00256033327160003,10000,0,0.12232071742529278,0.4518114832210196,10000,0,0.0,0.002,10000,0,0.35333333333333333,0.5866666666666667,10000,0,0.6955555555555556,0.7911111111111111,10000,0,0.0009652160766618599,0.024292660995908055,10000,0
test,native,vowel_exact,n10,max_3s,cross_text_verification,eer_operating,0.4905037486215814,evaluable,450,335,0.7444444444444445,1.0,,0.01257995735607676,0.00021321961620469082,335,4690,32,16,115,1610,450,6300,0.006823027718550106,0.04776119402985075,0.005079365079365079,0.2911111111111111,0.0,0.020823838317302164,10000,0,0.009433222925415508,0.09937934969692433,10000,0,0.0,0.015451702104810993,10000,0,0.24444444444444444,0.34,10000,0,0.6955555555555556,0.7911111111111111,10000,0,0.0009652160766618599,0.024292660995908055,10000,0
test,native,vowel_exact,n10,max_3s,verification,far_1pct,0.4905037486215814,evaluable,750,517,0.6893333333333334,1.0,,0.019342359767891684,0.00013815971262779773,517,7238,54,26,233,3262,750,10500,0.007460624481901078,0.05029013539651837,0.005142857142857143,0.3453333333333333,0.0,0.022255115308407743,10000,0,0.007797270955165692,0.11700429174340604,10000,0,0.0,0.01525265542018119,10000,0,0.30933333333333335,0.3893333333333333,10000,0,0.66,0.7186666666666667,10000,0,0.003845969289827256,0.03297034319316294,10000,0
test,native,vowel_exact,n10,max_3s,verification,far_0_1pct,0.5645935991530994,evaluable,750,517,0.6893333333333334,1.0,,0.019342359767891684,0.00013815971262779773,517,7238,8,130,233,3262,750,10500,0.0011052777010223818,0.2514506769825919,0.0007619047619047619,0.484,0.0,0.00597839470542882,10000,0,0.13453815261044177,0.3811344249259018,10000,0,0.0,0.0042,10000,0,0.416,0.5626666666666666,10000,0,0.66,0.7186666666666667,10000,0,0.003845969289827256,0.03297034319316294,10000,0
test,native,vowel_exact,n10,max_3s,verification,eer_operating,0.4905037486215814,evaluable,750,517,0.6893333333333334,1.0,,0.019342359767891684,0.00013815971262779773,517,7238,54,26,233,3262,750,10500,0.007460624481901078,0.05029013539651837,0.005142857142857143,0.3453333333333333,0.0,0.022255115308407743,10000,0,0.007797270955165692,0.11700429174340604,10000,0,0.0,0.01525265542018119,10000,0,0.30933333333333335,0.3893333333333333,10000,0,0.66,0.7186666666666667,10000,0,0.003845969289827256,0.03297034319316294,10000,0
test,native,vowel_exact,n10,max_5s,cross_text_verification,far_1pct,0.4804677612551505,evaluable,450,387,0.86,1.0,,0.012919896640826873,0.00018456995201181247,387,5418,47,9,63,882,450,6300,0.008674787744555186,0.023255813953488372,0.0074603174603174605,0.16,0.0,0.02448307647246319,10000,0,0.002638522427440633,0.05167958656330749,10000,0,0.0,0.020968548387096764,10000,0,0.1288888888888889,0.19111111111111112,10000,0,0.8288888888888889,0.8911111111111111,10000,0,0.001181963401579018,0.0234375,10000,0
test,native,vowel_exact,n10,max_5s,cross_text_verification,far_0_1pct,0.5557905671662116,evaluable,450,387,0.86,1.0,,0.012919896640826873,0.00018456995201181247,387,5418,2,90,63,882,450,6300,0.00036913990402362494,0.23255813953488372,0.00031746031746031746,0.34,0.0,0.0022868699848670217,10000,0,0.09788359788359788,0.39141414141414144,10000,0,0.0,0.002,10000,0,0.22666666666666666,0.4711111111111111,10000,0,0.8288888888888889,0.8911111111111111,10000,0,0.001181963401579018,0.0234375,10000,0
test,native,vowel_exact,n10,max_5s,cross_text_verification,eer_operating,0.49963785786718135,evaluable,450,387,0.86,1.0,,0.012919896640826873,0.00018456995201181247,387,5418,26,22,63,882,450,6300,0.004798818752307124,0.056847545219638244,0.004126984126984127,0.18888888888888888,0.0,0.0179511772798469,10000,0,0.01012594297404424,0.12406947890818859,10000,0,0.0,0.015463917525773196,10000,0,0.14444444444444443,0.24444444444444444,10000,0,0.8288888888888889,0.8911111111111111,10000,0,0.001181963401579018,0.0234375,10000,0
test,native,vowel_exact,n10,max_5s,verification,far_1pct,0.4804677612551505,evaluable,750,674,0.8986666666666666,1.0,,0.015790589232725732,0.000105977108944468,674,9436,73,20,76,1064,750,10500,0.007736328952946164,0.02967359050445104,0.006952380952380952,0.128,0.00021881120793866966,0.022674295602847935,10000,0,0.0,0.07976661305970471,10000,0,0.0002,0.020408268462023982,10000,0,0.088,0.18133333333333335,10000,0,0.872,0.9253333333333333,10000,0,0.0028037219446063566,0.026551993534482753,10000,0
test,native,vowel_exact,n10,max_5s,verification,far_0_1pct,0.5557905671662116,evaluable,750,674,0.8986666666666666,1.0,,0.015790589232725732,0.000105977108944468,674,9436,8,129,76,1064,750,10500,0.000847816871555744,0.1913946587537092,0.0007619047619047619,0.2733333333333333,0.0,0.0046584367840808525,10000,0,0.0891205064410147,0.3087229933121169,10000,0,0.0,0.0042,10000,0,0.192,0.3706999999999995,10000,0,0.872,0.9253333333333333,10000,0,0.0028037219446063566,0.026551993534482753,10000,0
test,native,vowel_exact,n10,max_5s,verification,eer_operating,0.49963785786718135,evaluable,750,674,0.8986666666666666,1.0,,0.015790589232725732,0.000105977108944468,674,9436,42,31,76,1064,750,10500,0.004451038575667656,0.04599406528189911,0.004,0.14266666666666666,0.0,0.015375944864384167,10000,0,0.007462686567164179,0.10319885350209232,10000,0,0.0,0.013723753492370509,10000,0,0.10266666666666667,0.196,10000,0,0.872,0.9253333333333333,10000,0,0.0028037219446063566,0.026551993534482753,10000,0
test,native,vowel_exact,n5,full,cross_text_verification,far_1pct,0.4622698113299524,evaluable,450,392,0.8711111111111111,1.0,,0.01694606413994169,0.00018221574344023323,392,5488,56,16,58,812,450,6300,0.01020408163265306,0.04081632653061224,0.008888888888888889,0.16444444444444445,0.0,0.028548909373867788,10000,0,0.0175,0.06941049455561436,10000,0,0.0,0.024652954931972785,10000,0,0.13111111111111112,0.19777777777777777,10000,0,0.8444444444444444,0.9,10000,0,0.002499880038387716,0.029086160441107765,10000,0
test,native,vowel_exact,n5,full,cross_text_verification,far_0_1pct,0.5215929538861043,evaluable,450,392,0.8711111111111111,1.0,,0.01694606413994169,0.00018221574344023323,392,5488,8,99,58,812,450,6300,0.0014577259475218659,0.25255102040816324,0.0012698412698412698,0.3488888888888889,0.0,0.006941833247632514,10000,0,0.12151898734177215,0.39694845907601384,10000,0,0.0,0.006060606060606061,10000,0,0.23777777777777778,0.47116666666666585,10000,0,0.8444444444444444,0.9,10000,0,0.002499880038387716,0.029086160441107765,10000,0
test,native,vowel_exact,n5,full,cross_text_verification,eer_operating,0.4758484769113213,evaluable,450,392,0.8711111111111111,1.0,,0.01694606413994169,0.00018221574344023323,392,5488,41,29,58,812,450,6300,0.007470845481049562,0.07397959183673469,0.006507936507936508,0.19333333333333333,0.0,0.022293180526898115,10000,0,0.03015075376884422,0.12594458438287154,10000,0,0.0,0.019299660441426128,10000,0,0.1511111111111111,0.24,10000,0,0.8444444444444444,0.9,10000,0,0.002499880038387716,0.029086160441107765,10000,0
test,native,vowel_exact,n5,full,verification,far_1pct,0.4622698113299524,evaluable,750,735,0.98,1.0,,0.021379980563654033,9.718172983479106e-05,735,10290,97,32,15,210,750,10500,0.009426627793974733,0.04353741496598639,0.009238095238095238,0.06266666666666666,0.0,0.028441163699522362,10000,0,0.0027210884353741495,0.11292517006802721,10000,0,0.0,0.027872340425531914,10000,0,0.02266666666666667,0.13066666666666665,10000,0,0.98,0.98,10000,0,0.0031879536608457825,0.0380952380952381,10000,0
test,native,vowel_exact,n5,full,verification,far_0_1pct,0.5215929538861043,evaluable,750,735,0.98,1.0,,0.021379980563654033,9.718172983479106e-05,735,10290,16,129,15,210,750,10500,0.001554907677356657,0.17551020408163265,0.0015238095238095239,0.192,0.0,0.009183673469387756,10000,0,0.0653061224489796,0.3074829931972789,10000,0,0.0,0.009,10000,0,0.084,0.32133333333333336,10000,0,0.98,0.98,10000,0,0.0031879536608457825,0.0380952380952381,10000,0
test,native,vowel_exact,n5,full,verification,eer_operating,0.4758484769113213,evaluable,750,735,0.98,1.0,,0.021379980563654033,9.718172983479106e-05,735,10290,67,42,15,210,750,10500,0.006511175898931001,0.05714285714285714,0.006380952380952381,0.076,0.0,0.02104643268597761,10000,0,0.005442176870748299,0.13877551020408163,10000,0,0.0,0.020625504032258057,10000,0,0.025333333333333333,0.156,10000,0,0.98,0.98,10000,0,0.0031879536608457825,0.0380952380952381,10000,0
test,native,vowel_exact,n5,max_1s,cross_text_verification,far_1pct,0.4855178144431471,not_evaluable,450,28,0.06222222222222222,1.0,jvs003;jvs048,,,28,392,4,5,422,5908,450,6300,,,0.0006349206349206349,0.9488888888888889,,,,,,,,,0.0,0.0023569023569023568,10000,0,0.9266666666666666,0.9688888888888889,10000,0,0.04,0.08666666666666667,10000,0,,,,
test,native,vowel_exact,n5,max_1s,cross_text_verification,far_0_1pct,0.5338885705123458,not_evaluable,450,28,0.06222222222222222,1.0,jvs003;jvs048,,,28,392,0,12,422,5908,450,6300,,,0.0,0.9644444444444444,,,,,,,,,0.0,0.0,10000,0,0.9422222222222222,0.9822222222222222,10000,0,0.04,0.08666666666666667,10000,0,,,,
test,native,vowel_exact,n5,max_1s,cross_text_verification,eer_operating,0.4502681915390539,not_evaluable,450,28,0.06222222222222222,1.0,jvs003;jvs048,,,28,392,7,1,422,5908,450,6300,,,0.0011111111111111111,0.94,,,,,,,,,0.0,0.003436426116838488,10000,0,0.9155555555555556,0.9622222222222222,10000,0,0.04,0.08666666666666667,10000,0,,,,
test,native,vowel_exact,n5,max_1s,verification,far_1pct,0.4855178144431471,not_evaluable,750,37,0.04933333333333333,1.0,jvs006;jvs065,,,37,518,9,1,713,9982,750,10500,,,0.0008571428571428571,0.952,,,,,,,,,0.0,0.002526933404940915,10000,0,0.936,0.968,10000,0,0.034666666666666665,0.064,10000,0,,,,
test,native,vowel_exact,n5,max_1s,verification,far_0_1pct,0.5338885705123458,not_evaluable,750,37,0.04933333333333333,1.0,jvs006;jvs065,,,37,518,2,8,713,9982,750,10500,,,0.00019047619047619048,0.9613333333333334,,,,,,,,,0.0,0.0007142857142857143,10000,0,0.948,0.9746666666666667,10000,0,0.034666666666666665,0.064,10000,0,,,,
test,native,vowel_exact,n5,max_1s,verification,eer_operating,0.4502681915390539,not_evaluable,750,37,0.04933333333333333,1.0,jvs006;jvs065,,,37,518,13,1,713,9982,750,10500,,,0.001238095238095238,0.952,,,,,,,,,0.0,0.0034408602150537634,10000,0,0.936,0.968,10000,0,0.034666666666666665,0.064,10000,0,,,,
test,native,vowel_exact,n5,max_2s,cross_text_verification,far_1pct,0.49014412728860984,evaluable,450,197,0.43777777777777777,1.0,,0.026468455402465556,0.00036258158085569254,197,2758,11,30,253,3542,450,6300,0.003988397389412618,0.15228426395939088,0.001746031746031746,0.6288888888888889,0.0,0.016574912937603097,10000,0,0.07407407407407407,0.23316062176165803,10000,0,0.0,0.007070707070707071,10000,0,0.5755555555555556,0.6777777777777778,10000,0,0.38,0.5,10000,0,0.007314371508619722,0.04830917874396135,10000,0
test,native,vowel_exact,n5,max_2s,cross_text_verification,far_0_1pct,0.5353350632654202,evaluable,450,197,0.43777777777777777,1.0,,0.026468455402465556,0.00036258158085569254,197,2758,4,72,253,3542,450,6300,0.0014503263234227702,0.36548223350253806,0.0006349206349206349,0.7222222222222222,0.0,0.005668226858537069,10000,0,0.1906921373200443,0.5352112676056338,10000,0,0.0,0.002380952380952381,10000,0,0.6488888888888888,0.7933333333333333,10000,0,0.38,0.5,10000,0,0.007314371508619722,0.04830917874396135,10000,0
test,native,vowel_exact,n5,max_2s,cross_text_verification,eer_operating,0.4682378571941931,evaluable,450,197,0.43777777777777777,1.0,,0.026468455402465556,0.00036258158085569254,197,2758,25,18,253,3542,450,6300,0.009064539521392313,0.09137055837563451,0.003968253968253968,0.6022222222222222,0.0,0.025964063473898246,10000,0,0.035,0.15183566882250277,10000,0,0.0,0.010869755911517922,10000,0,0.5488888888888889,0.6511111111111111,10000,0,0.38,0.5,10000,0,0.007314371508619722,0.04830917874396135,10000,0
test,native,vowel_exact,n5,max_2s,verification,far_1pct,0.49014412728860984,evaluable,750,243,0.324,1.0,,0.0205761316872428,0.00029394473838918284,243,3402,16,34,507,7098,750,10500,0.004703115814226925,0.13991769547325103,0.0015238095238095239,0.7213333333333334,0.0,0.013772864668927277,10000,0,0.04787118408880666,0.23666836734693875,10000,0,0.0,0.004183673469387755,10000,0,0.6706666666666666,0.768,10000,0,0.2653,0.388,10000,0,0.0072992700729927005,0.034630630909332535,10000,0
test,native,vowel_exact,n5,max_2s,verification,far_0_1pct,0.5353350632654202,evaluable,750,243,0.324,1.0,,0.0205761316872428,0.00029394473838918284,243,3402,5,76,507,7098,750,10500,0.0014697236919459142,0.31275720164609055,0.0004761904761904762,0.7773333333333333,0.0,0.007237854233317596,10000,0,0.15348837209302327,0.46954138857990346,10000,0,0.0,0.0024242424242424242,10000,0,0.728,0.8226666666666667,10000,0,0.2653,0.388,10000,0,0.0072992700729927005,0.034630630909332535,10000,0
test,native,vowel_exact,n5,max_2s,verification,eer_operating,0.4682378571941931,evaluable,750,243,0.324,1.0,,0.0205761316872428,0.00029394473838918284,243,3402,33,17,507,7098,750,10500,0.009700176366843033,0.06995884773662552,0.003142857142857143,0.6986666666666667,0.0010783608914450035,0.024471954385067198,10000,0,0.01293103448275862,0.1393462326607818,10000,0,0.00031914893617021275,0.007525773195876289,10000,0,0.6386666666666667,0.7533333333333333,10000,0,0.2653,0.388,10000,0,0.0072992700729927005,0.034630630909332535,10000,0
test,native,vowel_exact,n5,max_3s,cross_text_verification,far_1pct,0.4770310580391128,evaluable,450,335,0.7444444444444445,1.0,,0.018763326226012792,0.00021321961620469082,335,4690,39,30,115,1610,450,6300,0.008315565031982943,0.08955223880597014,0.006190476190476191,0.32222222222222224,0.0,0.024255594675264353,10000,0,0.03503068652392713,0.15068592416120705,10000,0,0.0,0.018027561540079944,10000,0,0.2777777777777778,0.3711111111111111,10000,0,0.6955555555555556,0.7911111111111111,10000,0,0.0022040084212859084,0.03331786450896398,10000,0
test,native,vowel_exact,n5,max_3s,cross_text_verification,far_0_1pct,0.5367374644754561,evaluable,450,335,0.7444444444444445,1.0,,0.018763326226012792,0.00021321961620469082,335,4690,6,112,115,1610,450,6300,0.001279317697228145,0.33432835820895523,0.0009523809523809524,0.5044444444444445,0.0,0.005325955110555617,10000,0,0.1730104908532328,0.5014328711922909,10000,0,0.0,0.00404040404040404,10000,0,0.39111111111111113,0.6244444444444445,10000,0,0.6955555555555556,0.7911111111111111,10000,0,0.0022040084212859084,0.03331786450896398,10000,0
test,native,vowel_exact,n5,max_3s,cross_text_verification,eer_operating,0.4607109717773359,evaluable,450,335,0.7444444444444445,1.0,,0.018763326226012792,0.00021321961620469082,335,4690,56,17,115,1610,450,6300,0.011940298507462687,0.050746268656716415,0.008888888888888889,0.29333333333333333,0.0,0.032778876264200514,10000,0,0.020710059171597635,0.08588957055214724,10000,0,0.0,0.02414965986394558,10000,0,0.24888888888888888,0.3422222222222222,10000,0,0.6955555555555556,0.7911111111111111,10000,0,0.0022040084212859084,0.03331786450896398,10000,0
test,native,vowel_exact,n5,max_3s,verification,far_1pct,0.4770310580391128,evaluable,750,517,0.6893333333333334,1.0,,0.027079303675048357,0.00013815971262779773,517,7238,62,40,233,3262,750,10500,0.00856590218292346,0.07736943907156674,0.005904761904761905,0.364,0.0,0.025633774584686554,10000,0,0.015903783647322412,0.16453924926628694,10000,0,0.0,0.017526404376183455,10000,0,0.32133333333333336,0.4186666666666667,10000,0,0.66,0.7186666666666667,10000,0,0.007905138339920948,0.04738171189168149,10000,0
test,native,vowel_exact,n5,max_3s,verification,far_0_1pct,0.5367374644754561,evaluable,750,517,0.6893333333333334,1.0,,0.027079303675048357,0.00013815971262779773,517,7238,13,147,233,3262,750,10500,0.0017960762641613705,0.28433268858800775,0.001238095238095238,0.5066666666666667,0.0,0.007840859628697933,10000,0,0.14548908579986472,0.43413912215603945,10000,0,0.0,0.005454545454545455,10000,0,0.42133333333333334,0.6013333333333334,10000,0,0.66,0.7186666666666667,10000,0,0.007905138339920948,0.04738171189168149,10000,0
test,native,vowel_exact,n5,max_3s,verification,eer_operating,0.4607109717773359,evaluable,750,517,0.6893333333333334,1.0,,0.027079303675048357,0.00013815971262779773,517,7238,90,32,233,3262,750,10500,0.012434374136501796,0.061895551257253385,0.008571428571428572,0.35333333333333333,0.0007748045191111974,0.03467732047168516,10000,0,0.011834319526627219,0.13858194129961116,10000,0,0.0005319148936170213,0.023763316831683156,10000,0,0.31333333333333335,0.4026666666666667,10000,0,0.66,0.7186666666666667,10000,0,0.007905138339920948,0.04738171189168149,10000,0
test,native,vowel_exact,n5,max_5s,cross_text_verification,far_1pct,0.468286299702577,evaluable,450,387,0.86,1.0,,0.017718715393133997,0.00018456995201181247,387,5418,51,21,63,882,450,6300,0.009413067552602437,0.05426356589147287,0.008095238095238095,0.18666666666666668,0.0,0.02656689933984063,10000,0,0.02307251908396947,0.09045226130653267,10000,0,0.0,0.02268041237113402,10000,0,0.1511111111111111,0.2222222222222222,10000,0,0.8288888888888889,0.8911111111111111,10000,0,0.0025906735751295338,0.03125,10000,0
test,native,vowel_exact,n5,max_5s,cross_text_verification,far_0_1pct,0.5333983654999243,evaluable,450,387,0.86,1.0,,0.017718715393133997,0.00018456995201181247,387,5418,5,125,63,882,450,6300,0.0009228497600590623,0.32299741602067183,0.0007936507936507937,0.4177777777777778,0.0,0.003578635670056095,10000,0,0.16200907507869536,0.49373433583959897,10000,0,0.0,0.003061224489795918,10000,0,0.2822222222222222,0.5622222222222222,10000,0,0.8288888888888889,0.8911111111111111,10000,0,0.0025906735751295338,0.03125,10000,0
test,native,vowel_exact,n5,max_5s,cross_text_verification,eer_operating,0.4668532660424282,evaluable,450,387,0.86,1.0,,0.017718715393133997,0.00018456995201181247,387,5418,54,20,63,882,450,6300,0.009966777408637873,0.05167958656330749,0.008571428571428572,0.18444444444444444,0.0,0.028081660047072656,10000,0,0.021976516634050883,0.08436803894068146,10000,0,0.0,0.023936170212765957,10000,0,0.14888888888888888,0.21777777777777776,10000,0,0.8288888888888889,0.8911111111111111,10000,0,0.0025906735751295338,0.03125,10000,0
test,native,vowel_exact,n5,max_5s,verification,far_1pct,0.468286299702577,evaluable,750,674,0.8986666666666666,1.0,,0.02225519287833828,0.000105977108944468,674,9436,87,37,76,1064,750,10500,0.009220008478168715,0.05489614243323442,0.008285714285714285,0.15066666666666667,0.0,0.027130356642368122,10000,0,0.006006006006006006,0.128169739260405,10000,0,0.0,0.024329896907216497,10000,0,0.10266666666666667,0.21733333333333332,10000,0,0.872,0.9253333333333333,10000,0,0.004874551591423532,0.038461538461538464,10000,0
test,native,vowel_exact,n5,max_5s,verification,far_0_1pct,0.5333983654999243,evaluable,750,674,0.8986666666666666,1.0,,0.02225519287833828,0.000105977108944468,674,9436,16,180,76,1064,750,10500,0.001695633743111488,0.26706231454005935,0.0015238095238095239,0.3413333333333333,0.0,0.008001911654547193,10000,0,0.13243828781512607,0.41509433962264153,10000,0,0.0,0.007201818181818155,10000,0,0.228,0.468,10000,0,0.872,0.9253333333333333,10000,0,0.004874551591423532,0.038461538461538464,10000,0
test,native,vowel_exact,n5,max_5s,verification,eer_operating,0.4668532660424282,evaluable,750,674,0.8986666666666666,1.0,,0.02225519287833828,0.000105977108944468,674,9436,88,37,76,1064,750,10500,0.009325985587113183,0.05489614243323442,0.008380952380952381,0.15066666666666667,0.0,0.027527372237332887,10000,0,0.006006006006006006,0.128169739260405,10000,0,0.0,0.024639357492450276,10000,0,0.10266666666666667,0.21733333333333332,10000,0,0.872,0.9253333333333333,10000,0,0.004874551591423532,0.038461538461538464,10000,0
