comparison,status,reference,difference_pp,ci95_lower,ci95_upper,ci95_valid_replicates,ci95_undefined_replicates,population_note
method_minus_exact/native/ecapa_whole/n1/full/cross_text_verification/far_1pct,evaluable,native/vowel_exact/n1/full/cross_text_verification,-40.666666666666664,-58.88888888888889,-25.11111111111111,10000,0,same query cohort
method_minus_exact/native/ecapa_whole/n1/full/cross_text_verification/far_0_1pct,evaluable,native/vowel_exact/n1/full/cross_text_verification,-58.22222222222223,-76.22777777777777,-39.55555555555556,10000,0,same query cohort
method_minus_exact/native/ecapa_whole/n1/full/cross_text_verification/eer_operating,evaluable,native/vowel_exact/n1/full/cross_text_verification,-22.88888888888889,-33.56111111111111,-14.000000000000002,10000,0,same query cohort
method_minus_exact/native/ecapa_whole/n1/full/verification/far_1pct,evaluable,native/vowel_exact/n1/full/verification,-31.866666666666667,-50.4,-15.196666666666715,10000,0,same query cohort
method_minus_exact/native/ecapa_whole/n1/full/verification/far_0_1pct,evaluable,native/vowel_exact/n1/full/verification,-56.13333333333333,-76.93333333333334,-35.06666666666667,10000,0,same query cohort
method_minus_exact/native/ecapa_whole/n1/full/verification/eer_operating,evaluable,native/vowel_exact/n1/full/verification,-12.933333333333334,-24.933333333333334,-3.8666666666666667,10000,0,same query cohort
method_minus_exact/native/ecapa_whole/n1/max_1s/cross_text_verification/far_1pct,evaluable,native/vowel_exact/n1/max_1s/cross_text_verification,-84.22222222222221,-88.66666666666667,-78.8888888888889,10000,0,same query cohort
method_minus_exact/native/ecapa_whole/n1/max_1s/cross_text_verification/far_0_1pct,evaluable,native/vowel_exact/n1/max_1s/cross_text_verification,-63.77777777777778,-70.88888888888889,-56.00000000000001,10000,0,same query cohort
method_minus_exact/native/ecapa_whole/n1/max_1s/cross_text_verification/eer_operating,evaluable,native/vowel_exact/n1/max_1s/cross_text_verification,-90.22222222222223,-92.66666666666667,-87.55555555555556,10000,0,same query cohort
cap_minus_full/native/ecapa_whole/n1/max_1s/cross_text_verification/far_1pct,evaluable,native/ecapa_whole/n1/full/cross_text_verification,12.444444444444445,8.666666666666668,16.444444444444446,10000,0,same query cohort
cap_minus_full/native/ecapa_whole/n1/max_1s/cross_text_verification/far_0_1pct,evaluable,native/ecapa_whole/n1/full/cross_text_verification,32.666666666666664,25.11111111111111,40.44444444444445,10000,0,same query cohort
cap_minus_full/native/ecapa_whole/n1/max_1s/cross_text_verification/eer_operating,evaluable,native/ecapa_whole/n1/full/cross_text_verification,4.0,1.7777777777777777,6.444444444444445,10000,0,same query cohort
method_minus_exact/native/ecapa_whole/n1/max_1s/verification/far_1pct,evaluable,native/vowel_exact/n1/max_1s/verification,-83.46666666666667,-85.6,-80.93333333333334,10000,0,same query cohort
method_minus_exact/native/ecapa_whole/n1/max_1s/verification/far_0_1pct,evaluable,native/vowel_exact/n1/max_1s/verification,-62.4,-69.46666666666665,-54.266666666666666,10000,0,same query cohort
method_minus_exact/native/ecapa_whole/n1/max_1s/verification/eer_operating,evaluable,native/vowel_exact/n1/max_1s/verification,-90.26666666666668,-92.53333333333333,-88.0,10000,0,same query cohort
cap_minus_full/native/ecapa_whole/n1/max_1s/verification/far_1pct,evaluable,native/ecapa_whole/n1/full/verification,13.866666666666665,10.933333333333334,16.933333333333334,10000,0,same query cohort
cap_minus_full/native/ecapa_whole/n1/max_1s/verification/far_0_1pct,evaluable,native/ecapa_whole/n1/full/verification,35.86666666666667,28.666666666666668,44.4,10000,0,same query cohort
cap_minus_full/native/ecapa_whole/n1/max_1s/verification/eer_operating,evaluable,native/ecapa_whole/n1/full/verification,5.466666666666667,3.3333333333333335,7.6,10000,0,same query cohort
method_minus_exact/native/ecapa_whole/n1/max_2s/cross_text_verification/far_1pct,evaluable,native/vowel_exact/n1/max_2s/cross_text_verification,-74.44444444444443,-82.66666666666667,-66.0,10000,0,same query cohort
method_minus_exact/native/ecapa_whole/n1/max_2s/cross_text_verification/far_0_1pct,evaluable,native/vowel_exact/n1/max_2s/cross_text_verification,-84.66666666666667,-91.77777777777779,-76.22222222222223,10000,0,same query cohort
method_minus_exact/native/ecapa_whole/n1/max_2s/cross_text_verification/eer_operating,evaluable,native/vowel_exact/n1/max_2s/cross_text_verification,-61.55555555555555,-68.0,-55.111111111111114,10000,0,same query cohort
cap_minus_full/native/ecapa_whole/n1/max_2s/cross_text_verification/far_1pct,evaluable,native/ecapa_whole/n1/full/cross_text_verification,0.44444444444444453,0.0,1.3333333333333335,10000,0,same query cohort
cap_minus_full/native/ecapa_whole/n1/max_2s/cross_text_verification/far_0_1pct,evaluable,native/ecapa_whole/n1/full/cross_text_verification,1.1111111111111112,-0.22222222222222227,2.888888888888889,10000,0,same query cohort
cap_minus_full/native/ecapa_whole/n1/max_2s/cross_text_verification/eer_operating,evaluable,native/ecapa_whole/n1/full/cross_text_verification,-0.4444444444444444,-1.1111111111111112,0.0,10000,0,same query cohort
method_minus_exact/native/ecapa_whole/n1/max_2s/verification/far_1pct,evaluable,native/vowel_exact/n1/max_2s/verification,-81.86666666666666,-87.2,-76.13333333333333,10000,0,same query cohort
method_minus_exact/native/ecapa_whole/n1/max_2s/verification/far_0_1pct,evaluable,native/vowel_exact/n1/max_2s/verification,-86.66666666666666,-92.0,-80.80000000000001,10000,0,same query cohort
method_minus_exact/native/ecapa_whole/n1/max_2s/verification/eer_operating,evaluable,native/vowel_exact/n1/max_2s/verification,-71.60000000000001,-76.26666666666667,-66.4,10000,0,same query cohort
cap_minus_full/native/ecapa_whole/n1/max_2s/verification/far_1pct,evaluable,native/ecapa_whole/n1/full/verification,1.0666666666666667,0.4,1.866666666666667,10000,0,same query cohort
cap_minus_full/native/ecapa_whole/n1/max_2s/verification/far_0_1pct,evaluable,native/ecapa_whole/n1/full/verification,4.0,2.533333333333333,5.466666666666667,10000,0,same query cohort
cap_minus_full/native/ecapa_whole/n1/max_2s/verification/eer_operating,evaluable,native/ecapa_whole/n1/full/verification,0.9333333333333335,0.26666666666666666,1.7333333333333332,10000,0,same query cohort
method_minus_exact/native/ecapa_whole/n1/max_3s/cross_text_verification/far_1pct,evaluable,native/vowel_exact/n1/max_3s/cross_text_verification,-52.888888888888886,-67.77777777777779,-39.33333333333333,10000,0,same query cohort
method_minus_exact/native/ecapa_whole/n1/max_3s/cross_text_verification/far_0_1pct,evaluable,native/vowel_exact/n1/max_3s/cross_text_verification,-70.88888888888889,-84.66666666666667,-56.222222222222214,10000,0,same query cohort
method_minus_exact/native/ecapa_whole/n1/max_3s/cross_text_verification/eer_operating,evaluable,native/vowel_exact/n1/max_3s/cross_text_verification,-34.22222222222223,-43.55555555555556,-25.77777777777778,10000,0,same query cohort
cap_minus_full/native/ecapa_whole/n1/max_3s/cross_text_verification/far_1pct,evaluable,native/ecapa_whole/n1/full/cross_text_verification,0.0,0.0,0.0,10000,0,same query cohort
cap_minus_full/native/ecapa_whole/n1/max_3s/cross_text_verification/far_0_1pct,evaluable,native/ecapa_whole/n1/full/cross_text_verification,-0.4444444444444444,-1.3333333333333333,0.4444444444444444,10000,0,same query cohort
cap_minus_full/native/ecapa_whole/n1/max_3s/cross_text_verification/eer_operating,evaluable,native/ecapa_whole/n1/full/cross_text_verification,-0.4444444444444444,-1.1111111111111112,0.0,10000,0,same query cohort
method_minus_exact/native/ecapa_whole/n1/max_3s/verification/far_1pct,evaluable,native/vowel_exact/n1/max_3s/verification,-56.53333333333334,-68.26666666666667,-45.733333333333334,10000,0,same query cohort
method_minus_exact/native/ecapa_whole/n1/max_3s/verification/far_0_1pct,evaluable,native/vowel_exact/n1/max_3s/verification,-74.4,-86.93333333333332,-61.46666666666667,10000,0,same query cohort
method_minus_exact/native/ecapa_whole/n1/max_3s/verification/eer_operating,evaluable,native/vowel_exact/n1/max_3s/verification,-39.33333333333333,-45.33333333333333,-34.266666666666666,10000,0,same query cohort
cap_minus_full/native/ecapa_whole/n1/max_3s/verification/far_1pct,evaluable,native/ecapa_whole/n1/full/verification,0.0,0.0,0.0,10000,0,same query cohort
cap_minus_full/native/ecapa_whole/n1/max_3s/verification/far_0_1pct,evaluable,native/ecapa_whole/n1/full/verification,0.26666666666666666,0.0,0.6666666666666667,10000,0,same query cohort
cap_minus_full/native/ecapa_whole/n1/max_3s/verification/eer_operating,evaluable,native/ecapa_whole/n1/full/verification,0.0,0.0,0.0,10000,0,same query cohort
method_minus_exact/native/ecapa_whole/n1/max_5s/cross_text_verification/far_1pct,evaluable,native/vowel_exact/n1/max_5s/cross_text_verification,-42.666666666666664,-60.0,-27.111111111111107,10000,0,same query cohort
method_minus_exact/native/ecapa_whole/n1/max_5s/cross_text_verification/far_0_1pct,evaluable,native/vowel_exact/n1/max_5s/cross_text_verification,-60.88888888888888,-78.66666666666666,-42.66666666666667,10000,0,same query cohort
method_minus_exact/native/ecapa_whole/n1/max_5s/cross_text_verification/eer_operating,evaluable,native/vowel_exact/n1/max_5s/cross_text_verification,-23.11111111111111,-32.88888888888889,-14.666666666666666,10000,0,same query cohort
cap_minus_full/native/ecapa_whole/n1/max_5s/cross_text_verification/far_1pct,evaluable,native/ecapa_whole/n1/full/cross_text_verification,0.0,0.0,0.0,10000,0,same query cohort
cap_minus_full/native/ecapa_whole/n1/max_5s/cross_text_verification/far_0_1pct,evaluable,native/ecapa_whole/n1/full/cross_text_verification,-0.6666666666666667,-1.3333333333333335,0.0,10000,0,same query cohort
cap_minus_full/native/ecapa_whole/n1/max_5s/cross_text_verification/eer_operating,evaluable,native/ecapa_whole/n1/full/cross_text_verification,0.0,0.0,0.0,10000,0,same query cohort
method_minus_exact/native/ecapa_whole/n1/max_5s/verification/far_1pct,evaluable,native/vowel_exact/n1/max_5s/verification,-39.33333333333333,-55.06666666666666,-25.2,10000,0,same query cohort
method_minus_exact/native/ecapa_whole/n1/max_5s/verification/far_0_1pct,evaluable,native/vowel_exact/n1/max_5s/verification,-61.73333333333333,-78.93333333333334,-44.4,10000,0,same query cohort
method_minus_exact/native/ecapa_whole/n1/max_5s/verification/eer_operating,evaluable,native/vowel_exact/n1/max_5s/verification,-20.533333333333335,-30.4,-12.8,10000,0,same query cohort
cap_minus_full/native/ecapa_whole/n1/max_5s/verification/far_1pct,evaluable,native/ecapa_whole/n1/full/verification,0.0,0.0,0.0,10000,0,same query cohort
cap_minus_full/native/ecapa_whole/n1/max_5s/verification/far_0_1pct,evaluable,native/ecapa_whole/n1/full/verification,0.0,0.0,0.0,10000,0,same query cohort
cap_minus_full/native/ecapa_whole/n1/max_5s/verification/eer_operating,evaluable,native/ecapa_whole/n1/full/verification,0.0,0.0,0.0,10000,0,same query cohort
method_minus_exact/native/ecapa_whole/n5/full/cross_text_verification/far_1pct,evaluable,native/vowel_exact/n5/full/cross_text_verification,-16.222222222222225,-19.555555555555557,-12.88888888888889,10000,0,same query cohort
method_minus_exact/native/ecapa_whole/n5/full/cross_text_verification/far_0_1pct,evaluable,native/vowel_exact/n5/full/cross_text_verification,-34.22222222222223,-46.44444444444444,-23.111111111111114,10000,0,same query cohort
method_minus_exact/native/ecapa_whole/n5/full/cross_text_verification/eer_operating,evaluable,native/vowel_exact/n5/full/cross_text_verification,-18.0,-22.666666666666664,-13.994444444444524,10000,0,same query cohort
method_minus_exact/native/ecapa_whole/n5/full/verification/far_1pct,evaluable,native/vowel_exact/n5/full/verification,-6.266666666666667,-13.066666666666665,-2.2666666666666666,10000,0,same query cohort
method_minus_exact/native/ecapa_whole/n5/full/verification/far_0_1pct,evaluable,native/vowel_exact/n5/full/verification,-19.2,-32.13333333333333,-8.4,10000,0,same query cohort
method_minus_exact/native/ecapa_whole/n5/full/verification/eer_operating,evaluable,native/vowel_exact/n5/full/verification,-7.6,-15.6,-2.533333333333333,10000,0,same query cohort
method_minus_exact/native/ecapa_whole/n5/max_1s/cross_text_verification/far_1pct,evaluable,native/vowel_exact/n5/max_1s/cross_text_verification,-82.44444444444444,-86.66666666666667,-77.77777777777779,10000,0,same query cohort
method_minus_exact/native/ecapa_whole/n5/max_1s/cross_text_verification/far_0_1pct,evaluable,native/vowel_exact/n5/max_1s/cross_text_verification,-67.55555555555556,-72.44444444444444,-62.44444444444445,10000,0,same query cohort
method_minus_exact/native/ecapa_whole/n5/max_1s/cross_text_verification/eer_operating,evaluable,native/vowel_exact/n5/max_1s/cross_text_verification,-89.11111111111111,-92.0,-85.77777777777779,10000,0,same query cohort
cap_minus_full/native/ecapa_whole/n5/max_1s/cross_text_verification/far_1pct,evaluable,native/ecapa_whole/n5/full/cross_text_verification,12.222222222222221,8.222222222222223,16.22222222222222,10000,0,same query cohort
cap_minus_full/native/ecapa_whole/n5/max_1s/cross_text_verification/far_0_1pct,evaluable,native/ecapa_whole/n5/full/cross_text_verification,28.22222222222222,22.666666666666668,33.33333333333333,10000,0,same query cohort
cap_minus_full/native/ecapa_whole/n5/max_1s/cross_text_verification/eer_operating,evaluable,native/ecapa_whole/n5/full/cross_text_verification,3.5555555555555554,1.111111111111111,6.222222222222222,10000,0,same query cohort
method_minus_exact/native/ecapa_whole/n5/max_1s/verification/far_1pct,evaluable,native/vowel_exact/n5/max_1s/verification,-82.39999999999999,-85.2,-79.2,10000,0,same query cohort
method_minus_exact/native/ecapa_whole/n5/max_1s/verification/far_0_1pct,evaluable,native/vowel_exact/n5/max_1s/verification,-67.2,-73.86666666666667,-59.33000000000004,10000,0,same query cohort
method_minus_exact/native/ecapa_whole/n5/max_1s/verification/eer_operating,evaluable,native/vowel_exact/n5/max_1s/verification,-89.6,-92.13333333333334,-86.66666666666667,10000,0,same query cohort
cap_minus_full/native/ecapa_whole/n5/max_1s/verification/far_1pct,evaluable,native/ecapa_whole/n5/full/verification,12.8,9.866666666666667,16.0,10000,0,same query cohort
cap_minus_full/native/ecapa_whole/n5/max_1s/verification/far_0_1pct,evaluable,native/ecapa_whole/n5/full/verification,28.933333333333334,22.0,37.06666666666666,10000,0,same query cohort
cap_minus_full/native/ecapa_whole/n5/max_1s/verification/eer_operating,evaluable,native/ecapa_whole/n5/full/verification,5.6000000000000005,3.2,8.0,10000,0,same query cohort
method_minus_exact/native/ecapa_whole/n5/max_2s/cross_text_verification/far_1pct,evaluable,native/vowel_exact/n5/max_2s/cross_text_verification,-62.44444444444445,-67.11111111111111,-57.111111111111114,10000,0,same query cohort
method_minus_exact/native/ecapa_whole/n5/max_2s/cross_text_verification/far_0_1pct,evaluable,native/vowel_exact/n5/max_2s/cross_text_verification,-70.66666666666667,-77.11111111111111,-63.77777777777778,10000,0,same query cohort
method_minus_exact/native/ecapa_whole/n5/max_2s/cross_text_verification/eer_operating,evaluable,native/vowel_exact/n5/max_2s/cross_text_verification,-59.77777777777777,-64.44444444444444,-54.666666666666664,10000,0,same query cohort
cap_minus_full/native/ecapa_whole/n5/max_2s/cross_text_verification/far_1pct,evaluable,native/ecapa_whole/n5/full/cross_text_verification,0.2222222222222222,0.0,0.6666666666666667,10000,0,same query cohort
cap_minus_full/native/ecapa_whole/n5/max_2s/cross_text_verification/far_0_1pct,evaluable,native/ecapa_whole/n5/full/cross_text_verification,0.8888888888888887,0.0,2.444444444444444,10000,0,same query cohort
cap_minus_full/native/ecapa_whole/n5/max_2s/cross_text_verification/eer_operating,evaluable,native/ecapa_whole/n5/full/cross_text_verification,-0.8888888888888891,-1.7777777777777777,-0.2222222222222222,10000,0,same query cohort
method_minus_exact/native/ecapa_whole/n5/max_2s/verification/far_1pct,evaluable,native/vowel_exact/n5/max_2s/verification,-71.2,-75.6,-66.4,10000,0,same query cohort
method_minus_exact/native/ecapa_whole/n5/max_2s/verification/far_0_1pct,evaluable,native/vowel_exact/n5/max_2s/verification,-74.8,-79.06666666666668,-70.13333333333334,10000,0,same query cohort
method_minus_exact/native/ecapa_whole/n5/max_2s/verification/eer_operating,evaluable,native/vowel_exact/n5/max_2s/verification,-68.93333333333334,-74.13333333333333,-63.2,10000,0,same query cohort
cap_minus_full/native/ecapa_whole/n5/max_2s/verification/far_1pct,evaluable,native/ecapa_whole/n5/full/verification,0.9333333333333335,0.26666666666666666,1.7333333333333332,10000,0,same query cohort
cap_minus_full/native/ecapa_whole/n5/max_2s/verification/far_0_1pct,evaluable,native/ecapa_whole/n5/full/verification,2.933333333333333,1.866666666666667,4.0,10000,0,same query cohort
cap_minus_full/native/ecapa_whole/n5/max_2s/verification/eer_operating,evaluable,native/ecapa_whole/n5/full/verification,0.9333333333333335,0.26666666666666666,1.7333333333333332,10000,0,same query cohort
method_minus_exact/native/ecapa_whole/n5/max_3s/cross_text_verification/far_1pct,evaluable,native/vowel_exact/n5/max_3s/cross_text_verification,-32.0,-36.888888888888886,-27.333333333333336,10000,0,same query cohort
method_minus_exact/native/ecapa_whole/n5/max_3s/cross_text_verification/far_0_1pct,evaluable,native/vowel_exact/n5/max_3s/cross_text_verification,-50.0,-61.77777777777778,-38.88888888888889,10000,0,same query cohort
method_minus_exact/native/ecapa_whole/n5/max_3s/cross_text_verification/eer_operating,evaluable,native/vowel_exact/n5/max_3s/cross_text_verification,-29.11111111111111,-34.0,-24.666666666666668,10000,0,same query cohort
cap_minus_full/native/ecapa_whole/n5/max_3s/cross_text_verification/far_1pct,evaluable,native/ecapa_whole/n5/full/cross_text_verification,0.0,0.0,0.0,10000,0,same query cohort
cap_minus_full/native/ecapa_whole/n5/max_3s/cross_text_verification/far_0_1pct,evaluable,native/ecapa_whole/n5/full/cross_text_verification,-0.22222222222222227,-0.6666666666666667,0.0,10000,0,same query cohort
cap_minus_full/native/ecapa_whole/n5/max_3s/cross_text_verification/eer_operating,evaluable,native/ecapa_whole/n5/full/cross_text_verification,-1.1111111111111112,-2.0,-0.4444444444444444,10000,0,same query cohort
method_minus_exact/native/ecapa_whole/n5/max_3s/verification/far_1pct,evaluable,native/vowel_exact/n5/max_3s/verification,-36.4,-41.86666666666667,-32.13333333333333,10000,0,same query cohort
method_minus_exact/native/ecapa_whole/n5/max_3s/verification/far_0_1pct,evaluable,native/vowel_exact/n5/max_3s/verification,-50.66666666666667,-60.13333333333334,-42.13333333333333,10000,0,same query cohort
method_minus_exact/native/ecapa_whole/n5/max_3s/verification/eer_operating,evaluable,native/vowel_exact/n5/max_3s/verification,-35.333333333333336,-40.266666666666666,-31.333333333333336,10000,0,same query cohort
cap_minus_full/native/ecapa_whole/n5/max_3s/verification/far_1pct,evaluable,native/ecapa_whole/n5/full/verification,0.0,0.0,0.0,10000,0,same query cohort
cap_minus_full/native/ecapa_whole/n5/max_3s/verification/far_0_1pct,evaluable,native/ecapa_whole/n5/full/verification,0.0,0.0,0.0,10000,0,same query cohort
cap_minus_full/native/ecapa_whole/n5/max_3s/verification/eer_operating,evaluable,native/ecapa_whole/n5/full/verification,0.0,0.0,0.0,10000,0,same query cohort
method_minus_exact/native/ecapa_whole/n5/max_5s/cross_text_verification/far_1pct,evaluable,native/vowel_exact/n5/max_5s/cross_text_verification,-18.444444444444446,-22.0,-14.888888888888888,10000,0,same query cohort
method_minus_exact/native/ecapa_whole/n5/max_5s/cross_text_verification/far_0_1pct,evaluable,native/vowel_exact/n5/max_5s/cross_text_verification,-41.333333333333336,-55.55555555555556,-27.99444444444452,10000,0,same query cohort
method_minus_exact/native/ecapa_whole/n5/max_5s/cross_text_verification/eer_operating,evaluable,native/vowel_exact/n5/max_5s/cross_text_verification,-17.333333333333336,-20.444444444444446,-14.000000000000002,10000,0,same query cohort
cap_minus_full/native/ecapa_whole/n5/max_5s/cross_text_verification/far_1pct,evaluable,native/ecapa_whole/n5/full/cross_text_verification,0.0,0.0,0.0,10000,0,same query cohort
cap_minus_full/native/ecapa_whole/n5/max_5s/cross_text_verification/far_0_1pct,evaluable,native/ecapa_whole/n5/full/cross_text_verification,-0.22222222222222227,-0.6666666666666667,0.0,10000,0,same query cohort
cap_minus_full/native/ecapa_whole/n5/max_5s/cross_text_verification/eer_operating,evaluable,native/ecapa_whole/n5/full/cross_text_verification,-0.22222222222222227,-0.6666666666666667,0.0,10000,0,same query cohort
method_minus_exact/native/ecapa_whole/n5/max_5s/verification/far_1pct,evaluable,native/vowel_exact/n5/max_5s/verification,-15.066666666666666,-21.73333333333333,-10.266666666666667,10000,0,same query cohort
method_minus_exact/native/ecapa_whole/n5/max_5s/verification/far_0_1pct,evaluable,native/vowel_exact/n5/max_5s/verification,-34.13333333333333,-46.800000000000004,-22.8,10000,0,same query cohort
method_minus_exact/native/ecapa_whole/n5/max_5s/verification/eer_operating,evaluable,native/vowel_exact/n5/max_5s/verification,-14.933333333333335,-21.333333333333332,-10.266666666666667,10000,0,same query cohort
cap_minus_full/native/ecapa_whole/n5/max_5s/verification/far_1pct,evaluable,native/ecapa_whole/n5/full/verification,0.0,0.0,0.0,10000,0,same query cohort
cap_minus_full/native/ecapa_whole/n5/max_5s/verification/far_0_1pct,evaluable,native/ecapa_whole/n5/full/verification,0.0,0.0,0.0,10000,0,same query cohort
cap_minus_full/native/ecapa_whole/n5/max_5s/verification/eer_operating,evaluable,native/ecapa_whole/n5/full/verification,0.13333333333333333,0.0,0.4,10000,0,same query cohort
method_minus_exact/native/ecapa_whole/n10/full/cross_text_verification/far_1pct,evaluable,native/vowel_exact/n10/full/cross_text_verification,-14.444444444444446,-17.555555555555557,-11.333333333333332,10000,0,same query cohort
method_minus_exact/native/ecapa_whole/n10/full/cross_text_verification/far_0_1pct,evaluable,native/vowel_exact/n10/full/cross_text_verification,-27.333333333333332,-38.88888888888889,-18.000000000000004,10000,0,same query cohort
method_minus_exact/native/ecapa_whole/n10/full/cross_text_verification/eer_operating,evaluable,native/vowel_exact/n10/full/cross_text_verification,-16.444444444444446,-22.222222222222225,-12.0,10000,0,same query cohort
method_minus_exact/native/ecapa_whole/n10/full/verification/far_1pct,evaluable,native/vowel_exact/n10/full/verification,-4.533333333333333,-8.933333333333334,-2.0,10000,0,same query cohort
method_minus_exact/native/ecapa_whole/n10/full/verification/far_0_1pct,evaluable,native/vowel_exact/n10/full/verification,-14.533333333333335,-24.666666666666668,-6.266666666666667,10000,0,same query cohort
method_minus_exact/native/ecapa_whole/n10/full/verification/eer_operating,evaluable,native/vowel_exact/n10/full/verification,-6.4,-13.066666666666665,-2.0,10000,0,same query cohort
method_minus_exact/native/ecapa_whole/n10/max_1s/cross_text_verification/far_1pct,evaluable,native/vowel_exact/n10/max_1s/cross_text_verification,-81.33333333333333,-85.77777777777777,-76.44444444444444,10000,0,same query cohort
method_minus_exact/native/ecapa_whole/n10/max_1s/cross_text_verification/far_0_1pct,evaluable,native/vowel_exact/n10/max_1s/cross_text_verification,-67.33333333333333,-72.88888888888889,-61.33333333333333,10000,0,same query cohort
method_minus_exact/native/ecapa_whole/n10/max_1s/cross_text_verification/eer_operating,evaluable,native/vowel_exact/n10/max_1s/cross_text_verification,-89.33333333333333,-92.22222222222223,-86.00000000000001,10000,0,same query cohort
cap_minus_full/native/ecapa_whole/n10/max_1s/cross_text_verification/far_1pct,evaluable,native/ecapa_whole/n10/full/cross_text_verification,13.111111111111112,8.88888888888889,17.333333333333336,10000,0,same query cohort
cap_minus_full/native/ecapa_whole/n10/max_1s/cross_text_verification/far_0_1pct,evaluable,native/ecapa_whole/n10/full/cross_text_verification,27.777777777777775,22.22222222222222,33.111111111111114,10000,0,same query cohort
cap_minus_full/native/ecapa_whole/n10/max_1s/cross_text_verification/eer_operating,evaluable,native/ecapa_whole/n10/full/cross_text_verification,3.333333333333334,0.6666666666666667,6.0,10000,0,same query cohort
method_minus_exact/native/ecapa_whole/n10/max_1s/verification/far_1pct,evaluable,native/vowel_exact/n10/max_1s/verification,-82.13333333333333,-85.06666666666666,-78.8,10000,0,same query cohort
method_minus_exact/native/ecapa_whole/n10/max_1s/verification/far_0_1pct,evaluable,native/vowel_exact/n10/max_1s/verification,-66.53333333333333,-73.33333333333334,-58.53333333333334,10000,0,same query cohort
method_minus_exact/native/ecapa_whole/n10/max_1s/verification/eer_operating,evaluable,native/vowel_exact/n10/max_1s/verification,-89.73333333333333,-92.26666666666667,-87.06666666666666,10000,0,same query cohort
cap_minus_full/native/ecapa_whole/n10/max_1s/verification/far_1pct,evaluable,native/ecapa_whole/n10/full/verification,13.066666666666665,10.0,16.400000000000002,10000,0,same query cohort
cap_minus_full/native/ecapa_whole/n10/max_1s/verification/far_0_1pct,evaluable,native/ecapa_whole/n10/full/verification,30.0,22.8,38.4,10000,0,same query cohort
cap_minus_full/native/ecapa_whole/n10/max_1s/verification/eer_operating,evaluable,native/ecapa_whole/n10/full/verification,5.466666666666667,3.2,7.733333333333333,10000,0,same query cohort
method_minus_exact/native/ecapa_whole/n10/max_2s/cross_text_verification/far_1pct,evaluable,native/vowel_exact/n10/max_2s/cross_text_verification,-58.88888888888889,-63.33333333333333,-53.99999999999999,10000,0,same query cohort
method_minus_exact/native/ecapa_whole/n10/max_2s/cross_text_verification/far_0_1pct,evaluable,native/vowel_exact/n10/max_2s/cross_text_verification,-68.0,-75.1111111111111,-60.88888888888889,10000,0,same query cohort
method_minus_exact/native/ecapa_whole/n10/max_2s/cross_text_verification/eer_operating,evaluable,native/vowel_exact/n10/max_2s/cross_text_verification,-58.44444444444444,-63.11111111111111,-53.55555555555556,10000,0,same query cohort
cap_minus_full/native/ecapa_whole/n10/max_2s/cross_text_verification/far_1pct,evaluable,native/ecapa_whole/n10/full/cross_text_verification,0.2222222222222222,0.0,0.6666666666666667,10000,0,same query cohort
cap_minus_full/native/ecapa_whole/n10/max_2s/cross_text_verification/far_0_1pct,evaluable,native/ecapa_whole/n10/full/cross_text_verification,1.1111111111111112,-0.44444444444444453,3.3333333333333335,10000,0,same query cohort
cap_minus_full/native/ecapa_whole/n10/max_2s/cross_text_verification/eer_operating,evaluable,native/ecapa_whole/n10/full/cross_text_verification,-1.111111111111111,-2.0,-0.4444444444444444,10000,0,same query cohort
method_minus_exact/native/ecapa_whole/n10/max_2s/verification/far_1pct,evaluable,native/vowel_exact/n10/max_2s/verification,-68.0,-73.46666666666665,-62.133333333333326,10000,0,same query cohort
method_minus_exact/native/ecapa_whole/n10/max_2s/verification/far_0_1pct,evaluable,native/vowel_exact/n10/max_2s/verification,-72.93333333333334,-76.4,-69.1966666666667,10000,0,same query cohort
method_minus_exact/native/ecapa_whole/n10/max_2s/verification/eer_operating,evaluable,native/vowel_exact/n10/max_2s/verification,-68.0,-73.46666666666665,-62.133333333333326,10000,0,same query cohort
cap_minus_full/native/ecapa_whole/n10/max_2s/verification/far_1pct,evaluable,native/ecapa_whole/n10/full/verification,0.9333333333333335,0.26666666666666666,1.7333333333333332,10000,0,same query cohort
cap_minus_full/native/ecapa_whole/n10/max_2s/verification/far_0_1pct,evaluable,native/ecapa_whole/n10/full/verification,3.0666666666666664,1.866666666666667,4.266666666666667,10000,0,same query cohort
cap_minus_full/native/ecapa_whole/n10/max_2s/verification/eer_operating,evaluable,native/ecapa_whole/n10/full/verification,0.9333333333333335,0.26666666666666666,1.7333333333333332,10000,0,same query cohort
method_minus_exact/native/ecapa_whole/n10/max_3s/cross_text_verification/far_1pct,evaluable,native/vowel_exact/n10/max_3s/cross_text_verification,-28.888888888888886,-34.0,-24.22222222222222,10000,0,same query cohort
method_minus_exact/native/ecapa_whole/n10/max_3s/cross_text_verification/far_0_1pct,evaluable,native/vowel_exact/n10/max_3s/cross_text_verification,-45.77777777777778,-57.99999999999999,-34.888888888888886,10000,0,same query cohort
method_minus_exact/native/ecapa_whole/n10/max_3s/cross_text_verification/eer_operating,evaluable,native/vowel_exact/n10/max_3s/cross_text_verification,-28.888888888888886,-34.0,-24.22222222222222,10000,0,same query cohort
cap_minus_full/native/ecapa_whole/n10/max_3s/cross_text_verification/far_1pct,evaluable,native/ecapa_whole/n10/full/cross_text_verification,0.0,0.0,0.0,10000,0,same query cohort
cap_minus_full/native/ecapa_whole/n10/max_3s/cross_text_verification/far_0_1pct,evaluable,native/ecapa_whole/n10/full/cross_text_verification,-0.6666666666666667,-1.3333333333333335,0.0,10000,0,same query cohort
cap_minus_full/native/ecapa_whole/n10/max_3s/cross_text_verification/eer_operating,evaluable,native/ecapa_whole/n10/full/cross_text_verification,-1.3333333333333333,-2.2222222222222223,-0.44444444444444453,10000,0,same query cohort
method_minus_exact/native/ecapa_whole/n10/max_3s/verification/far_1pct,evaluable,native/vowel_exact/n10/max_3s/verification,-34.53333333333333,-38.93333333333333,-30.933333333333334,10000,0,same query cohort
method_minus_exact/native/ecapa_whole/n10/max_3s/verification/far_0_1pct,evaluable,native/vowel_exact/n10/max_3s/verification,-48.4,-56.266666666666666,-41.6,10000,0,same query cohort
method_minus_exact/native/ecapa_whole/n10/max_3s/verification/eer_operating,evaluable,native/vowel_exact/n10/max_3s/verification,-34.53333333333333,-38.93333333333333,-30.933333333333334,10000,0,same query cohort
cap_minus_full/native/ecapa_whole/n10/max_3s/verification/far_1pct,evaluable,native/ecapa_whole/n10/full/verification,0.0,0.0,0.0,10000,0,same query cohort
cap_minus_full/native/ecapa_whole/n10/max_3s/verification/far_0_1pct,evaluable,native/ecapa_whole/n10/full/verification,0.0,0.0,0.0,10000,0,same query cohort
cap_minus_full/native/ecapa_whole/n10/max_3s/verification/eer_operating,evaluable,native/ecapa_whole/n10/full/verification,0.0,0.0,0.0,10000,0,same query cohort
method_minus_exact/native/ecapa_whole/n10/max_5s/cross_text_verification/far_1pct,evaluable,native/vowel_exact/n10/max_5s/cross_text_verification,-15.777777777777779,-18.888888888888893,-12.666666666666668,10000,0,same query cohort
method_minus_exact/native/ecapa_whole/n10/max_5s/cross_text_verification/far_0_1pct,evaluable,native/vowel_exact/n10/max_5s/cross_text_verification,-33.55555555555556,-46.666666666666664,-22.222222222222225,10000,0,same query cohort
method_minus_exact/native/ecapa_whole/n10/max_5s/cross_text_verification/eer_operating,evaluable,native/vowel_exact/n10/max_5s/cross_text_verification,-17.555555555555554,-23.116666666666664,-13.111111111111109,10000,0,same query cohort
cap_minus_full/native/ecapa_whole/n10/max_5s/cross_text_verification/far_1pct,evaluable,native/ecapa_whole/n10/full/cross_text_verification,0.0,0.0,0.0,10000,0,same query cohort
cap_minus_full/native/ecapa_whole/n10/max_5s/cross_text_verification/far_0_1pct,evaluable,native/ecapa_whole/n10/full/cross_text_verification,-0.6666666666666667,-1.3333333333333335,0.0,10000,0,same query cohort
cap_minus_full/native/ecapa_whole/n10/max_5s/cross_text_verification/eer_operating,evaluable,native/ecapa_whole/n10/full/cross_text_verification,-0.2222222222222221,-0.6666666666666667,0.0,10000,0,same query cohort
method_minus_exact/native/ecapa_whole/n10/max_5s/verification/far_1pct,evaluable,native/vowel_exact/n10/max_5s/verification,-12.8,-18.133333333333333,-8.799999999999999,10000,0,same query cohort
method_minus_exact/native/ecapa_whole/n10/max_5s/verification/far_0_1pct,evaluable,native/vowel_exact/n10/max_5s/verification,-27.333333333333332,-37.06999999999999,-19.2,10000,0,same query cohort
method_minus_exact/native/ecapa_whole/n10/max_5s/verification/eer_operating,evaluable,native/vowel_exact/n10/max_5s/verification,-14.133333333333335,-19.2,-10.266666666666667,10000,0,same query cohort
cap_minus_full/native/ecapa_whole/n10/max_5s/verification/far_1pct,evaluable,native/ecapa_whole/n10/full/verification,0.0,0.0,0.0,10000,0,same query cohort
cap_minus_full/native/ecapa_whole/n10/max_5s/verification/far_0_1pct,evaluable,native/ecapa_whole/n10/full/verification,0.0,0.0,0.0,10000,0,same query cohort
cap_minus_full/native/ecapa_whole/n10/max_5s/verification/eer_operating,evaluable,native/ecapa_whole/n10/full/verification,0.13333333333333333,0.0,0.4,10000,0,same query cohort
method_minus_exact/native/vowel_context20/n1/full/cross_text_verification/far_1pct,evaluable,native/vowel_exact/n1/full/cross_text_verification,0.0,-2.2222222222222197,2.8888888888888853,10000,0,same query cohort
method_minus_exact/native/vowel_context20/n1/full/cross_text_verification/far_0_1pct,evaluable,native/vowel_exact/n1/full/cross_text_verification,2.6666666666666616,0.0,5.111111111111111,10000,0,same query cohort
method_minus_exact/native/vowel_context20/n1/full/cross_text_verification/eer_operating,evaluable,native/vowel_exact/n1/full/cross_text_verification,0.8888888888888891,-1.3333333333333335,2.888888888888891,10000,0,same query cohort
method_minus_exact/native/vowel_context20/n1/full/verification/far_1pct,evaluable,native/vowel_exact/n1/full/verification,-0.13333333333332975,-2.666666666666667,2.2666666666666666,10000,0,same query cohort
method_minus_exact/native/vowel_context20/n1/full/verification/far_0_1pct,evaluable,native/vowel_exact/n1/full/verification,2.8000000000000025,0.0,6.26666666666667,10000,0,same query cohort
method_minus_exact/native/vowel_context20/n1/full/verification/eer_operating,evaluable,native/vowel_exact/n1/full/verification,-0.6666666666666667,-5.8666666666666645,2.9333333333333322,10000,0,same query cohort
method_minus_exact/native/vowel_context20/n1/max_1s/cross_text_verification/far_1pct,evaluable,native/vowel_exact/n1/max_1s/cross_text_verification,0.0,-0.6666666666666599,0.666666666666671,10000,0,same query cohort
method_minus_exact/native/vowel_context20/n1/max_1s/cross_text_verification/far_0_1pct,evaluable,native/vowel_exact/n1/max_1s/cross_text_verification,0.666666666666671,0.0,1.333333333333342,10000,0,same query cohort
method_minus_exact/native/vowel_context20/n1/max_1s/cross_text_verification/eer_operating,evaluable,native/vowel_exact/n1/max_1s/cross_text_verification,-0.4444444444444473,-1.333333333333342,0.0,10000,0,same query cohort
cap_minus_full/native/vowel_context20/n1/max_1s/cross_text_verification/far_1pct,evaluable,native/vowel_context20/n1/full/cross_text_verification,56.00000000000001,39.33333333333333,70.88888888888889,10000,0,same query cohort
cap_minus_full/native/vowel_context20/n1/max_1s/cross_text_verification/far_0_1pct,evaluable,native/vowel_context20/n1/full/cross_text_verification,36.22222222222222,19.10555555555556,54.0,10000,0,same query cohort
cap_minus_full/native/vowel_context20/n1/max_1s/cross_text_verification/eer_operating,evaluable,native/vowel_context20/n1/full/cross_text_verification,70.0,59.555555555555564,78.88888888888889,10000,0,same query cohort
method_minus_exact/native/vowel_context20/n1/max_1s/verification/far_1pct,evaluable,native/vowel_exact/n1/max_1s/verification,0.13333333333332975,0.0,0.40000000000000036,10000,0,same query cohort
method_minus_exact/native/vowel_context20/n1/max_1s/verification/far_0_1pct,evaluable,native/vowel_exact/n1/max_1s/verification,0.8000000000000007,0.13333333333332975,1.6000000000000014,10000,0,same query cohort
method_minus_exact/native/vowel_context20/n1/max_1s/verification/eer_operating,evaluable,native/vowel_exact/n1/max_1s/verification,-0.2666666666666706,-0.666666666666671,0.0,10000,0,same query cohort
cap_minus_full/native/vowel_context20/n1/max_1s/verification/far_1pct,evaluable,native/vowel_context20/n1/full/verification,65.73333333333333,47.6,82.0,10000,0,same query cohort
cap_minus_full/native/vowel_context20/n1/max_1s/verification/far_0_1pct,evaluable,native/vowel_context20/n1/full/verification,40.13333333333333,21.199999999999996,59.33333333333333,10000,0,same query cohort
cap_minus_full/native/vowel_context20/n1/max_1s/verification/eer_operating,evaluable,native/vowel_context20/n1/full/verification,83.2,73.86666666666666,91.06666666666666,10000,0,same query cohort
method_minus_exact/native/vowel_context20/n1/max_2s/cross_text_verification/far_1pct,evaluable,native/vowel_exact/n1/max_2s/cross_text_verification,-0.22222222222221255,-1.7777777777777781,1.3333333333333308,10000,0,same query cohort
method_minus_exact/native/vowel_context20/n1/max_2s/cross_text_verification/far_0_1pct,evaluable,native/vowel_exact/n1/max_2s/cross_text_verification,-3.11111111111112,-5.333333333333334,-1.1111111111111072,10000,0,same query cohort
method_minus_exact/native/vowel_context20/n1/max_2s/cross_text_verification/eer_operating,evaluable,native/vowel_exact/n1/max_2s/cross_text_verification,1.1111111111111072,-0.22222222222221255,2.6666666666666616,10000,0,same query cohort
cap_minus_full/native/vowel_context20/n1/max_2s/cross_text_verification/far_1pct,evaluable,native/vowel_context20/n1/full/cross_text_verification,34.0,23.33333333333333,43.78333333333326,10000,0,same query cohort
cap_minus_full/native/vowel_context20/n1/max_2s/cross_text_verification/far_0_1pct,evaluable,native/vowel_context20/n1/full/cross_text_verification,21.777777777777775,10.222222222222221,34.222222222222214,10000,0,same query cohort
cap_minus_full/native/vowel_context20/n1/max_2s/cross_text_verification/eer_operating,evaluable,native/vowel_context20/n1/full/cross_text_verification,38.444444444444436,30.888888888888882,45.55555555555556,10000,0,same query cohort
method_minus_exact/native/vowel_context20/n1/max_2s/verification/far_1pct,evaluable,native/vowel_exact/n1/max_2s/verification,1.200000000000001,-0.2666666666666706,2.533333333333343,10000,0,same query cohort
method_minus_exact/native/vowel_context20/n1/max_2s/verification/far_0_1pct,evaluable,native/vowel_exact/n1/max_2s/verification,-1.9999999999999907,-3.200000000000003,-0.9333333333333305,10000,0,same query cohort
method_minus_exact/native/vowel_context20/n1/max_2s/verification/eer_operating,evaluable,native/vowel_exact/n1/max_2s/verification,-0.2666666666666706,-1.6000000000000014,0.9333333333333305,10000,0,same query cohort
cap_minus_full/native/vowel_context20/n1/max_2s/verification/far_1pct,evaluable,native/vowel_context20/n1/full/verification,52.400000000000006,37.06666666666667,66.4033333333333,10000,0,same query cohort
cap_minus_full/native/vowel_context20/n1/max_2s/verification/far_0_1pct,evaluable,native/vowel_context20/n1/full/verification,29.733333333333334,14.666666666666671,45.199999999999996,10000,0,same query cohort
cap_minus_full/native/vowel_context20/n1/max_2s/verification/eer_operating,evaluable,native/vowel_context20/n1/full/verification,60.0,50.4,68.93333333333332,10000,0,same query cohort
method_minus_exact/native/vowel_context20/n1/max_3s/cross_text_verification/far_1pct,evaluable,native/vowel_exact/n1/max_3s/cross_text_verification,-1.5555555555555545,-3.77777777777778,0.4444444444444473,10000,0,same query cohort
method_minus_exact/native/vowel_context20/n1/max_3s/cross_text_verification/far_0_1pct,evaluable,native/vowel_exact/n1/max_3s/cross_text_verification,0.22222222222222365,-1.7777777777777781,2.2222222222222254,10000,0,same query cohort
method_minus_exact/native/vowel_context20/n1/max_3s/cross_text_verification/eer_operating,evaluable,native/vowel_exact/n1/max_3s/cross_text_verification,0.0,-1.7777777777777781,1.7777777777777781,10000,0,same query cohort
cap_minus_full/native/vowel_context20/n1/max_3s/cross_text_verification/far_1pct,evaluable,native/vowel_context20/n1/full/cross_text_verification,10.666666666666663,6.000000000000005,15.777777777777779,10000,0,same query cohort
cap_minus_full/native/vowel_context20/n1/max_3s/cross_text_verification/far_0_1pct,evaluable,native/vowel_context20/n1/full/cross_text_verification,9.777777777777775,3.5555555555555562,17.11111111111111,10000,0,same query cohort
cap_minus_full/native/vowel_context20/n1/max_3s/cross_text_verification/eer_operating,evaluable,native/vowel_context20/n1/full/cross_text_verification,10.0,5.333333333333334,14.666666666666666,10000,0,same query cohort
method_minus_exact/native/vowel_context20/n1/max_3s/verification/far_1pct,evaluable,native/vowel_exact/n1/max_3s/verification,0.9333333333333305,-0.8000000000000007,3.066666666666662,10000,0,same query cohort
method_minus_exact/native/vowel_context20/n1/max_3s/verification/far_0_1pct,evaluable,native/vowel_exact/n1/max_3s/verification,0.5333333333333301,-0.8000000000000007,2.0000000000000018,10000,0,same query cohort
method_minus_exact/native/vowel_context20/n1/max_3s/verification/eer_operating,evaluable,native/vowel_exact/n1/max_3s/verification,-1.1999999999999955,-3.4666666666666677,0.5333333333333301,10000,0,same query cohort
cap_minus_full/native/vowel_context20/n1/max_3s/verification/far_1pct,evaluable,native/vowel_context20/n1/full/verification,25.73333333333333,17.866666666666664,32.93333333333334,10000,0,same query cohort
cap_minus_full/native/vowel_context20/n1/max_3s/verification/far_0_1pct,evaluable,native/vowel_context20/n1/full/verification,16.266666666666662,8.133333333333336,24.8,10000,0,same query cohort
cap_minus_full/native/vowel_context20/n1/max_3s/verification/eer_operating,evaluable,native/vowel_context20/n1/full/verification,25.86666666666667,20.26666666666667,30.933333333333334,10000,0,same query cohort
method_minus_exact/native/vowel_context20/n1/max_5s/cross_text_verification/far_1pct,evaluable,native/vowel_exact/n1/max_5s/cross_text_verification,0.22222222222222365,-1.3333333333333364,2.4444444444444438,10000,0,same query cohort
method_minus_exact/native/vowel_context20/n1/max_5s/cross_text_verification/far_0_1pct,evaluable,native/vowel_exact/n1/max_5s/cross_text_verification,2.444444444444449,-0.8888888888888835,5.555555555555558,10000,0,same query cohort
method_minus_exact/native/vowel_context20/n1/max_5s/cross_text_verification/eer_operating,evaluable,native/vowel_exact/n1/max_5s/cross_text_verification,1.1111111111111127,-0.8888888888888891,2.888888888888891,10000,0,same query cohort
cap_minus_full/native/vowel_context20/n1/max_5s/cross_text_verification/far_1pct,evaluable,native/vowel_context20/n1/full/cross_text_verification,2.2222222222222197,0.666666666666671,3.9999999999999982,10000,0,same query cohort
cap_minus_full/native/vowel_context20/n1/max_5s/cross_text_verification/far_0_1pct,evaluable,native/vowel_context20/n1/full/cross_text_verification,1.7777777777777781,0.4444444444444362,3.3333333333333326,10000,0,same query cohort
cap_minus_full/native/vowel_context20/n1/max_5s/cross_text_verification/eer_operating,evaluable,native/vowel_context20/n1/full/cross_text_verification,0.44444444444444453,-1.3333333333333308,2.4444444444444438,10000,0,same query cohort
method_minus_exact/native/vowel_context20/n1/max_5s/verification/far_1pct,evaluable,native/vowel_exact/n1/max_5s/verification,0.5333333333333357,-2.0000000000000018,3.066666666666662,10000,0,same query cohort
method_minus_exact/native/vowel_context20/n1/max_5s/verification/far_0_1pct,evaluable,native/vowel_exact/n1/max_5s/verification,1.7333333333333423,-0.13333333333332975,3.733333333333333,10000,0,same query cohort
method_minus_exact/native/vowel_context20/n1/max_5s/verification/eer_operating,evaluable,native/vowel_exact/n1/max_5s/verification,-2.3999999999999995,-7.733333333333336,1.3333333333333335,10000,0,same query cohort
cap_minus_full/native/vowel_context20/n1/max_5s/verification/far_1pct,evaluable,native/vowel_context20/n1/full/verification,8.133333333333331,4.533333333333333,11.6,10000,0,same query cohort
cap_minus_full/native/vowel_context20/n1/max_5s/verification/far_0_1pct,evaluable,native/vowel_context20/n1/full/verification,4.533333333333333,0.9333333333333305,8.666666666666668,10000,0,same query cohort
cap_minus_full/native/vowel_context20/n1/max_5s/verification/eer_operating,evaluable,native/vowel_context20/n1/full/verification,5.866666666666669,1.8666666666666665,9.733333333333333,10000,0,same query cohort
method_minus_exact/native/vowel_context20/n5/full/cross_text_verification/far_1pct,evaluable,native/vowel_exact/n5/full/cross_text_verification,-1.3333333333333335,-2.666666666666667,-0.22222222222222365,10000,0,same query cohort
method_minus_exact/native/vowel_context20/n5/full/cross_text_verification/far_0_1pct,evaluable,native/vowel_exact/n5/full/cross_text_verification,-6.6666666666666705,-12.222222222222223,-2.2222222222222197,10000,0,same query cohort
method_minus_exact/native/vowel_context20/n5/full/cross_text_verification/eer_operating,evaluable,native/vowel_exact/n5/full/cross_text_verification,-3.5555555555555562,-5.777777777777779,-1.5555555555555545,10000,0,same query cohort
method_minus_exact/native/vowel_context20/n5/full/verification/far_1pct,evaluable,native/vowel_exact/n5/full/verification,0.0,-1.5999999999999996,1.5999999999999996,10000,0,same query cohort
method_minus_exact/native/vowel_context20/n5/full/verification/far_0_1pct,evaluable,native/vowel_exact/n5/full/verification,-4.266666666666666,-9.733333333333333,0.40000000000000036,10000,0,same query cohort
method_minus_exact/native/vowel_context20/n5/full/verification/eer_operating,evaluable,native/vowel_exact/n5/full/verification,-0.9333333333333332,-3.066666666666666,0.5333333333333332,10000,0,same query cohort
method_minus_exact/native/vowel_context20/n5/max_1s/cross_text_verification/far_1pct,evaluable,native/vowel_exact/n5/max_1s/cross_text_verification,-0.22222222222222365,-0.666666666666671,0.0,10000,0,same query cohort
method_minus_exact/native/vowel_context20/n5/max_1s/cross_text_verification/far_0_1pct,evaluable,native/vowel_exact/n5/max_1s/cross_text_verification,0.0,-0.666666666666671,0.6666666666666599,10000,0,same query cohort
method_minus_exact/native/vowel_context20/n5/max_1s/cross_text_verification/eer_operating,evaluable,native/vowel_exact/n5/max_1s/cross_text_verification,0.666666666666671,0.0,2.0000000000000018,10000,0,same query cohort
cap_minus_full/native/vowel_context20/n5/max_1s/cross_text_verification/far_1pct,evaluable,native/vowel_context20/n5/full/cross_text_verification,79.55555555555556,76.22222222222223,82.88888888888889,10000,0,same query cohort
cap_minus_full/native/vowel_context20/n5/max_1s/cross_text_verification/far_0_1pct,evaluable,native/vowel_context20/n5/full/cross_text_verification,68.22222222222223,59.333333333333336,76.22222222222223,10000,0,same query cohort
cap_minus_full/native/vowel_context20/n5/max_1s/cross_text_verification/eer_operating,evaluable,native/vowel_context20/n5/full/cross_text_verification,78.88888888888889,75.55555555555556,82.22222222222221,10000,0,same query cohort
method_minus_exact/native/vowel_context20/n5/max_1s/verification/far_1pct,evaluable,native/vowel_exact/n5/max_1s/verification,0.13333333333334085,0.0,0.40000000000000036,10000,0,same query cohort
method_minus_exact/native/vowel_context20/n5/max_1s/verification/far_0_1pct,evaluable,native/vowel_exact/n5/max_1s/verification,-0.13333333333334085,-0.40000000000000036,0.0,10000,0,same query cohort
method_minus_exact/native/vowel_context20/n5/max_1s/verification/eer_operating,evaluable,native/vowel_exact/n5/max_1s/verification,0.13333333333334085,0.0,0.40000000000000036,10000,0,same query cohort
cap_minus_full/native/vowel_context20/n5/max_1s/verification/far_1pct,evaluable,native/vowel_context20/n5/full/verification,89.06666666666668,82.13333333333333,93.73333333333333,10000,0,same query cohort
cap_minus_full/native/vowel_context20/n5/max_1s/verification/far_0_1pct,evaluable,native/vowel_context20/n5/full/verification,81.06666666666666,70.0,90.0,10000,0,same query cohort
cap_minus_full/native/vowel_context20/n5/max_1s/verification/eer_operating,evaluable,native/vowel_context20/n5/full/verification,88.66666666666667,81.46666666666667,93.46666666666667,10000,0,same query cohort
method_minus_exact/native/vowel_context20/n5/max_2s/cross_text_verification/far_1pct,evaluable,native/vowel_exact/n5/max_2s/cross_text_verification,-1.7777777777777781,-3.3333333333333326,-0.6666666666666599,10000,0,same query cohort
method_minus_exact/native/vowel_context20/n5/max_2s/cross_text_verification/far_0_1pct,evaluable,native/vowel_exact/n5/max_2s/cross_text_verification,-0.4444444444444473,-2.6666666666666727,1.7777777777777781,10000,0,same query cohort
method_minus_exact/native/vowel_context20/n5/max_2s/cross_text_verification/eer_operating,evaluable,native/vowel_exact/n5/max_2s/cross_text_verification,0.0,-1.1111111111111072,1.1111111111111072,10000,0,same query cohort
cap_minus_full/native/vowel_context20/n5/max_2s/cross_text_verification/far_1pct,evaluable,native/vowel_context20/n5/full/cross_text_verification,46.00000000000001,40.0,51.33333333333333,10000,0,same query cohort
cap_minus_full/native/vowel_context20/n5/max_2s/cross_text_verification/far_0_1pct,evaluable,native/vowel_context20/n5/full/cross_text_verification,43.55555555555555,36.888888888888886,49.55555555555556,10000,0,same query cohort
cap_minus_full/native/vowel_context20/n5/max_2s/cross_text_verification/eer_operating,evaluable,native/vowel_context20/n5/full/cross_text_verification,44.44444444444444,38.44444444444444,49.77777777777778,10000,0,same query cohort
method_minus_exact/native/vowel_context20/n5/max_2s/verification/far_1pct,evaluable,native/vowel_exact/n5/max_2s/verification,-1.4666666666666717,-3.4666666666666734,0.0,10000,0,same query cohort
method_minus_exact/native/vowel_context20/n5/max_2s/verification/far_0_1pct,evaluable,native/vowel_exact/n5/max_2s/verification,-0.13333333333332975,-2.7999999999999914,2.6666666666666727,10000,0,same query cohort
method_minus_exact/native/vowel_context20/n5/max_2s/verification/eer_operating,evaluable,native/vowel_exact/n5/max_2s/verification,0.13333333333332975,-0.666666666666671,0.9333333333333305,10000,0,same query cohort
cap_minus_full/native/vowel_context20/n5/max_2s/verification/far_1pct,evaluable,native/vowel_context20/n5/full/verification,64.4,56.93333333333334,71.06666666666666,10000,0,same query cohort
cap_minus_full/native/vowel_context20/n5/max_2s/verification/far_0_1pct,evaluable,native/vowel_context20/n5/full/verification,62.66666666666667,53.6,70.39999999999999,10000,0,same query cohort
cap_minus_full/native/vowel_context20/n5/max_2s/verification/eer_operating,evaluable,native/vowel_context20/n5/full/verification,63.33333333333333,55.333333333333336,70.53333333333333,10000,0,same query cohort
method_minus_exact/native/vowel_context20/n5/max_3s/cross_text_verification/far_1pct,evaluable,native/vowel_exact/n5/max_3s/cross_text_verification,-2.888888888888891,-4.888888888888893,-1.1111111111111127,10000,0,same query cohort
method_minus_exact/native/vowel_context20/n5/max_3s/cross_text_verification/far_0_1pct,evaluable,native/vowel_exact/n5/max_3s/cross_text_verification,-0.8888888888888891,-3.9999999999999925,2.4444444444444438,10000,0,same query cohort
method_minus_exact/native/vowel_context20/n5/max_3s/cross_text_verification/eer_operating,evaluable,native/vowel_exact/n5/max_3s/cross_text_verification,-0.6666666666666654,-2.2222222222222254,0.8888888888888891,10000,0,same query cohort
cap_minus_full/native/vowel_context20/n5/max_3s/cross_text_verification/far_1pct,evaluable,native/vowel_context20/n5/full/cross_text_verification,14.222222222222221,9.999999999999998,18.444444444444443,10000,0,same query cohort
cap_minus_full/native/vowel_context20/n5/max_3s/cross_text_verification/far_0_1pct,evaluable,native/vowel_context20/n5/full/cross_text_verification,21.333333333333336,16.000000000000004,26.44444444444445,10000,0,same query cohort
cap_minus_full/native/vowel_context20/n5/max_3s/cross_text_verification/eer_operating,evaluable,native/vowel_context20/n5/full/cross_text_verification,12.888888888888891,8.222222222222225,17.333333333333336,10000,0,same query cohort
method_minus_exact/native/vowel_context20/n5/max_3s/verification/far_1pct,evaluable,native/vowel_exact/n5/max_3s/verification,-1.0666666666666658,-2.9333333333333322,0.26666666666666505,10000,0,same query cohort
method_minus_exact/native/vowel_context20/n5/max_3s/verification/far_0_1pct,evaluable,native/vowel_exact/n5/max_3s/verification,0.40000000000000036,-2.7999999999999914,4.0000000000000036,10000,0,same query cohort
method_minus_exact/native/vowel_context20/n5/max_3s/verification/eer_operating,evaluable,native/vowel_exact/n5/max_3s/verification,-0.5333333333333357,-1.6000000000000014,0.40000000000000036,10000,0,same query cohort
cap_minus_full/native/vowel_context20/n5/max_3s/verification/far_1pct,evaluable,native/vowel_context20/n5/full/verification,29.06666666666667,25.33333333333333,32.8,10000,0,same query cohort
cap_minus_full/native/vowel_context20/n5/max_3s/verification/far_0_1pct,evaluable,native/vowel_context20/n5/full/verification,36.13333333333334,31.466666666666665,40.53333333333333,10000,0,same query cohort
cap_minus_full/native/vowel_context20/n5/max_3s/verification/eer_operating,evaluable,native/vowel_context20/n5/full/verification,28.133333333333333,23.73333333333333,32.266666666666666,10000,0,same query cohort
method_minus_exact/native/vowel_context20/n5/max_5s/cross_text_verification/far_1pct,evaluable,native/vowel_exact/n5/max_5s/cross_text_verification,-1.3333333333333335,-2.4444444444444438,-0.44444444444444453,10000,0,same query cohort
method_minus_exact/native/vowel_context20/n5/max_5s/cross_text_verification/far_0_1pct,evaluable,native/vowel_exact/n5/max_5s/cross_text_verification,-6.888888888888889,-10.888888888888893,-3.3333333333333353,10000,0,same query cohort
method_minus_exact/native/vowel_context20/n5/max_5s/cross_text_verification/eer_operating,evaluable,native/vowel_exact/n5/max_5s/cross_text_verification,0.6666666666666682,-0.6666666666666654,2.2222222222222228,10000,0,same query cohort
cap_minus_full/native/vowel_context20/n5/max_5s/cross_text_verification/far_1pct,evaluable,native/vowel_context20/n5/full/cross_text_verification,2.2222222222222228,0.8888888888888891,3.7777777777777772,10000,0,same query cohort
cap_minus_full/native/vowel_context20/n5/max_5s/cross_text_verification/far_0_1pct,evaluable,native/vowel_context20/n5/full/cross_text_verification,6.6666666666666705,3.3333333333333326,10.444444444444445,10000,0,same query cohort
cap_minus_full/native/vowel_context20/n5/max_5s/cross_text_verification/eer_operating,evaluable,native/vowel_context20/n5/full/cross_text_verification,3.3333333333333353,1.3333333333333335,5.777777777777779,10000,0,same query cohort
method_minus_exact/native/vowel_context20/n5/max_5s/verification/far_1pct,evaluable,native/vowel_exact/n5/max_5s/verification,0.0,-1.7333333333333338,1.4666666666666661,10000,0,same query cohort
method_minus_exact/native/vowel_context20/n5/max_5s/verification/far_0_1pct,evaluable,native/vowel_exact/n5/max_5s/verification,-6.0,-12.533333333333333,-0.40000000000000036,10000,0,same query cohort
method_minus_exact/native/vowel_context20/n5/max_5s/verification/eer_operating,evaluable,native/vowel_exact/n5/max_5s/verification,0.8000000000000007,-1.0666666666666658,2.6666666666666687,10000,0,same query cohort
cap_minus_full/native/vowel_context20/n5/max_5s/verification/far_1pct,evaluable,native/vowel_context20/n5/full/verification,8.8,6.266666666666667,11.466666666666667,10000,0,same query cohort
cap_minus_full/native/vowel_context20/n5/max_5s/verification/far_0_1pct,evaluable,native/vowel_context20/n5/full/verification,13.199999999999998,10.533333333333333,16.000000000000004,10000,0,same query cohort
cap_minus_full/native/vowel_context20/n5/max_5s/verification/eer_operating,evaluable,native/vowel_context20/n5/full/verification,9.200000000000001,6.799999999999999,11.733333333333334,10000,0,same query cohort
method_minus_exact/native/vowel_context20/n10/full/cross_text_verification/far_1pct,evaluable,native/vowel_exact/n10/full/cross_text_verification,-0.22222222222222365,-0.8888888888888904,0.44444444444444453,10000,0,same query cohort
method_minus_exact/native/vowel_context20/n10/full/cross_text_verification/far_0_1pct,evaluable,native/vowel_exact/n10/full/cross_text_verification,-4.222222222222221,-8.000000000000002,-1.1111111111111098,10000,0,same query cohort
method_minus_exact/native/vowel_context20/n10/full/cross_text_verification/eer_operating,evaluable,native/vowel_exact/n10/full/cross_text_verification,-1.3333333333333335,-2.888888888888888,0.0,10000,0,same query cohort
method_minus_exact/native/vowel_context20/n10/full/verification/far_1pct,evaluable,native/vowel_exact/n10/full/verification,0.0,-0.4,0.4,10000,0,same query cohort
method_minus_exact/native/vowel_context20/n10/full/verification/far_0_1pct,evaluable,native/vowel_exact/n10/full/verification,-3.4666666666666677,-6.933333333333333,-0.5333333333333343,10000,0,same query cohort
method_minus_exact/native/vowel_context20/n10/full/verification/eer_operating,evaluable,native/vowel_exact/n10/full/verification,-0.40000000000000036,-2.1333333333333337,0.9333333333333332,10000,0,same query cohort
method_minus_exact/native/vowel_context20/n10/max_1s/cross_text_verification/far_1pct,evaluable,native/vowel_exact/n10/max_1s/cross_text_verification,0.0,-0.666666666666671,0.666666666666671,10000,0,same query cohort
method_minus_exact/native/vowel_context20/n10/max_1s/cross_text_verification/far_0_1pct,evaluable,native/vowel_exact/n10/max_1s/cross_text_verification,-0.4444444444444473,-1.1111111111111072,0.0,10000,0,same query cohort
method_minus_exact/native/vowel_context20/n10/max_1s/cross_text_verification/eer_operating,evaluable,native/vowel_exact/n10/max_1s/cross_text_verification,0.4444444444444473,0.0,1.333333333333342,10000,0,same query cohort
cap_minus_full/native/vowel_context20/n10/max_1s/cross_text_verification/far_1pct,evaluable,native/vowel_context20/n10/full/cross_text_verification,80.22222222222221,76.44444444444444,84.00000000000001,10000,0,same query cohort
cap_minus_full/native/vowel_context20/n10/max_1s/cross_text_verification/far_0_1pct,evaluable,native/vowel_context20/n10/full/cross_text_verification,71.55555555555554,61.99444444444443,78.8888888888889,10000,0,same query cohort
cap_minus_full/native/vowel_context20/n10/max_1s/cross_text_verification/eer_operating,evaluable,native/vowel_context20/n10/full/cross_text_verification,78.0,72.66666666666667,82.44444444444444,10000,0,same query cohort
method_minus_exact/native/vowel_context20/n10/max_1s/verification/far_1pct,evaluable,native/vowel_exact/n10/max_1s/verification,0.0,-0.40000000000000036,0.40000000000000036,10000,0,same query cohort
method_minus_exact/native/vowel_context20/n10/max_1s/verification/far_0_1pct,evaluable,native/vowel_exact/n10/max_1s/verification,-0.5333333333333412,-1.0666666666666602,-0.13333333333332975,10000,0,same query cohort
method_minus_exact/native/vowel_context20/n10/max_1s/verification/eer_operating,evaluable,native/vowel_exact/n10/max_1s/verification,0.13333333333334085,0.0,0.40000000000000036,10000,0,same query cohort
cap_minus_full/native/vowel_context20/n10/max_1s/verification/far_1pct,evaluable,native/vowel_context20/n10/full/verification,90.66666666666666,85.73333333333333,94.13333333333334,10000,0,same query cohort
cap_minus_full/native/vowel_context20/n10/max_1s/verification/far_0_1pct,evaluable,native/vowel_context20/n10/full/verification,84.93333333333332,75.73333333333333,92.0,10000,0,same query cohort
cap_minus_full/native/vowel_context20/n10/max_1s/verification/eer_operating,evaluable,native/vowel_context20/n10/full/verification,89.33333333333333,83.06666666666666,93.86666666666666,10000,0,same query cohort
method_minus_exact/native/vowel_context20/n10/max_2s/cross_text_verification/far_1pct,evaluable,native/vowel_exact/n10/max_2s/cross_text_verification,-0.4444444444444473,-1.7777777777777781,0.8888888888888946,10000,0,same query cohort
method_minus_exact/native/vowel_context20/n10/max_2s/cross_text_verification/far_0_1pct,evaluable,native/vowel_exact/n10/max_2s/cross_text_verification,-1.5555555555555545,-4.666666666666663,0.4444444444444473,10000,0,same query cohort
method_minus_exact/native/vowel_context20/n10/max_2s/cross_text_verification/eer_operating,evaluable,native/vowel_exact/n10/max_2s/cross_text_verification,-0.666666666666671,-2.0000000000000018,0.8888888888888835,10000,0,same query cohort
cap_minus_full/native/vowel_context20/n10/max_2s/cross_text_verification/far_1pct,evaluable,native/vowel_context20/n10/full/cross_text_verification,44.44444444444445,38.888888888888886,49.55555555555555,10000,0,same query cohort
cap_minus_full/native/vowel_context20/n10/max_2s/cross_text_verification/far_0_1pct,evaluable,native/vowel_context20/n10/full/cross_text_verification,44.44444444444444,36.66666666666667,50.888888888888886,10000,0,same query cohort
cap_minus_full/native/vowel_context20/n10/max_2s/cross_text_verification/eer_operating,evaluable,native/vowel_context20/n10/full/cross_text_verification,41.55555555555556,34.88888888888889,47.55555555555556,10000,0,same query cohort
method_minus_exact/native/vowel_context20/n10/max_2s/verification/far_1pct,evaluable,native/vowel_exact/n10/max_2s/verification,-0.2666666666666706,-1.200000000000001,0.40000000000000036,10000,0,same query cohort
method_minus_exact/native/vowel_context20/n10/max_2s/verification/far_0_1pct,evaluable,native/vowel_exact/n10/max_2s/verification,0.0,-1.0666666666666602,0.9333333333333416,10000,0,same query cohort
method_minus_exact/native/vowel_context20/n10/max_2s/verification/eer_operating,evaluable,native/vowel_exact/n10/max_2s/verification,-0.40000000000000036,-1.200000000000001,0.0,10000,0,same query cohort
cap_minus_full/native/vowel_context20/n10/max_2s/verification/far_1pct,evaluable,native/vowel_context20/n10/full/verification,64.13333333333333,57.06666666666666,70.66666666666667,10000,0,same query cohort
cap_minus_full/native/vowel_context20/n10/max_2s/verification/far_0_1pct,evaluable,native/vowel_context20/n10/full/verification,64.93333333333334,56.400000000000006,72.39999999999999,10000,0,same query cohort
cap_minus_full/native/vowel_context20/n10/max_2s/verification/eer_operating,evaluable,native/vowel_context20/n10/full/verification,62.53333333333333,53.86666666666666,70.26666666666667,10000,0,same query cohort
method_minus_exact/native/vowel_context20/n10/max_3s/cross_text_verification/far_1pct,evaluable,native/vowel_exact/n10/max_3s/cross_text_verification,-0.8888888888888891,-2.0000000000000018,0.0,10000,0,same query cohort
method_minus_exact/native/vowel_context20/n10/max_3s/cross_text_verification/far_0_1pct,evaluable,native/vowel_exact/n10/max_3s/cross_text_verification,-3.3333333333333326,-6.888888888888889,-0.4444444444444473,10000,0,same query cohort
method_minus_exact/native/vowel_context20/n10/max_3s/cross_text_verification/eer_operating,evaluable,native/vowel_exact/n10/max_3s/cross_text_verification,1.3333333333333364,-0.44444444444444176,3.77777777777778,10000,0,same query cohort
cap_minus_full/native/vowel_context20/n10/max_3s/cross_text_verification/far_1pct,evaluable,native/vowel_context20/n10/full/cross_text_verification,13.777777777777779,9.777777777777777,17.777777777777775,10000,0,same query cohort
cap_minus_full/native/vowel_context20/n10/max_3s/cross_text_verification/far_0_1pct,evaluable,native/vowel_context20/n10/full/cross_text_verification,18.666666666666664,13.111111111111112,24.22222222222222,10000,0,same query cohort
cap_minus_full/native/vowel_context20/n10/max_3s/cross_text_verification/eer_operating,evaluable,native/vowel_context20/n10/full/cross_text_verification,13.77777777777778,9.77777777777778,17.777777777777775,10000,0,same query cohort
method_minus_exact/native/vowel_context20/n10/max_3s/verification/far_1pct,evaluable,native/vowel_exact/n10/max_3s/verification,-0.9333333333333305,-2.2666666666666666,0.0,10000,0,same query cohort
method_minus_exact/native/vowel_context20/n10/max_3s/verification/far_0_1pct,evaluable,native/vowel_exact/n10/max_3s/verification,-2.533333333333332,-4.666666666666663,-0.5333333333333301,10000,0,same query cohort
method_minus_exact/native/vowel_context20/n10/max_3s/verification/eer_operating,evaluable,native/vowel_exact/n10/max_3s/verification,-0.1333333333333353,-1.5999999999999959,1.0666666666666658,10000,0,same query cohort
cap_minus_full/native/vowel_context20/n10/max_3s/verification/far_1pct,evaluable,native/vowel_context20/n10/full/verification,29.06666666666667,25.866666666666667,32.13333333333333,10000,0,same query cohort
cap_minus_full/native/vowel_context20/n10/max_3s/verification/far_0_1pct,evaluable,native/vowel_context20/n10/full/verification,34.8,30.399999999999995,39.06666666666666,10000,0,same query cohort
cap_minus_full/native/vowel_context20/n10/max_3s/verification/eer_operating,evaluable,native/vowel_context20/n10/full/verification,28.4,24.26666666666667,32.266666666666666,10000,0,same query cohort
method_minus_exact/native/vowel_context20/n10/max_5s/cross_text_verification/far_1pct,evaluable,native/vowel_exact/n10/max_5s/cross_text_verification,0.0,-1.5555555555555545,1.7777777777777781,10000,0,same query cohort
method_minus_exact/native/vowel_context20/n10/max_5s/cross_text_verification/far_0_1pct,evaluable,native/vowel_exact/n10/max_5s/cross_text_verification,-4.4444444444444455,-8.444444444444446,-1.1111111111111127,10000,0,same query cohort
method_minus_exact/native/vowel_context20/n10/max_5s/cross_text_verification/eer_operating,evaluable,native/vowel_exact/n10/max_5s/cross_text_verification,-0.6666666666666654,-1.7777777777777781,0.22222222222222365,10000,0,same query cohort
cap_minus_full/native/vowel_context20/n10/max_5s/cross_text_verification/far_1pct,evaluable,native/vowel_context20/n10/full/cross_text_verification,1.5555555555555571,0.22222222222222227,3.3333333333333326,10000,0,same query cohort
cap_minus_full/native/vowel_context20/n10/max_5s/cross_text_verification/far_0_1pct,evaluable,native/vowel_context20/n10/full/cross_text_verification,5.333333333333334,2.666666666666667,8.444444444444446,10000,0,same query cohort
cap_minus_full/native/vowel_context20/n10/max_5s/cross_text_verification/eer_operating,evaluable,native/vowel_context20/n10/full/cross_text_verification,1.5555555555555571,0.44444444444444453,3.1111111111111116,10000,0,same query cohort
method_minus_exact/native/vowel_context20/n10/max_5s/verification/far_1pct,evaluable,native/vowel_exact/n10/max_5s/verification,-0.13333333333333253,-0.8000000000000007,0.39999999999999897,10000,0,same query cohort
method_minus_exact/native/vowel_context20/n10/max_5s/verification/far_0_1pct,evaluable,native/vowel_exact/n10/max_5s/verification,-3.1999999999999975,-6.4,-0.26666666666666783,10000,0,same query cohort
method_minus_exact/native/vowel_context20/n10/max_5s/verification/eer_operating,evaluable,native/vowel_exact/n10/max_5s/verification,-0.40000000000000036,-2.0000000000000004,0.9333333333333332,10000,0,same query cohort
cap_minus_full/native/vowel_context20/n10/max_5s/verification/far_1pct,evaluable,native/vowel_context20/n10/full/verification,8.133333333333335,5.466666666666667,10.8,10000,0,same query cohort
cap_minus_full/native/vowel_context20/n10/max_5s/verification/far_0_1pct,evaluable,native/vowel_context20/n10/full/verification,13.066666666666668,10.533333333333333,15.733333333333333,10000,0,same query cohort
cap_minus_full/native/vowel_context20/n10/max_5s/verification/eer_operating,evaluable,native/vowel_context20/n10/full/verification,7.866666666666666,4.933333333333334,10.8,10000,0,same query cohort
cap_minus_full/native/vowel_exact/n1/max_1s/cross_text_verification/far_1pct,evaluable,native/vowel_exact/n1/full/cross_text_verification,56.00000000000001,38.888888888888886,70.88888888888889,10000,0,same query cohort
cap_minus_full/native/vowel_exact/n1/max_1s/cross_text_verification/far_0_1pct,evaluable,native/vowel_exact/n1/full/cross_text_verification,38.222222222222214,21.111111111111104,55.77777777777777,10000,0,same query cohort
cap_minus_full/native/vowel_exact/n1/max_1s/cross_text_verification/eer_operating,evaluable,native/vowel_exact/n1/full/cross_text_verification,71.33333333333334,61.33333333333333,80.0,10000,0,same query cohort
cap_minus_full/native/vowel_exact/n1/max_1s/verification/far_1pct,evaluable,native/vowel_exact/n1/full/verification,65.46666666666667,47.199999999999996,81.86666666666666,10000,0,same query cohort
cap_minus_full/native/vowel_exact/n1/max_1s/verification/far_0_1pct,evaluable,native/vowel_exact/n1/full/verification,42.13333333333333,21.999999999999996,62.66666666666667,10000,0,same query cohort
cap_minus_full/native/vowel_exact/n1/max_1s/verification/eer_operating,evaluable,native/vowel_exact/n1/full/verification,82.80000000000001,71.33000000000001,91.73333333333333,10000,0,same query cohort
cap_minus_full/native/vowel_exact/n1/max_2s/cross_text_verification/far_1pct,evaluable,native/vowel_exact/n1/full/cross_text_verification,34.222222222222214,23.11111111111111,44.44444444444444,10000,0,same query cohort
cap_minus_full/native/vowel_exact/n1/max_2s/cross_text_verification/far_0_1pct,evaluable,native/vowel_exact/n1/full/cross_text_verification,27.555555555555557,15.11111111111112,40.44444444444445,10000,0,same query cohort
cap_minus_full/native/vowel_exact/n1/max_2s/cross_text_verification/eer_operating,evaluable,native/vowel_exact/n1/full/cross_text_verification,38.22222222222222,30.22222222222222,45.55555555555556,10000,0,same query cohort
cap_minus_full/native/vowel_exact/n1/max_2s/verification/far_1pct,evaluable,native/vowel_exact/n1/full/verification,51.06666666666667,36.26333333333333,64.8,10000,0,same query cohort
cap_minus_full/native/vowel_exact/n1/max_2s/verification/far_0_1pct,evaluable,native/vowel_exact/n1/full/verification,34.533333333333324,18.266666666666676,50.8,10000,0,same query cohort
cap_minus_full/native/vowel_exact/n1/max_2s/verification/eer_operating,evaluable,native/vowel_exact/n1/full/verification,59.60000000000001,48.400000000000006,69.06666666666666,10000,0,same query cohort
cap_minus_full/native/vowel_exact/n1/max_3s/cross_text_verification/far_1pct,evaluable,native/vowel_exact/n1/full/cross_text_verification,12.222222222222218,7.333333333333325,17.333333333333336,10000,0,same query cohort
cap_minus_full/native/vowel_exact/n1/max_3s/cross_text_verification/far_0_1pct,evaluable,native/vowel_exact/n1/full/cross_text_verification,12.222222222222213,5.999999999999995,19.11111111111111,10000,0,same query cohort
cap_minus_full/native/vowel_exact/n1/max_3s/cross_text_verification/eer_operating,evaluable,native/vowel_exact/n1/full/cross_text_verification,10.88888888888889,6.2222222222222205,15.555555555555555,10000,0,same query cohort
cap_minus_full/native/vowel_exact/n1/max_3s/verification/far_1pct,evaluable,native/vowel_exact/n1/full/verification,24.66666666666667,16.799999999999997,31.866666666666667,10000,0,same query cohort
cap_minus_full/native/vowel_exact/n1/max_3s/verification/far_0_1pct,evaluable,native/vowel_exact/n1/full/verification,18.533333333333335,9.199999999999998,28.403333333333286,10000,0,same query cohort
cap_minus_full/native/vowel_exact/n1/max_3s/verification/eer_operating,evaluable,native/vowel_exact/n1/full/verification,26.400000000000002,19.733333333333334,31.73666666666662,10000,0,same query cohort
cap_minus_full/native/vowel_exact/n1/max_5s/cross_text_verification/far_1pct,evaluable,native/vowel_exact/n1/full/cross_text_verification,1.9999999999999962,0.666666666666671,3.3333333333333326,10000,0,same query cohort
cap_minus_full/native/vowel_exact/n1/max_5s/cross_text_verification/far_0_1pct,evaluable,native/vowel_exact/n1/full/cross_text_verification,1.9999999999999907,0.4444444444444473,3.5555555555555562,10000,0,same query cohort
cap_minus_full/native/vowel_exact/n1/max_5s/cross_text_verification/eer_operating,evaluable,native/vowel_exact/n1/full/cross_text_verification,0.22222222222222088,-1.7777777777777781,2.2222222222222228,10000,0,same query cohort
cap_minus_full/native/vowel_exact/n1/max_5s/verification/far_1pct,evaluable,native/vowel_exact/n1/full/verification,7.466666666666666,3.4666666666666677,11.466666666666667,10000,0,same query cohort
cap_minus_full/native/vowel_exact/n1/max_5s/verification/far_0_1pct,evaluable,native/vowel_exact/n1/full/verification,5.599999999999994,1.3333333333333308,10.399999999999999,10000,0,same query cohort
cap_minus_full/native/vowel_exact/n1/max_5s/verification/eer_operating,evaluable,native/vowel_exact/n1/full/verification,7.600000000000001,4.533333333333333,10.533333333333335,10000,0,same query cohort
cap_minus_full/native/vowel_exact/n5/max_1s/cross_text_verification/far_1pct,evaluable,native/vowel_exact/n5/full/cross_text_verification,78.44444444444446,74.8888888888889,82.22222222222221,10000,0,same query cohort
cap_minus_full/native/vowel_exact/n5/max_1s/cross_text_verification/far_0_1pct,evaluable,native/vowel_exact/n5/full/cross_text_verification,61.55555555555555,50.0,72.22222222222221,10000,0,same query cohort
cap_minus_full/native/vowel_exact/n5/max_1s/cross_text_verification/eer_operating,evaluable,native/vowel_exact/n5/full/cross_text_verification,74.66666666666666,68.88888888888889,80.0,10000,0,same query cohort
cap_minus_full/native/vowel_exact/n5/max_1s/verification/far_1pct,evaluable,native/vowel_exact/n5/full/verification,88.93333333333334,82.39999999999999,93.33333333333333,10000,0,same query cohort
cap_minus_full/native/vowel_exact/n5/max_1s/verification/far_0_1pct,evaluable,native/vowel_exact/n5/full/verification,76.93333333333334,64.13333333333333,87.73333333333333,10000,0,same query cohort
cap_minus_full/native/vowel_exact/n5/max_1s/verification/eer_operating,evaluable,native/vowel_exact/n5/full/verification,87.6,80.0,92.93333333333334,10000,0,same query cohort
cap_minus_full/native/vowel_exact/n5/max_2s/cross_text_verification/far_1pct,evaluable,native/vowel_exact/n5/full/cross_text_verification,46.44444444444445,40.44444444444444,51.77777777777778,10000,0,same query cohort
cap_minus_full/native/vowel_exact/n5/max_2s/cross_text_verification/far_0_1pct,evaluable,native/vowel_exact/n5/full/cross_text_verification,37.33333333333333,29.55555555555555,44.888888888888886,10000,0,same query cohort
cap_minus_full/native/vowel_exact/n5/max_2s/cross_text_verification/eer_operating,evaluable,native/vowel_exact/n5/full/cross_text_verification,40.888888888888886,33.55555555555556,47.55555555555555,10000,0,same query cohort
cap_minus_full/native/vowel_exact/n5/max_2s/verification/far_1pct,evaluable,native/vowel_exact/n5/full/verification,65.86666666666667,58.93333333333332,71.86666666666667,10000,0,same query cohort
cap_minus_full/native/vowel_exact/n5/max_2s/verification/far_0_1pct,evaluable,native/vowel_exact/n5/full/verification,58.533333333333324,47.333333333333336,68.53333333333333,10000,0,same query cohort
cap_minus_full/native/vowel_exact/n5/max_2s/verification/eer_operating,evaluable,native/vowel_exact/n5/full/verification,62.26666666666667,53.466666666666676,70.0,10000,0,same query cohort
cap_minus_full/native/vowel_exact/n5/max_3s/cross_text_verification/far_1pct,evaluable,native/vowel_exact/n5/full/cross_text_verification,15.777777777777779,11.777777777777775,19.777777777777775,10000,0,same query cohort
cap_minus_full/native/vowel_exact/n5/max_3s/cross_text_verification/far_0_1pct,evaluable,native/vowel_exact/n5/full/cross_text_verification,15.555555555555555,12.0,18.894444444444368,10000,0,same query cohort
cap_minus_full/native/vowel_exact/n5/max_3s/cross_text_verification/eer_operating,evaluable,native/vowel_exact/n5/full/cross_text_verification,10.0,3.9999999999999982,15.555555555555555,10000,0,same query cohort
cap_minus_full/native/vowel_exact/n5/max_3s/verification/far_1pct,evaluable,native/vowel_exact/n5/full/verification,30.133333333333333,27.066666666666666,33.06666666666666,10000,0,same query cohort
cap_minus_full/native/vowel_exact/n5/max_3s/verification/far_0_1pct,evaluable,native/vowel_exact/n5/full/verification,31.466666666666672,26.53333333333333,36.13333333333333,10000,0,same query cohort
cap_minus_full/native/vowel_exact/n5/max_3s/verification/eer_operating,evaluable,native/vowel_exact/n5/full/verification,27.73333333333333,22.933333333333334,32.0,10000,0,same query cohort
cap_minus_full/native/vowel_exact/n5/max_5s/cross_text_verification/far_1pct,evaluable,native/vowel_exact/n5/full/cross_text_verification,2.2222222222222228,0.8888888888888891,3.7777777777777772,10000,0,same query cohort
cap_minus_full/native/vowel_exact/n5/max_5s/cross_text_verification/far_0_1pct,evaluable,native/vowel_exact/n5/full/cross_text_verification,6.888888888888889,4.000000000000001,9.77777777777778,10000,0,same query cohort
cap_minus_full/native/vowel_exact/n5/max_5s/cross_text_verification/eer_operating,evaluable,native/vowel_exact/n5/full/cross_text_verification,-0.8888888888888891,-3.5555555555555536,1.5555555555555545,10000,0,same query cohort
cap_minus_full/native/vowel_exact/n5/max_5s/verification/far_1pct,evaluable,native/vowel_exact/n5/full/verification,8.8,6.266666666666667,11.466666666666667,10000,0,same query cohort
cap_minus_full/native/vowel_exact/n5/max_5s/verification/far_0_1pct,evaluable,native/vowel_exact/n5/full/verification,14.933333333333332,11.2,18.93333333333333,10000,0,same query cohort
cap_minus_full/native/vowel_exact/n5/max_5s/verification/eer_operating,evaluable,native/vowel_exact/n5/full/verification,7.466666666666668,4.2666666666666675,10.666666666666666,10000,0,same query cohort
cap_minus_full/native/vowel_exact/n10/max_1s/cross_text_verification/far_1pct,evaluable,native/vowel_exact/n10/full/cross_text_verification,80.0,76.44444444444444,83.55555555555556,10000,0,same query cohort
cap_minus_full/native/vowel_exact/n10/max_1s/cross_text_verification/far_0_1pct,evaluable,native/vowel_exact/n10/full/cross_text_verification,67.77777777777779,56.888888888888886,76.88888888888889,10000,0,same query cohort
cap_minus_full/native/vowel_exact/n10/max_1s/cross_text_verification/eer_operating,evaluable,native/vowel_exact/n10/full/cross_text_verification,76.22222222222221,69.11111111111111,81.77777777777777,10000,0,same query cohort
cap_minus_full/native/vowel_exact/n10/max_1s/verification/far_1pct,evaluable,native/vowel_exact/n10/full/verification,90.66666666666666,86.0,93.86666666666667,10000,0,same query cohort
cap_minus_full/native/vowel_exact/n10/max_1s/verification/far_0_1pct,evaluable,native/vowel_exact/n10/full/verification,82.0,72.13333333333334,90.26666666666668,10000,0,same query cohort
cap_minus_full/native/vowel_exact/n10/max_1s/verification/eer_operating,evaluable,native/vowel_exact/n10/full/verification,88.79999999999998,82.4,93.33333333333333,10000,0,same query cohort
cap_minus_full/native/vowel_exact/n10/max_2s/cross_text_verification/far_1pct,evaluable,native/vowel_exact/n10/full/cross_text_verification,44.66666666666667,39.11111111111111,49.55555555555556,10000,0,same query cohort
cap_minus_full/native/vowel_exact/n10/max_2s/cross_text_verification/far_0_1pct,evaluable,native/vowel_exact/n10/full/cross_text_verification,41.77777777777777,34.444444444444436,48.22222222222222,10000,0,same query cohort
cap_minus_full/native/vowel_exact/n10/max_2s/cross_text_verification/eer_operating,evaluable,native/vowel_exact/n10/full/cross_text_verification,40.88888888888889,32.66666666666666,48.0,10000,0,same query cohort
cap_minus_full/native/vowel_exact/n10/max_2s/verification/far_1pct,evaluable,native/vowel_exact/n10/full/verification,64.4,57.46666666666667,70.8,10000,0,same query cohort
cap_minus_full/native/vowel_exact/n10/max_2s/verification/far_0_1pct,evaluable,native/vowel_exact/n10/full/verification,61.46666666666667,51.73333333333334,70.13333333333333,10000,0,same query cohort
cap_minus_full/native/vowel_exact/n10/max_2s/verification/eer_operating,evaluable,native/vowel_exact/n10/full/verification,62.53333333333333,54.0,70.26666666666667,10000,0,same query cohort
cap_minus_full/native/vowel_exact/n10/max_3s/cross_text_verification/far_1pct,evaluable,native/vowel_exact/n10/full/cross_text_verification,14.444444444444443,10.666666666666666,18.22222222222222,10000,0,same query cohort
cap_minus_full/native/vowel_exact/n10/max_3s/cross_text_verification/far_0_1pct,evaluable,native/vowel_exact/n10/full/cross_text_verification,17.777777777777775,12.88888888888889,22.44444444444445,10000,0,same query cohort
cap_minus_full/native/vowel_exact/n10/max_3s/cross_text_verification/eer_operating,evaluable,native/vowel_exact/n10/full/cross_text_verification,11.11111111111111,5.3333333333333375,16.444444444444446,10000,0,same query cohort
cap_minus_full/native/vowel_exact/n10/max_3s/verification/far_1pct,evaluable,native/vowel_exact/n10/full/verification,30.0,27.200000000000003,32.666666666666664,10000,0,same query cohort
cap_minus_full/native/vowel_exact/n10/max_3s/verification/far_0_1pct,evaluable,native/vowel_exact/n10/full/verification,33.86666666666667,29.86666666666667,37.866666666666674,10000,0,same query cohort
cap_minus_full/native/vowel_exact/n10/max_3s/verification/eer_operating,evaluable,native/vowel_exact/n10/full/verification,28.133333333333333,23.866666666666667,32.0,10000,0,same query cohort
cap_minus_full/native/vowel_exact/n10/max_5s/cross_text_verification/far_1pct,evaluable,native/vowel_exact/n10/full/cross_text_verification,1.3333333333333335,0.22222222222222088,2.888888888888888,10000,0,same query cohort
cap_minus_full/native/vowel_exact/n10/max_5s/cross_text_verification/far_0_1pct,evaluable,native/vowel_exact/n10/full/cross_text_verification,5.555555555555558,2.666666666666667,8.888888888888886,10000,0,same query cohort
cap_minus_full/native/vowel_exact/n10/max_5s/cross_text_verification/eer_operating,evaluable,native/vowel_exact/n10/full/cross_text_verification,0.8888888888888891,-0.44444444444444453,2.666666666666667,10000,0,same query cohort
cap_minus_full/native/vowel_exact/n10/max_5s/verification/far_1pct,evaluable,native/vowel_exact/n10/full/verification,8.266666666666666,5.7333333333333325,10.933333333333332,10000,0,same query cohort
cap_minus_full/native/vowel_exact/n10/max_5s/verification/far_0_1pct,evaluable,native/vowel_exact/n10/full/verification,12.799999999999997,10.0,15.600000000000003,10000,0,same query cohort
cap_minus_full/native/vowel_exact/n10/max_5s/verification/eer_operating,evaluable,native/vowel_exact/n10/full/verification,7.866666666666666,4.8,10.933333333333334,10000,0,same query cohort
method_minus_exact/common/ecapa_whole/n1/full/cross_text_verification/far_1pct,evaluable,common/vowel_exact/n1/full/cross_text_verification,-32.142857142857146,-52.64483627204031,-14.393065268065282,10000,0,same query cohort
method_minus_exact/common/ecapa_whole/n1/full/cross_text_verification/far_0_1pct,evaluable,common/vowel_exact/n1/full/cross_text_verification,-52.55102040816326,-73.53726421443268,-31.151517661872894,10000,0,same query cohort
method_minus_exact/common/ecapa_whole/n1/full/cross_text_verification/eer_operating,evaluable,common/vowel_exact/n1/full/cross_text_verification,-11.73469387755102,-23.51421188630491,-2.487101529390093,10000,0,same query cohort
method_minus_exact/common/ecapa_whole/n1/full/verification/far_1pct,evaluable,common/vowel_exact/n1/full/verification,-30.476190476190478,-49.38775510204081,-13.465986394557872,10000,0,same query cohort
method_minus_exact/common/ecapa_whole/n1/full/verification/far_0_1pct,evaluable,common/vowel_exact/n1/full/verification,-55.23809523809524,-76.46258503401361,-33.74149659863945,10000,0,same query cohort
method_minus_exact/common/ecapa_whole/n1/full/verification/eer_operating,evaluable,common/vowel_exact/n1/full/verification,-11.156462585034014,-23.401360544217688,-1.9047619047619049,10000,0,same query cohort
method_minus_exact/common/ecapa_whole/n1/max_1s/cross_text_verification/far_1pct,evaluable,common/vowel_exact/n1/max_1s/cross_text_verification,-50.0,-79.3103448275862,-21.62162162162162,10000,0,same query cohort
method_minus_exact/common/ecapa_whole/n1/max_1s/cross_text_verification/far_0_1pct,evaluable,common/vowel_exact/n1/max_1s/cross_text_verification,-57.14285714285714,-82.75862068965517,-30.555555555555554,10000,0,same query cohort
method_minus_exact/common/ecapa_whole/n1/max_1s/cross_text_verification/eer_operating,evaluable,common/vowel_exact/n1/max_1s/cross_text_verification,-21.428571428571427,-45.717261904761905,0.0,10000,0,same query cohort
cap_minus_full/common/ecapa_whole/n1/max_1s/cross_text_verification/far_1pct,evaluable,common/ecapa_whole/n1/full/cross_text_verification,0.0,0.0,0.0,10000,0,common support changes across caps
cap_minus_full/common/ecapa_whole/n1/max_1s/cross_text_verification/far_0_1pct,evaluable,common/ecapa_whole/n1/full/cross_text_verification,2.8061224489795915,-1.5113350125944585,11.753777637865264,10000,0,common support changes across caps
cap_minus_full/common/ecapa_whole/n1/max_1s/cross_text_verification/eer_operating,evaluable,common/ecapa_whole/n1/full/cross_text_verification,-0.7653061224489796,-1.5625,0.0,10000,0,common support changes across caps
method_minus_exact/common/ecapa_whole/n1/max_1s/verification/far_1pct,evaluable,common/vowel_exact/n1/max_1s/verification,-43.24324324324324,-66.66666666666666,-22.22222222222222,10000,0,same query cohort
method_minus_exact/common/ecapa_whole/n1/max_1s/verification/far_0_1pct,evaluable,common/vowel_exact/n1/max_1s/verification,-56.75675675675676,-75.0,-37.5,10000,0,same query cohort
method_minus_exact/common/ecapa_whole/n1/max_1s/verification/eer_operating,evaluable,common/vowel_exact/n1/max_1s/verification,-10.81081081081081,-24.390243902439025,0.0,10000,0,same query cohort
cap_minus_full/common/ecapa_whole/n1/max_1s/verification/far_1pct,evaluable,common/ecapa_whole/n1/full/verification,2.7027027027027026,0.0,10.0,10000,0,common support changes across caps
cap_minus_full/common/ecapa_whole/n1/max_1s/verification/far_0_1pct,evaluable,common/ecapa_whole/n1/full/verification,8.108108108108109,0.0,23.076923076923077,10000,0,common support changes across caps
cap_minus_full/common/ecapa_whole/n1/max_1s/verification/eer_operating,evaluable,common/ecapa_whole/n1/full/verification,2.7027027027027026,0.0,10.0,10000,0,common support changes across caps
method_minus_exact/common/ecapa_whole/n1/max_2s/cross_text_verification/far_1pct,evaluable,common/vowel_exact/n1/max_2s/cross_text_verification,-43.14720812182741,-63.42592592592593,-22.330097087378643,10000,0,same query cohort
method_minus_exact/common/ecapa_whole/n1/max_2s/cross_text_verification/far_0_1pct,evaluable,common/vowel_exact/n1/max_2s/cross_text_verification,-68.52791878172589,-85.34064466656089,-49.47874663978496,10000,0,same query cohort
method_minus_exact/common/ecapa_whole/n1/max_2s/cross_text_verification/eer_operating,evaluable,common/vowel_exact/n1/max_2s/cross_text_verification,-13.19796954314721,-24.747474747474747,-3.684210526315789,10000,0,same query cohort
cap_minus_full/common/ecapa_whole/n1/max_2s/cross_text_verification/far_1pct,evaluable,common/ecapa_whole/n1/full/cross_text_verification,0.0,0.0,0.0,10000,0,common support changes across caps
cap_minus_full/common/ecapa_whole/n1/max_2s/cross_text_verification/far_0_1pct,evaluable,common/ecapa_whole/n1/full/cross_text_verification,0.7575365171449291,-0.9925895746021713,3.073716699097521,10000,0,common support changes across caps
cap_minus_full/common/ecapa_whole/n1/max_2s/cross_text_verification/eer_operating,evaluable,common/ecapa_whole/n1/full/cross_text_verification,-0.7653061224489796,-1.5625,0.0,10000,0,common support changes across caps
method_minus_exact/common/ecapa_whole/n1/max_2s/verification/far_1pct,evaluable,common/vowel_exact/n1/max_2s/verification,-47.325102880658434,-65.7592726842331,-26.83982683982684,10000,0,same query cohort
method_minus_exact/common/ecapa_whole/n1/max_2s/verification/far_0_1pct,evaluable,common/vowel_exact/n1/max_2s/verification,-69.1358024691358,-86.89047688784748,-47.367838844899865,10000,0,same query cohort
method_minus_exact/common/ecapa_whole/n1/max_2s/verification/eer_operating,evaluable,common/vowel_exact/n1/max_2s/verification,-13.991769547325102,-26.984629294755877,-3.1524493243243343,10000,0,same query cohort
cap_minus_full/common/ecapa_whole/n1/max_2s/verification/far_1pct,evaluable,common/ecapa_whole/n1/full/verification,0.0,0.0,0.0,10000,0,common support changes across caps
cap_minus_full/common/ecapa_whole/n1/max_2s/verification/far_0_1pct,evaluable,common/ecapa_whole/n1/full/verification,2.05761316872428,0.0,5.179517777944821,10000,0,common support changes across caps
cap_minus_full/common/ecapa_whole/n1/max_2s/verification/eer_operating,evaluable,common/ecapa_whole/n1/full/verification,1.2345679012345678,0.0,2.7649769585253456,10000,0,common support changes across caps
method_minus_exact/common/ecapa_whole/n1/max_3s/cross_text_verification/far_1pct,evaluable,common/vowel_exact/n1/max_3s/cross_text_verification,-37.014925373134325,-56.88822046309858,-18.67469879518072,10000,0,same query cohort
method_minus_exact/common/ecapa_whole/n1/max_3s/cross_text_verification/far_0_1pct,evaluable,common/vowel_exact/n1/max_3s/cross_text_verification,-61.49253731343284,-80.42184794222763,-41.337074396172326,10000,0,same query cohort
method_minus_exact/common/ecapa_whole/n1/max_3s/cross_text_verification/eer_operating,evaluable,common/vowel_exact/n1/max_3s/cross_text_verification,-11.940298507462686,-22.910377966976267,-3.0985261413683345,10000,0,same query cohort
cap_minus_full/common/ecapa_whole/n1/max_3s/cross_text_verification/far_1pct,evaluable,common/ecapa_whole/n1/full/cross_text_verification,0.0,0.0,0.0,10000,0,common support changes across caps
cap_minus_full/common/ecapa_whole/n1/max_3s/cross_text_verification/far_0_1pct,evaluable,common/ecapa_whole/n1/full/cross_text_verification,-0.46679865976241247,-1.5151515151515151,0.5933238640969675,10000,0,common support changes across caps
cap_minus_full/common/ecapa_whole/n1/max_3s/cross_text_verification/eer_operating,evaluable,common/ecapa_whole/n1/full/cross_text_verification,-0.46679865976241247,-1.5151515151515151,0.5933238640969675,10000,0,common support changes across caps
method_minus_exact/common/ecapa_whole/n1/max_3s/verification/far_1pct,evaluable,common/vowel_exact/n1/max_3s/verification,-36.94390715667311,-54.8984270233047,-19.4114705882353,10000,0,same query cohort
method_minus_exact/common/ecapa_whole/n1/max_3s/verification/far_0_1pct,evaluable,common/vowel_exact/n1/max_3s/verification,-63.2495164410058,-81.71433901918978,-43.373001207283124,10000,0,same query cohort
method_minus_exact/common/ecapa_whole/n1/max_3s/verification/eer_operating,evaluable,common/vowel_exact/n1/max_3s/verification,-11.992263056092844,-21.772788309222328,-3.807615230460922,10000,0,same query cohort
cap_minus_full/common/ecapa_whole/n1/max_3s/verification/far_1pct,evaluable,common/ecapa_whole/n1/full/verification,0.0,0.0,0.0,10000,0,common support changes across caps
cap_minus_full/common/ecapa_whole/n1/max_3s/verification/far_0_1pct,evaluable,common/ecapa_whole/n1/full/verification,0.0,0.0,0.0,10000,0,common support changes across caps
cap_minus_full/common/ecapa_whole/n1/max_3s/verification/eer_operating,evaluable,common/ecapa_whole/n1/full/verification,0.0,0.0,0.0,10000,0,common support changes across caps
method_minus_exact/common/ecapa_whole/n1/max_5s/cross_text_verification/far_1pct,evaluable,common/vowel_exact/n1/max_5s/cross_text_verification,-33.59173126614987,-53.980726213891785,-15.503875968992247,10000,0,same query cohort
method_minus_exact/common/ecapa_whole/n1/max_5s/cross_text_verification/far_0_1pct,evaluable,common/vowel_exact/n1/max_5s/cross_text_verification,-54.78036175710594,-75.64783794048232,-33.59173126614987,10000,0,same query cohort
method_minus_exact/common/ecapa_whole/n1/max_5s/cross_text_verification/eer_operating,evaluable,common/vowel_exact/n1/max_5s/cross_text_verification,-10.852713178294573,-21.761658031088082,-2.1164021164021163,10000,0,same query cohort
cap_minus_full/common/ecapa_whole/n1/max_5s/cross_text_verification/far_1pct,evaluable,common/ecapa_whole/n1/full/cross_text_verification,0.0,0.0,0.0,10000,0,common support changes across caps
cap_minus_full/common/ecapa_whole/n1/max_5s/cross_text_verification/far_0_1pct,evaluable,common/ecapa_whole/n1/full/cross_text_verification,-0.5069081896324421,-1.2625783147935046,0.00545386372158025,10000,0,common support changes across caps
cap_minus_full/common/ecapa_whole/n1/max_5s/cross_text_verification/eer_operating,evaluable,common/ecapa_whole/n1/full/cross_text_verification,0.009887676000632818,0.0,0.03104756562461999,10000,0,common support changes across caps
method_minus_exact/common/ecapa_whole/n1/max_5s/verification/far_1pct,evaluable,common/vowel_exact/n1/max_5s/verification,-32.49258160237389,-50.59344290071162,-15.39633576688906,10000,0,same query cohort
method_minus_exact/common/ecapa_whole/n1/max_5s/verification/far_0_1pct,evaluable,common/vowel_exact/n1/max_5s/verification,-57.418397626112764,-77.00199724865587,-37.07012408159943,10000,0,same query cohort
method_minus_exact/common/ecapa_whole/n1/max_5s/verification/eer_operating,evaluable,common/vowel_exact/n1/max_5s/verification,-11.572700296735905,-23.22290478279947,-2.3880597014925375,10000,0,same query cohort
cap_minus_full/common/ecapa_whole/n1/max_5s/verification/far_1pct,evaluable,common/ecapa_whole/n1/full/verification,0.0,0.0,0.0,10000,0,common support changes across caps
cap_minus_full/common/ecapa_whole/n1/max_5s/verification/far_0_1pct,evaluable,common/ecapa_whole/n1/full/verification,0.0,0.0,0.0,10000,0,common support changes across caps
cap_minus_full/common/ecapa_whole/n1/max_5s/verification/eer_operating,evaluable,common/ecapa_whole/n1/full/verification,0.0,0.0,0.0,10000,0,common support changes across caps
method_minus_exact/common/ecapa_whole/n5/full/cross_text_verification/far_1pct,evaluable,common/vowel_exact/n5/full/cross_text_verification,-4.081632653061225,-6.941049455561439,-1.7500000000000002,10000,0,same query cohort
method_minus_exact/common/ecapa_whole/n5/full/cross_text_verification/far_0_1pct,evaluable,common/vowel_exact/n5/full/cross_text_verification,-24.74489795918367,-38.95887096774194,-11.928638121038379,10000,0,same query cohort
method_minus_exact/common/ecapa_whole/n5/full/cross_text_verification/eer_operating,evaluable,common/vowel_exact/n5/full/cross_text_verification,-6.377551020408164,-11.508951406649617,-2.0725388601036268,10000,0,same query cohort
method_minus_exact/common/ecapa_whole/n5/full/verification/far_1pct,evaluable,common/vowel_exact/n5/full/verification,-4.353741496598639,-11.292517006802722,-0.27210884353741494,10000,0,same query cohort
method_minus_exact/common/ecapa_whole/n5/full/verification/far_0_1pct,evaluable,common/vowel_exact/n5/full/verification,-17.551020408163264,-30.74829931972789,-6.530612244897959,10000,0,same query cohort
method_minus_exact/common/ecapa_whole/n5/full/verification/eer_operating,evaluable,common/vowel_exact/n5/full/verification,-5.714285714285714,-13.877551020408163,-0.5442176870748299,10000,0,same query cohort
method_minus_exact/common/ecapa_whole/n5/max_1s/cross_text_verification/far_1pct,evaluable,common/vowel_exact/n5/max_1s/cross_text_verification,-17.857142857142858,-38.70967741935484,0.0,10000,0,same query cohort
method_minus_exact/common/ecapa_whole/n5/max_1s/cross_text_verification/far_0_1pct,evaluable,common/vowel_exact/n5/max_1s/cross_text_verification,-39.285714285714285,-66.66666666666666,-13.333333333333336,10000,0,same query cohort
method_minus_exact/common/ecapa_whole/n5/max_1s/cross_text_verification/eer_operating,evaluable,common/vowel_exact/n5/max_1s/cross_text_verification,-3.571428571428571,-13.636363636363635,0.0,10000,0,same query cohort
cap_minus_full/common/ecapa_whole/n5/max_1s/cross_text_verification/far_1pct,evaluable,common/ecapa_whole/n5/full/cross_text_verification,0.0,0.0,0.0,10000,0,common support changes across caps
cap_minus_full/common/ecapa_whole/n5/max_1s/cross_text_verification/far_0_1pct,evaluable,common/ecapa_whole/n5/full/cross_text_verification,3.061224489795918,-0.7672634271099744,11.479626497338066,10000,0,common support changes across caps
cap_minus_full/common/ecapa_whole/n5/max_1s/cross_text_verification/eer_operating,evaluable,common/ecapa_whole/n5/full/cross_text_verification,-1.0204081632653061,-1.9852351147488365,-0.25316455696202533,10000,0,common support changes across caps
method_minus_exact/common/ecapa_whole/n5/max_1s/verification/far_1pct,evaluable,common/vowel_exact/n5/max_1s/verification,-2.7027027027027026,-10.0,0.0,10000,0,same query cohort
method_minus_exact/common/ecapa_whole/n5/max_1s/verification/far_0_1pct,evaluable,common/vowel_exact/n5/max_1s/verification,-13.513513513513514,-26.47058823529412,0.0,10000,0,same query cohort
method_minus_exact/common/ecapa_whole/n5/max_1s/verification/eer_operating,evaluable,common/vowel_exact/n5/max_1s/verification,2.7027027027027026,0.0,10.0,10000,0,same query cohort
cap_minus_full/common/ecapa_whole/n5/max_1s/verification/far_1pct,evaluable,common/ecapa_whole/n5/full/verification,0.0,0.0,0.0,10000,0,common support changes across caps
cap_minus_full/common/ecapa_whole/n5/max_1s/verification/far_0_1pct,evaluable,common/ecapa_whole/n5/full/verification,8.108108108108109,0.0,23.076923076923077,10000,0,common support changes across caps
cap_minus_full/common/ecapa_whole/n5/max_1s/verification/eer_operating,evaluable,common/ecapa_whole/n5/full/verification,5.405405405405405,0.0,20.0,10000,0,common support changes across caps
method_minus_exact/common/ecapa_whole/n5/max_2s/cross_text_verification/far_1pct,evaluable,common/vowel_exact/n5/max_2s/cross_text_verification,-15.228426395939088,-23.316062176165804,-7.4074074074074066,10000,0,same query cohort
method_minus_exact/common/ecapa_whole/n5/max_2s/cross_text_verification/far_0_1pct,evaluable,common/vowel_exact/n5/max_2s/cross_text_verification,-36.04060913705583,-52.71763833992094,-18.817204301075268,10000,0,same query cohort
method_minus_exact/common/ecapa_whole/n5/max_2s/cross_text_verification/eer_operating,evaluable,common/vowel_exact/n5/max_2s/cross_text_verification,-9.137055837563452,-15.183566882250283,-3.5000000000000004,10000,0,same query cohort
cap_minus_full/common/ecapa_whole/n5/max_2s/cross_text_verification/far_1pct,evaluable,common/ecapa_whole/n5/full/cross_text_verification,0.0,0.0,0.0,10000,0,common support changes across caps
cap_minus_full/common/ecapa_whole/n5/max_2s/cross_text_verification/far_0_1pct,evaluable,common/ecapa_whole/n5/full/cross_text_verification,-0.002589868434683517,-0.7594936708860759,0.8124683991455803,10000,0,common support changes across caps
cap_minus_full/common/ecapa_whole/n5/max_2s/cross_text_verification/eer_operating,evaluable,common/ecapa_whole/n5/full/cross_text_verification,-1.0204081632653061,-1.9852351147488365,-0.25316455696202533,10000,0,common support changes across caps
method_minus_exact/common/ecapa_whole/n5/max_2s/verification/far_1pct,evaluable,common/vowel_exact/n5/max_2s/verification,-13.991769547325102,-23.666836734693877,-4.787118408880668,10000,0,same query cohort
method_minus_exact/common/ecapa_whole/n5/max_2s/verification/far_0_1pct,evaluable,common/vowel_exact/n5/max_2s/verification,-30.45267489711934,-46.24097413136365,-14.601769911504425,10000,0,same query cohort
method_minus_exact/common/ecapa_whole/n5/max_2s/verification/eer_operating,evaluable,common/vowel_exact/n5/max_2s/verification,-6.995884773662551,-13.934623266078184,-1.293103448275862,10000,0,same query cohort
cap_minus_full/common/ecapa_whole/n5/max_2s/verification/far_1pct,evaluable,common/ecapa_whole/n5/full/verification,0.0,0.0,0.0,10000,0,common support changes across caps
cap_minus_full/common/ecapa_whole/n5/max_2s/verification/far_0_1pct,evaluable,common/ecapa_whole/n5/full/verification,0.823045267489712,0.0,2.083333333333333,10000,0,common support changes across caps
cap_minus_full/common/ecapa_whole/n5/max_2s/verification/eer_operating,evaluable,common/ecapa_whole/n5/full/verification,0.0,0.0,0.0,10000,0,common support changes across caps
method_minus_exact/common/ecapa_whole/n5/max_3s/cross_text_verification/far_1pct,evaluable,common/vowel_exact/n5/max_3s/cross_text_verification,-8.955223880597014,-15.068592416120707,-3.503068652392715,10000,0,same query cohort
method_minus_exact/common/ecapa_whole/n5/max_3s/cross_text_verification/far_0_1pct,evaluable,common/vowel_exact/n5/max_3s/cross_text_verification,-33.43283582089553,-50.143287119229086,-17.301049085323296,10000,0,same query cohort
method_minus_exact/common/ecapa_whole/n5/max_3s/cross_text_verification/eer_operating,evaluable,common/vowel_exact/n5/max_3s/cross_text_verification,-5.074626865671641,-8.588957055214724,-2.0710059171597637,10000,0,same query cohort
cap_minus_full/common/ecapa_whole/n5/max_3s/cross_text_verification/far_1pct,evaluable,common/ecapa_whole/n5/full/cross_text_verification,0.0,0.0,0.0,10000,0,common support changes across caps
cap_minus_full/common/ecapa_whole/n5/max_3s/cross_text_verification/far_0_1pct,evaluable,common/ecapa_whole/n5/full/cross_text_verification,-0.5102040816326531,-1.2853470437017995,0.0,10000,0,common support changes across caps
cap_minus_full/common/ecapa_whole/n5/max_3s/cross_text_verification/eer_operating,evaluable,common/ecapa_whole/n5/full/cross_text_verification,-1.0204081632653061,-1.9852351147488365,-0.25316455696202533,10000,0,common support changes across caps
method_minus_exact/common/ecapa_whole/n5/max_3s/verification/far_1pct,evaluable,common/vowel_exact/n5/max_3s/verification,-7.7369439071566735,-16.4539249266287,-1.5903783647322425,10000,0,same query cohort
method_minus_exact/common/ecapa_whole/n5/max_3s/verification/far_0_1pct,evaluable,common/vowel_exact/n5/max_3s/verification,-28.433268858800776,-43.41391221560394,-14.548908579986476,10000,0,same query cohort
method_minus_exact/common/ecapa_whole/n5/max_3s/verification/eer_operating,evaluable,common/vowel_exact/n5/max_3s/verification,-6.189555125725339,-13.858194129961124,-1.183431952662722,10000,0,same query cohort
cap_minus_full/common/ecapa_whole/n5/max_3s/verification/far_1pct,evaluable,common/ecapa_whole/n5/full/verification,0.0,0.0,0.0,10000,0,common support changes across caps
cap_minus_full/common/ecapa_whole/n5/max_3s/verification/far_0_1pct,evaluable,common/ecapa_whole/n5/full/verification,0.0,0.0,0.0,10000,0,common support changes across caps
cap_minus_full/common/ecapa_whole/n5/max_3s/verification/eer_operating,evaluable,common/ecapa_whole/n5/full/verification,0.0,0.0,0.0,10000,0,common support changes across caps
method_minus_exact/common/ecapa_whole/n5/max_5s/cross_text_verification/far_1pct,evaluable,common/vowel_exact/n5/max_5s/cross_text_verification,-5.426356589147287,-9.045226130653267,-2.307251908396953,10000,0,same query cohort
method_minus_exact/common/ecapa_whole/n5/max_5s/cross_text_verification/far_0_1pct,evaluable,common/vowel_exact/n5/max_5s/cross_text_verification,-32.041343669250644,-49.10037212604948,-16.07890875566465,10000,0,same query cohort
method_minus_exact/common/ecapa_whole/n5/max_5s/cross_text_verification/eer_operating,evaluable,common/vowel_exact/n5/max_5s/cross_text_verification,-4.3927648578811365,-7.3604060913705585,-1.8181818181818183,10000,0,same query cohort
cap_minus_full/common/ecapa_whole/n5/max_5s/cross_text_verification/far_1pct,evaluable,common/ecapa_whole/n5/full/cross_text_verification,0.0,0.0,0.0,10000,0,common support changes across caps
cap_minus_full/common/ecapa_whole/n5/max_5s/cross_text_verification/far_0_1pct,evaluable,common/ecapa_whole/n5/full/cross_text_verification,-0.2518061488161155,-0.7711571118634023,0.01068564599465023,10000,0,common support changes across caps
cap_minus_full/common/ecapa_whole/n5/max_5s/cross_text_verification/eer_operating,evaluable,common/ecapa_whole/n5/full/cross_text_verification,-0.24521436481569364,-0.76928999923001,0.020139391048031557,10000,0,common support changes across caps
method_minus_exact/common/ecapa_whole/n5/max_5s/verification/far_1pct,evaluable,common/vowel_exact/n5/max_5s/verification,-5.489614243323442,-12.816973926040506,-0.6006006006006006,10000,0,same query cohort
method_minus_exact/common/ecapa_whole/n5/max_5s/verification/far_0_1pct,evaluable,common/vowel_exact/n5/max_5s/verification,-26.706231454005934,-41.509433962264154,-13.243828781512608,10000,0,same query cohort
method_minus_exact/common/ecapa_whole/n5/max_5s/verification/eer_operating,evaluable,common/vowel_exact/n5/max_5s/verification,-5.489614243323442,-12.816973926040506,-0.6006006006006006,10000,0,same query cohort
cap_minus_full/common/ecapa_whole/n5/max_5s/verification/far_1pct,evaluable,common/ecapa_whole/n5/full/verification,0.0,0.0,0.0,10000,0,common support changes across caps
cap_minus_full/common/ecapa_whole/n5/max_5s/verification/far_0_1pct,evaluable,common/ecapa_whole/n5/full/verification,0.0,0.0,0.0,10000,0,common support changes across caps
cap_minus_full/common/ecapa_whole/n5/max_5s/verification/eer_operating,evaluable,common/ecapa_whole/n5/full/verification,0.0,0.0,0.0,10000,0,common support changes across caps
method_minus_exact/common/ecapa_whole/n10/full/cross_text_verification/far_1pct,evaluable,common/vowel_exact/n10/full/cross_text_verification,-2.0408163265306123,-4.7982834675872645,-0.2564102564102564,10000,0,same query cohort
method_minus_exact/common/ecapa_whole/n10/full/cross_text_verification/far_0_1pct,evaluable,common/vowel_exact/n10/full/cross_text_verification,-17.091836734693878,-30.357707956600358,-6.419515669515672,10000,0,same query cohort
method_minus_exact/common/ecapa_whole/n10/full/cross_text_verification/eer_operating,evaluable,common/vowel_exact/n10/full/cross_text_verification,-4.591836734693878,-11.33514243423615,0.0,10000,0,same query cohort
method_minus_exact/common/ecapa_whole/n10/full/verification/far_1pct,evaluable,common/vowel_exact/n10/full/verification,-2.585034013605442,-7.07482993197279,0.0,10000,0,same query cohort
method_minus_exact/common/ecapa_whole/n10/full/verification/far_0_1pct,evaluable,common/vowel_exact/n10/full/verification,-12.789115646258503,-23.12925170068027,-4.353741496598639,10000,0,same query cohort
method_minus_exact/common/ecapa_whole/n10/full/verification/eer_operating,evaluable,common/vowel_exact/n10/full/verification,-4.489795918367347,-11.292517006802722,0.0,10000,0,same query cohort
method_minus_exact/common/ecapa_whole/n10/max_1s/cross_text_verification/far_1pct,evaluable,common/vowel_exact/n10/max_1s/cross_text_verification,-14.285714285714285,-29.629629629629626,0.0,10000,0,same query cohort
method_minus_exact/common/ecapa_whole/n10/max_1s/cross_text_verification/far_0_1pct,evaluable,common/vowel_exact/n10/max_1s/cross_text_verification,-39.285714285714285,-68.00454545454545,-11.11111111111111,10000,0,same query cohort
method_minus_exact/common/ecapa_whole/n10/max_1s/cross_text_verification/eer_operating,evaluable,common/vowel_exact/n10/max_1s/cross_text_verification,-7.142857142857142,-18.181818181818183,0.0,10000,0,same query cohort
cap_minus_full/common/ecapa_whole/n10/max_1s/cross_text_verification/far_1pct,evaluable,common/ecapa_whole/n10/full/cross_text_verification,0.0,0.0,0.0,10000,0,common support changes across caps
cap_minus_full/common/ecapa_whole/n10/max_1s/cross_text_verification/far_0_1pct,evaluable,common/ecapa_whole/n10/full/cross_text_verification,-0.7653061224489796,-1.550387596899225,0.0,10000,0,common support changes across caps
cap_minus_full/common/ecapa_whole/n10/max_1s/cross_text_verification/eer_operating,evaluable,common/ecapa_whole/n10/full/cross_text_verification,-1.2755102040816326,-2.272727272727273,-0.5025125628140703,10000,0,common support changes across caps
method_minus_exact/common/ecapa_whole/n10/max_1s/verification/far_1pct,evaluable,common/vowel_exact/n10/max_1s/verification,-2.7027027027027026,-10.0,0.0,10000,0,same query cohort
method_minus_exact/common/ecapa_whole/n10/max_1s/verification/far_0_1pct,evaluable,common/vowel_exact/n10/max_1s/verification,-21.62162162162162,-34.883720930232556,-8.695652173913043,10000,0,same query cohort
method_minus_exact/common/ecapa_whole/n10/max_1s/verification/eer_operating,evaluable,common/vowel_exact/n10/max_1s/verification,2.7027027027027026,0.0,10.0,10000,0,same query cohort
cap_minus_full/common/ecapa_whole/n10/max_1s/verification/far_1pct,evaluable,common/ecapa_whole/n10/full/verification,0.0,0.0,0.0,10000,0,common support changes across caps
cap_minus_full/common/ecapa_whole/n10/max_1s/verification/far_0_1pct,evaluable,common/ecapa_whole/n10/full/verification,8.108108108108109,0.0,23.076923076923077,10000,0,common support changes across caps
cap_minus_full/common/ecapa_whole/n10/max_1s/verification/eer_operating,evaluable,common/ecapa_whole/n10/full/verification,5.405405405405405,0.0,20.0,10000,0,common support changes across caps
method_minus_exact/common/ecapa_whole/n10/max_2s/cross_text_verification/far_1pct,evaluable,common/vowel_exact/n10/max_2s/cross_text_verification,-7.1065989847715745,-14.000241545893722,-1.5463917525773196,10000,0,same query cohort
method_minus_exact/common/ecapa_whole/n10/max_2s/cross_text_verification/far_0_1pct,evaluable,common/vowel_exact/n10/max_2s/cross_text_verification,-31.472081218274113,-50.23046833136856,-13.999462365591407,10000,0,same query cohort
method_minus_exact/common/ecapa_whole/n10/max_2s/cross_text_verification/eer_operating,evaluable,common/vowel_exact/n10/max_2s/cross_text_verification,-6.091370558375635,-11.926947829659044,-1.3953488372093024,10000,0,same query cohort
cap_minus_full/common/ecapa_whole/n10/max_2s/cross_text_verification/far_1pct,evaluable,common/ecapa_whole/n10/full/cross_text_verification,0.0,0.0,0.0,10000,0,common support changes across caps
cap_minus_full/common/ecapa_whole/n10/max_2s/cross_text_verification/far_0_1pct,evaluable,common/ecapa_whole/n10/full/cross_text_verification,-0.25769190925101004,-1.2195121951219512,0.6532675838518198,10000,0,common support changes across caps
cap_minus_full/common/ecapa_whole/n10/max_2s/cross_text_verification/eer_operating,evaluable,common/ecapa_whole/n10/full/cross_text_verification,-1.2755102040816326,-2.272727272727273,-0.5025125628140703,10000,0,common support changes across caps
method_minus_exact/common/ecapa_whole/n10/max_2s/verification/far_1pct,evaluable,common/vowel_exact/n10/max_2s/verification,-4.11522633744856,-8.837432915921287,-0.4761904761904762,10000,0,same query cohort
method_minus_exact/common/ecapa_whole/n10/max_2s/verification/far_0_1pct,evaluable,common/vowel_exact/n10/max_2s/verification,-25.10288065843621,-36.47123228853586,-12.79056493575449,10000,0,same query cohort
method_minus_exact/common/ecapa_whole/n10/max_2s/verification/eer_operating,evaluable,common/vowel_exact/n10/max_2s/verification,-4.11522633744856,-8.837432915921287,-0.4761904761904762,10000,0,same query cohort
cap_minus_full/common/ecapa_whole/n10/max_2s/verification/far_1pct,evaluable,common/ecapa_whole/n10/full/verification,0.0,0.0,0.0,10000,0,common support changes across caps
cap_minus_full/common/ecapa_whole/n10/max_2s/verification/far_0_1pct,evaluable,common/ecapa_whole/n10/full/verification,0.823045267489712,0.0,2.083333333333333,10000,0,common support changes across caps
cap_minus_full/common/ecapa_whole/n10/max_2s/verification/eer_operating,evaluable,common/ecapa_whole/n10/full/verification,0.0,0.0,0.0,10000,0,common support changes across caps
method_minus_exact/common/ecapa_whole/n10/max_3s/cross_text_verification/far_1pct,evaluable,common/vowel_exact/n10/max_3s/cross_text_verification,-4.776119402985075,-9.937934969692433,-0.943322292541552,10000,0,same query cohort
method_minus_exact/common/ecapa_whole/n10/max_3s/cross_text_verification/far_0_1pct,evaluable,common/vowel_exact/n10/max_3s/cross_text_verification,-27.46268656716418,-44.73740122260324,-12.165272242024137,10000,0,same query cohort
method_minus_exact/common/ecapa_whole/n10/max_3s/cross_text_verification/eer_operating,evaluable,common/vowel_exact/n10/max_3s/cross_text_verification,-4.477611940298507,-9.55228633900561,-0.8955223880597015,10000,0,same query cohort
cap_minus_full/common/ecapa_whole/n10/max_3s/cross_text_verification/far_1pct,evaluable,common/ecapa_whole/n10/full/cross_text_verification,0.0,0.0,0.0,10000,0,common support changes across caps
cap_minus_full/common/ecapa_whole/n10/max_3s/cross_text_verification/far_0_1pct,evaluable,common/ecapa_whole/n10/full/cross_text_verification,-0.46679865976241247,-1.2364973842653733,0.0980412324424824,10000,0,common support changes across caps
cap_minus_full/common/ecapa_whole/n10/max_3s/cross_text_verification/eer_operating,evaluable,common/ecapa_whole/n10/full/cross_text_verification,-0.9770027413950656,-1.9220134979628651,-0.18441591122025613,10000,0,common support changes across caps
method_minus_exact/common/ecapa_whole/n10/max_3s/verification/far_1pct,evaluable,common/vowel_exact/n10/max_3s/verification,-5.029013539651837,-11.700429174340607,-0.7797270955165692,10000,0,same query cohort
method_minus_exact/common/ecapa_whole/n10/max_3s/verification/far_0_1pct,evaluable,common/vowel_exact/n10/max_3s/verification,-25.145067698259187,-38.11344249259019,-13.453815261044177,10000,0,same query cohort
method_minus_exact/common/ecapa_whole/n10/max_3s/verification/eer_operating,evaluable,common/vowel_exact/n10/max_3s/verification,-4.835589941972921,-11.151753736161423,-0.7797270955165692,10000,0,same query cohort
cap_minus_full/common/ecapa_whole/n10/max_3s/verification/far_1pct,evaluable,common/ecapa_whole/n10/full/verification,0.0,0.0,0.0,10000,0,common support changes across caps
cap_minus_full/common/ecapa_whole/n10/max_3s/verification/far_0_1pct,evaluable,common/ecapa_whole/n10/full/verification,0.0,0.0,0.0,10000,0,common support changes across caps
cap_minus_full/common/ecapa_whole/n10/max_3s/verification/eer_operating,evaluable,common/ecapa_whole/n10/full/verification,0.19342359767891684,0.0,0.5882352941176471,10000,0,common support changes across caps
method_minus_exact/common/ecapa_whole/n10/max_5s/cross_text_verification/far_1pct,evaluable,common/vowel_exact/n10/max_5s/cross_text_verification,-2.3255813953488373,-5.167958656330749,-0.2638522427440633,10000,0,same query cohort
method_minus_exact/common/ecapa_whole/n10/max_5s/cross_text_verification/far_0_1pct,evaluable,common/vowel_exact/n10/max_5s/cross_text_verification,-22.739018087855296,-38.34249897300664,-9.43371530178801,10000,0,same query cohort
method_minus_exact/common/ecapa_whole/n10/max_5s/cross_text_verification/eer_operating,evaluable,common/vowel_exact/n10/max_5s/cross_text_verification,-4.651162790697675,-11.421319796954316,0.0,10000,0,same query cohort
cap_minus_full/common/ecapa_whole/n10/max_5s/cross_text_verification/far_1pct,evaluable,common/ecapa_whole/n10/full/cross_text_verification,0.0,0.0,0.0,10000,0,common support changes across caps
cap_minus_full/common/ecapa_whole/n10/max_5s/cross_text_verification/far_0_1pct,evaluable,common/ecapa_whole/n10/full/cross_text_verification,-0.2485102568159046,-0.7614016980838137,0.017071465305371077,10000,0,common support changes across caps
cap_minus_full/common/ecapa_whole/n10/max_5s/cross_text_verification/eer_operating,evaluable,common/ecapa_whole/n10/full/cross_text_verification,-0.24191847281548276,-0.7639172518452471,0.031561505483811494,10000,0,common support changes across caps
method_minus_exact/common/ecapa_whole/n10/max_5s/verification/far_1pct,evaluable,common/vowel_exact/n10/max_5s/verification,-2.967359050445104,-7.976661305970476,0.0,10000,0,same query cohort
method_minus_exact/common/ecapa_whole/n10/max_5s/verification/far_0_1pct,evaluable,common/vowel_exact/n10/max_5s/verification,-19.13946587537092,-30.8722993312117,-8.912050644101475,10000,0,same query cohort
method_minus_exact/common/ecapa_whole/n10/max_5s/verification/eer_operating,evaluable,common/vowel_exact/n10/max_5s/verification,-4.599406528189911,-10.319885350209233,-0.7462686567164178,10000,0,same query cohort
cap_minus_full/common/ecapa_whole/n10/max_5s/verification/far_1pct,evaluable,common/ecapa_whole/n10/full/verification,0.0,0.0,0.0,10000,0,common support changes across caps
cap_minus_full/common/ecapa_whole/n10/max_5s/verification/far_0_1pct,evaluable,common/ecapa_whole/n10/full/verification,0.0,0.0,0.0,10000,0,common support changes across caps
cap_minus_full/common/ecapa_whole/n10/max_5s/verification/eer_operating,evaluable,common/ecapa_whole/n10/full/verification,0.0,0.0,0.0,10000,0,common support changes across caps
method_minus_exact/common/vowel_context20/n1/full/cross_text_verification/far_1pct,evaluable,common/vowel_exact/n1/full/cross_text_verification,0.0,-2.481389578163773,3.3333333333333326,10000,0,same query cohort
method_minus_exact/common/vowel_context20/n1/full/cross_text_verification/far_0_1pct,evaluable,common/vowel_exact/n1/full/cross_text_verification,3.0612244897959218,0.0,5.882352941176472,10000,0,same query cohort
method_minus_exact/common/vowel_context20/n1/full/cross_text_verification/eer_operating,evaluable,common/vowel_exact/n1/full/cross_text_verification,1.0204081632653073,-1.5463917525773196,3.316326530612246,10000,0,same query cohort
method_minus_exact/common/vowel_context20/n1/full/verification/far_1pct,evaluable,common/vowel_exact/n1/full/verification,-0.13605442176871096,-2.7210884353741474,2.3129251700680253,10000,0,same query cohort
method_minus_exact/common/vowel_context20/n1/full/verification/far_0_1pct,evaluable,common/vowel_exact/n1/full/verification,2.857142857142858,0.0,6.394557823129254,10000,0,same query cohort
method_minus_exact/common/vowel_context20/n1/full/verification/eer_operating,evaluable,common/vowel_exact/n1/full/verification,-0.6802721088435368,-5.986394557823127,2.993197278911565,10000,0,same query cohort
method_minus_exact/common/vowel_context20/n1/max_1s/cross_text_verification/far_1pct,evaluable,common/vowel_exact/n1/max_1s/cross_text_verification,0.0,-9.677419354838706,11.11111111111111,10000,0,same query cohort
method_minus_exact/common/vowel_context20/n1/max_1s/cross_text_verification/far_0_1pct,evaluable,common/vowel_exact/n1/max_1s/cross_text_verification,10.71428571428572,0.0,21.43339768339762,10000,0,same query cohort
method_minus_exact/common/vowel_context20/n1/max_1s/cross_text_verification/eer_operating,evaluable,common/vowel_exact/n1/max_1s/cross_text_verification,-7.142857142857142,-23.076923076923077,0.0,10000,0,same query cohort
cap_minus_full/common/vowel_context20/n1/max_1s/cross_text_verification/far_1pct,evaluable,common/vowel_context20/n1/full/cross_text_verification,17.857142857142854,1.592865683539265,38.660621093873914,10000,0,common support changes across caps
cap_minus_full/common/vowel_context20/n1/max_1s/cross_text_verification/far_0_1pct,evaluable,common/vowel_context20/n1/full/cross_text_verification,15.051020408163263,3.2685162152156835,29.102621483375955,10000,0,common support changes across caps
cap_minus_full/common/vowel_context20/n1/max_1s/cross_text_verification/eer_operating,evaluable,common/vowel_context20/n1/full/cross_text_verification,0.7653061224489777,-9.63179434897483,13.713300898460725,10000,0,common support changes across caps
method_minus_exact/common/vowel_context20/n1/max_1s/verification/far_1pct,evaluable,common/vowel_exact/n1/max_1s/verification,2.7027027027027026,0.0,7.8947368421052655,10000,0,same query cohort
method_minus_exact/common/vowel_context20/n1/max_1s/verification/far_0_1pct,evaluable,common/vowel_exact/n1/max_1s/verification,16.216216216216218,3.57142857142857,27.90697674418604,10000,0,same query cohort
method_minus_exact/common/vowel_context20/n1/max_1s/verification/eer_operating,evaluable,common/vowel_exact/n1/max_1s/verification,-5.405405405405405,-13.516584766584764,0.0,10000,0,same query cohort
cap_minus_full/common/vowel_context20/n1/max_1s/verification/far_1pct,evaluable,common/vowel_context20/n1/full/verification,18.308512594226883,-2.3131624742920405,38.948937806080664,10000,0,common support changes across caps
cap_minus_full/common/vowel_context20/n1/max_1s/verification/far_0_1pct,evaluable,common/vowel_context20/n1/full/verification,22.985842985842986,9.20522491293168,36.14339638294343,10000,0,common support changes across caps
cap_minus_full/common/vowel_context20/n1/max_1s/verification/eer_operating,evaluable,common/vowel_context20/n1/full/verification,-2.368082368082368,-9.973863229502328,6.678796518607442,10000,0,common support changes across caps
method_minus_exact/common/vowel_context20/n1/max_2s/cross_text_verification/far_1pct,evaluable,common/vowel_exact/n1/max_2s/cross_text_verification,-0.5076142131979711,-3.980099502487561,3.1914893617021267,10000,0,same query cohort
method_minus_exact/common/vowel_context20/n1/max_2s/cross_text_verification/far_0_1pct,evaluable,common/vowel_exact/n1/max_2s/cross_text_verification,-7.106598984771573,-12.777777777777777,-2.293577981651384,10000,0,same query cohort
method_minus_exact/common/vowel_context20/n1/max_2s/cross_text_verification/eer_operating,evaluable,common/vowel_exact/n1/max_2s/cross_text_verification,2.538071065989847,-0.5128205128205138,5.454545454545455,10000,0,same query cohort
cap_minus_full/common/vowel_context20/n1/max_2s/cross_text_verification/far_1pct,evaluable,common/vowel_context20/n1/full/cross_text_verification,10.496736765772297,3.7724716913688656,16.09923632988299,10000,0,common support changes across caps
cap_minus_full/common/vowel_context20/n1/max_2s/cross_text_verification/far_0_1pct,evaluable,common/vowel_context20/n1/full/cross_text_verification,6.566611416140056,-1.4794003999322087,13.875508410765113,10000,0,common support changes across caps
cap_minus_full/common/vowel_context20/n1/max_2s/cross_text_verification/eer_operating,evaluable,common/vowel_context20/n1/full/cross_text_verification,2.2156324458717487,-1.0507792810913283,5.136478902610322,10000,0,common support changes across caps
method_minus_exact/common/vowel_context20/n1/max_2s/verification/far_1pct,evaluable,common/vowel_exact/n1/max_2s/verification,3.7037037037037033,-0.9394164027225521,8.298796188476866,10000,0,same query cohort
method_minus_exact/common/vowel_context20/n1/max_2s/verification/far_0_1pct,evaluable,common/vowel_exact/n1/max_2s/verification,-6.172839506172833,-9.565321406282505,-2.9124199331265377,10000,0,same query cohort
method_minus_exact/common/vowel_context20/n1/max_2s/verification/eer_operating,evaluable,common/vowel_exact/n1/max_2s/verification,-0.823045267489711,-4.80787037037037,2.830284164693299,10000,0,same query cohort
cap_minus_full/common/vowel_context20/n1/max_2s/verification/far_1pct,evaluable,common/vowel_context20/n1/full/verification,20.688670529940374,11.433994511398394,28.634040078884503,10000,0,common support changes across caps
cap_minus_full/common/vowel_context20/n1/max_2s/verification/far_0_1pct,evaluable,common/vowel_context20/n1/full/verification,6.925338036449147,-0.594225294041789,13.521824267555619,10000,0,common support changes across caps
cap_minus_full/common/vowel_context20/n1/max_2s/verification/eer_operating,evaluable,common/vowel_context20/n1/full/verification,3.9271017048794836,-2.133118100497179,9.479410734560757,10000,0,common support changes across caps
method_minus_exact/common/vowel_context20/n1/max_3s/cross_text_verification/far_1pct,evaluable,common/vowel_exact/n1/max_3s/cross_text_verification,-2.0895522388059695,-5.12048192771084,0.5917159763313613,10000,0,same query cohort
method_minus_exact/common/vowel_context20/n1/max_3s/cross_text_verification/far_0_1pct,evaluable,common/vowel_exact/n1/max_3s/cross_text_verification,0.29850746268655914,-2.5398847437064016,3.0213769111050017,10000,0,same query cohort
method_minus_exact/common/vowel_context20/n1/max_3s/cross_text_verification/eer_operating,evaluable,common/vowel_exact/n1/max_3s/cross_text_verification,0.0,-2.5398847437064016,2.4525466359253794,10000,0,same query cohort
cap_minus_full/common/vowel_context20/n1/max_3s/cross_text_verification/far_1pct,evaluable,common/vowel_context20/n1/full/cross_text_verification,2.7825159914712128,-0.578598127391677,6.3743476696955,10000,0,common support changes across caps
cap_minus_full/common/vowel_context20/n1/max_3s/cross_text_verification/far_0_1pct,evaluable,common/vowel_context20/n1/full/cross_text_verification,5.7120012183978,0.4045118317550933,11.583724146811061,10000,0,common support changes across caps
cap_minus_full/common/vowel_context20/n1/max_3s/cross_text_verification/eer_operating,evaluable,common/vowel_context20/n1/full/cross_text_verification,-1.2816021931160535,-3.228237619184282,0.375605726598309,10000,0,common support changes across caps
method_minus_exact/common/vowel_context20/n1/max_3s/verification/far_1pct,evaluable,common/vowel_exact/n1/max_3s/verification,1.3539651837524203,-1.1538461538461555,4.331634916188073,10000,0,same query cohort
method_minus_exact/common/vowel_context20/n1/max_3s/verification/far_0_1pct,evaluable,common/vowel_exact/n1/max_3s/verification,0.7736943907156624,-1.1953987656588065,3.0190105931447704,10000,0,same query cohort
method_minus_exact/common/vowel_context20/n1/max_3s/verification/eer_operating,evaluable,common/vowel_exact/n1/max_3s/verification,-1.7408123791102514,-4.942965779467682,0.7633952680513187,10000,0,same query cohort
cap_minus_full/common/vowel_context20/n1/max_3s/verification/far_1pct,evaluable,common/vowel_context20/n1/full/verification,7.9577362860037635,3.475146854682432,12.414010871546868,10000,0,common support changes across caps
cap_minus_full/common/vowel_context20/n1/max_3s/verification/far_0_1pct,evaluable,common/vowel_context20/n1/full/verification,5.927972736483367,1.3986676941054086,10.496030418348381,10000,0,common support changes across caps
cap_minus_full/common/vowel_context20/n1/max_3s/verification/eer_operating,evaluable,common/vowel_context20/n1/full/verification,-0.22473979920788478,-3.1483395887871835,2.275337995098881,10000,0,common support changes across caps
method_minus_exact/common/vowel_context20/n1/max_5s/cross_text_verification/far_1pct,evaluable,common/vowel_exact/n1/max_5s/cross_text_verification,0.2583979328165398,-1.5915119363395236,2.857142857142858,10000,0,same query cohort
method_minus_exact/common/vowel_context20/n1/max_5s/cross_text_verification/far_0_1pct,evaluable,common/vowel_exact/n1/max_5s/cross_text_verification,2.84237726098191,-1.0178117048346036,6.443298969072164,10000,0,same query cohort
method_minus_exact/common/vowel_context20/n1/max_5s/cross_text_verification/eer_operating,evaluable,common/vowel_exact/n1/max_5s/cross_text_verification,1.2919896640826865,-1.0610079575596814,3.3419023136246784,10000,0,same query cohort
cap_minus_full/common/vowel_context20/n1/max_5s/cross_text_verification/far_1pct,evaluable,common/vowel_context20/n1/full/cross_text_verification,1.7072720561092658,0.25316069011793735,3.476339515924389,10000,0,common support changes across caps
cap_minus_full/common/vowel_context20/n1/max_5s/cross_text_verification/far_0_1pct,evaluable,common/vowel_context20/n1/full/cross_text_verification,1.5035859304962207,0.002019320224391788,3.064319966457697,10000,0,common support changes across caps
cap_minus_full/common/vowel_context20/n1/max_5s/cross_text_verification/eer_operating,evaluable,common/vowel_context20/n1/full/cross_text_verification,-0.600511522438435,-1.9722091364482668,0.532350697716157,10000,0,common support changes across caps
method_minus_exact/common/vowel_context20/n1/max_5s/verification/far_1pct,evaluable,common/vowel_exact/n1/max_5s/verification,0.5934718100890191,-2.255809206273602,3.328416540595058,10000,0,same query cohort
method_minus_exact/common/vowel_context20/n1/max_5s/verification/far_0_1pct,evaluable,common/vowel_exact/n1/max_5s/verification,1.928783382789312,-0.14620418175747218,4.153857566765582,10000,0,same query cohort
method_minus_exact/common/vowel_context20/n1/max_5s/verification/eer_operating,evaluable,common/vowel_exact/n1/max_5s/verification,-2.670623145400593,-8.620946223316913,1.5060240963855414,10000,0,same query cohort
cap_minus_full/common/vowel_context20/n1/max_5s/verification/far_1pct,evaluable,common/vowel_context20/n1/full/verification,2.745917358041139,0.9727260173163471,4.309337767603347,10000,0,common support changes across caps
cap_minus_full/common/vowel_context20/n1/max_5s/verification/far_0_1pct,evaluable,common/vowel_context20/n1/full/verification,1.2519429136639726,-1.6681389587787987,4.258544073895585,10000,0,common support changes across caps
cap_minus_full/common/vowel_context20/n1/max_5s/verification/eer_operating,evaluable,common/vowel_context20/n1/full/verification,-1.5741133248551642,-3.8315409996333853,0.0916201785674513,10000,0,common support changes across caps
method_minus_exact/common/vowel_context20/n5/full/cross_text_verification/far_1pct,evaluable,common/vowel_exact/n5/full/cross_text_verification,-1.5306122448979589,-3.0534351145038165,-0.25641025641025617,10000,0,same query cohort
method_minus_exact/common/vowel_context20/n5/full/cross_text_verification/far_0_1pct,evaluable,common/vowel_exact/n5/full/cross_text_verification,-7.653061224489793,-13.8463476070529,-2.525252525252525,10000,0,same query cohort
method_minus_exact/common/vowel_context20/n5/full/cross_text_verification/eer_operating,evaluable,common/vowel_exact/n5/full/cross_text_verification,-4.081632653061225,-6.683804627249357,-1.7766497461928936,10000,0,same query cohort
method_minus_exact/common/vowel_context20/n5/full/verification/far_1pct,evaluable,common/vowel_exact/n5/full/verification,0.0,-1.6326530612244896,1.6326530612244896,10000,0,same query cohort
method_minus_exact/common/vowel_context20/n5/full/verification/far_0_1pct,evaluable,common/vowel_exact/n5/full/verification,-4.35374149659864,-9.931972789115646,0.4081632653061232,10000,0,same query cohort
method_minus_exact/common/vowel_context20/n5/full/verification/eer_operating,evaluable,common/vowel_exact/n5/full/verification,-0.9523809523809524,-3.1292517006802716,0.54421768707483,10000,0,same query cohort
method_minus_exact/common/vowel_context20/n5/max_1s/cross_text_verification/far_1pct,evaluable,common/vowel_exact/n5/max_1s/cross_text_verification,-3.5714285714285725,-11.538461538461538,0.0,10000,0,same query cohort
method_minus_exact/common/vowel_context20/n5/max_1s/cross_text_verification/far_0_1pct,evaluable,common/vowel_exact/n5/max_1s/cross_text_verification,0.0,-9.375,9.999999999999998,10000,0,same query cohort
method_minus_exact/common/vowel_context20/n5/max_1s/cross_text_verification/eer_operating,evaluable,common/vowel_exact/n5/max_1s/cross_text_verification,10.714285714285714,0.0,31.03448275862069,10000,0,same query cohort
cap_minus_full/common/vowel_context20/n5/max_1s/cross_text_verification/far_1pct,evaluable,common/vowel_context20/n5/full/cross_text_verification,11.73469387755102,-2.0408163265306123,31.538138832668988,10000,0,common support changes across caps
cap_minus_full/common/vowel_context20/n5/max_1s/cross_text_verification/far_0_1pct,evaluable,common/vowel_context20/n5/full/cross_text_verification,25.255102040816325,3.419767787182036,48.562518287038145,10000,0,common support changes across caps
cap_minus_full/common/vowel_context20/n5/max_1s/cross_text_verification/eer_operating,evaluable,common/vowel_context20/n5/full/cross_text_verification,10.969387755102039,-2.7920557729814908,30.497215081405308,10000,0,common support changes across caps
method_minus_exact/common/vowel_context20/n5/max_1s/verification/far_1pct,evaluable,common/vowel_exact/n5/max_1s/verification,2.7027027027027026,0.0,7.894736842105263,10000,0,same query cohort
method_minus_exact/common/vowel_context20/n5/max_1s/verification/far_0_1pct,evaluable,common/vowel_exact/n5/max_1s/verification,-2.7027027027027026,-9.090909090909092,0.0,10000,0,same query cohort
method_minus_exact/common/vowel_context20/n5/max_1s/verification/eer_operating,evaluable,common/vowel_exact/n5/max_1s/verification,2.7027027027027026,0.0,7.894736842105263,10000,0,same query cohort
cap_minus_full/common/vowel_context20/n5/max_1s/verification/far_1pct,evaluable,common/vowel_context20/n5/full/verification,1.0516639088067665,-1.723356009070294,4.829931972789116,10000,0,common support changes across caps
cap_minus_full/common/vowel_context20/n5/max_1s/verification/far_0_1pct,evaluable,common/vowel_context20/n5/full/verification,5.721640007354295,-4.1064034309375925,16.42861618331543,10000,0,common support changes across caps
cap_minus_full/common/vowel_context20/n5/max_1s/verification/eer_operating,evaluable,common/vowel_context20/n5/full/verification,0.6435006435006441,-2.4038126878658437,4.557823129251702,10000,0,common support changes across caps
method_minus_exact/common/vowel_context20/n5/max_2s/cross_text_verification/far_1pct,evaluable,common/vowel_exact/n5/max_2s/cross_text_verification,-4.060913705583758,-7.499999999999998,-1.4150943396226425,10000,0,same query cohort
method_minus_exact/common/vowel_context20/n5/max_2s/cross_text_verification/far_0_1pct,evaluable,common/vowel_exact/n5/max_2s/cross_text_verification,-1.0152284263959366,-6.1452513966480495,4.020100502512563,10000,0,same query cohort
method_minus_exact/common/vowel_context20/n5/max_2s/cross_text_verification/eer_operating,evaluable,common/vowel_exact/n5/max_2s/cross_text_verification,0.0,-2.5125628140703515,2.3474178403755874,10000,0,same query cohort
cap_minus_full/common/vowel_context20/n5/max_2s/cross_text_verification/far_1pct,evaluable,common/vowel_context20/n5/full/cross_text_verification,8.616492282192064,2.6590380735061716,14.850645620956547,10000,0,common support changes across caps
cap_minus_full/common/vowel_context20/n5/max_2s/cross_text_verification/far_0_1pct,evaluable,common/vowel_context20/n5/full/cross_text_verification,17.93095410753134,9.851974673662513,25.178607557330558,10000,0,common support changes across caps
cap_minus_full/common/vowel_context20/n5/max_2s/cross_text_verification/eer_operating,evaluable,common/vowel_context20/n5/full/cross_text_verification,5.820729306951207,1.1920675594269357,10.945353101090998,10000,0,common support changes across caps
method_minus_exact/common/vowel_context20/n5/max_2s/verification/far_1pct,evaluable,common/vowel_exact/n5/max_2s/verification,-4.526748971193416,-10.126582278481012,0.0,10000,0,same query cohort
method_minus_exact/common/vowel_context20/n5/max_2s/verification/far_0_1pct,evaluable,common/vowel_exact/n5/max_2s/verification,-0.41152263374485964,-8.296988530323068,8.019126153422388,10000,0,same query cohort
method_minus_exact/common/vowel_context20/n5/max_2s/verification/eer_operating,evaluable,common/vowel_exact/n5/max_2s/verification,0.4115226337448555,-1.901140684410646,2.90476574144946,10000,0,same query cohort
cap_minus_full/common/vowel_context20/n5/max_2s/verification/far_1pct,evaluable,common/vowel_context20/n5/full/verification,5.111279079533048,1.3228607714637577,8.89248969076878,10000,0,common support changes across caps
cap_minus_full/common/vowel_context20/n5/max_2s/verification/far_0_1pct,evaluable,common/vowel_context20/n5/full/verification,17.666918619299572,8.993508942038355,24.118860116580482,10000,0,common support changes across caps
cap_minus_full/common/vowel_context20/n5/max_2s/verification/eer_operating,evaluable,common/vowel_context20/n5/full/verification,2.6455026455026456,0.388250422120068,4.861576232318617,10000,0,common support changes across caps
method_minus_exact/common/vowel_context20/n5/max_3s/cross_text_verification/far_1pct,evaluable,common/vowel_exact/n5/max_3s/cross_text_verification,-3.880597014925373,-6.5530679933665,-1.538461538461539,10000,0,same query cohort
method_minus_exact/common/vowel_context20/n5/max_3s/cross_text_verification/far_0_1pct,evaluable,common/vowel_exact/n5/max_3s/cross_text_verification,-1.1940298507462699,-5.211801322915211,3.2544378698224854,10000,0,same query cohort
method_minus_exact/common/vowel_context20/n5/max_3s/cross_text_verification/eer_operating,evaluable,common/vowel_exact/n5/max_3s/cross_text_verification,-0.895522388059701,-3.0487804878048785,1.142939009414654,10000,0,same query cohort
cap_minus_full/common/vowel_context20/n5/max_3s/cross_text_verification/far_1pct,evaluable,common/vowel_context20/n5/full/cross_text_verification,2.523606457508376,0.3966459747723588,5.830673691219779,10000,0,common support changes across caps
cap_minus_full/common/vowel_context20/n5/max_3s/cross_text_verification/far_0_1pct,evaluable,common/vowel_context20/n5/full/cross_text_verification,14.636765153822722,7.59512782611062,21.777974643810694,10000,0,common support changes across caps
cap_minus_full/common/vowel_context20/n5/max_3s/cross_text_verification/eer_operating,evaluable,common/vowel_context20/n5/full/cross_text_verification,0.8627779469996953,-1.4450251631777042,4.047329982682274,10000,0,common support changes across caps
method_minus_exact/common/vowel_context20/n5/max_3s/verification/far_1pct,evaluable,common/vowel_exact/n5/max_3s/verification,-1.5473887814313352,-4.166666666666666,0.3929273084479372,10000,0,same query cohort
method_minus_exact/common/vowel_context20/n5/max_3s/verification/far_0_1pct,evaluable,common/vowel_exact/n5/max_3s/verification,0.5802707930367468,-3.9848197343453515,5.8603816231933346,10000,0,same query cohort
method_minus_exact/common/vowel_context20/n5/max_3s/verification/eer_operating,evaluable,common/vowel_exact/n5/max_3s/verification,-0.7736943907156673,-2.316602316602316,0.5847953216374269,10000,0,same query cohort
cap_minus_full/common/vowel_context20/n5/max_3s/verification/far_1pct,evaluable,common/vowel_context20/n5/full/verification,1.8358136291266993,0.17765994734540602,3.5586725911186585,10000,0,common support changes across caps
cap_minus_full/common/vowel_context20/n5/max_3s/verification/far_0_1pct,evaluable,common/vowel_context20/n5/full/verification,15.816260740272897,9.150231723782218,22.787534516978038,10000,0,common support changes across caps
cap_minus_full/common/vowel_context20/n5/max_3s/verification/eer_operating,evaluable,common/vowel_context20/n5/full/verification,0.6539559731049096,-1.2730845609924302,2.2858138377302124,10000,0,common support changes across caps
method_minus_exact/common/vowel_context20/n5/max_5s/cross_text_verification/far_1pct,evaluable,common/vowel_exact/n5/max_5s/cross_text_verification,-1.550387596899225,-2.857142857142857,-0.5089058524173025,10000,0,same query cohort
method_minus_exact/common/vowel_context20/n5/max_5s/cross_text_verification/far_0_1pct,evaluable,common/vowel_exact/n5/max_5s/cross_text_verification,-8.010335917312661,-12.765957446808512,-3.968253968253968,10000,0,same query cohort
method_minus_exact/common/vowel_context20/n5/max_5s/cross_text_verification/eer_operating,evaluable,common/vowel_exact/n5/max_5s/cross_text_verification,0.7751937984496124,-0.7731958762886598,2.5642673521850883,10000,0,same query cohort
cap_minus_full/common/vowel_context20/n5/max_5s/cross_text_verification/far_1pct,evaluable,common/vowel_context20/n5/full/cross_text_verification,1.3249485840847965,0.27752290017435094,2.5705959705889736,10000,0,common support changes across caps
cap_minus_full/common/vowel_context20/n5/max_5s/cross_text_verification/far_0_1pct,evaluable,common/vowel_context20/n5/full/cross_text_verification,6.687364868427991,2.569152491128686,11.258732725279776,10000,0,common support changes across caps
cap_minus_full/common/vowel_context20/n5/max_5s/cross_text_verification/eer_operating,evaluable,common/vowel_context20/n5/full/cross_text_verification,2.6268259241681164,1.0350222987849858,4.437725839875747,10000,0,common support changes across caps
method_minus_exact/common/vowel_context20/n5/max_5s/verification/far_1pct,evaluable,common/vowel_exact/n5/max_5s/verification,0.0,-1.9287833827893168,1.6176470588235292,10000,0,same query cohort
method_minus_exact/common/vowel_context20/n5/max_5s/verification/far_0_1pct,evaluable,common/vowel_exact/n5/max_5s/verification,-6.6765578635014835,-13.864306784660766,-0.4424778761061954,10000,0,same query cohort
method_minus_exact/common/vowel_context20/n5/max_5s/verification/eer_operating,evaluable,common/vowel_exact/n5/max_5s/verification,0.8902077151335307,-1.1799410029498525,3.0211589036927555,10000,0,same query cohort
cap_minus_full/common/vowel_context20/n5/max_5s/verification/far_1pct,evaluable,common/vowel_context20/n5/full/verification,1.135872746724803,0.27271625317447423,2.1941311404816326,10000,0,common support changes across caps
cap_minus_full/common/vowel_context20/n5/max_5s/verification/far_0_1pct,evaluable,common/vowel_context20/n5/full/verification,6.832394678939827,3.4827875016950647,10.505560675420197,10000,0,common support changes across caps
cap_minus_full/common/vowel_context20/n5/max_5s/verification/eer_operating,evaluable,common/vowel_context20/n5/full/verification,1.6179171965522112,0.591715976331361,2.750604336517576,10000,0,common support changes across caps
method_minus_exact/common/vowel_context20/n10/full/cross_text_verification/far_1pct,evaluable,common/vowel_exact/n10/full/cross_text_verification,-0.2551020408163265,-1.0443864229765012,0.5208333333333333,10000,0,same query cohort
method_minus_exact/common/vowel_context20/n10/full/cross_text_verification/far_0_1pct,evaluable,common/vowel_exact/n10/full/cross_text_verification,-4.846938775510204,-9.160889546658359,-1.2690355329949234,10000,0,same query cohort
method_minus_exact/common/vowel_context20/n10/full/cross_text_verification/eer_operating,evaluable,common/vowel_exact/n10/full/cross_text_verification,-1.5306122448979596,-3.2911392405063284,0.0,10000,0,same query cohort
method_minus_exact/common/vowel_context20/n10/full/verification/far_1pct,evaluable,common/vowel_exact/n10/full/verification,0.0,-0.40816326530612246,0.40816326530612246,10000,0,same query cohort
method_minus_exact/common/vowel_context20/n10/full/verification/far_0_1pct,evaluable,common/vowel_exact/n10/full/verification,-3.537414965986395,-7.07482993197279,-0.5442176870748306,10000,0,same query cohort
method_minus_exact/common/vowel_context20/n10/full/verification/eer_operating,evaluable,common/vowel_exact/n10/full/verification,-0.40816326530612246,-2.176870748299319,0.9523809523809518,10000,0,same query cohort
method_minus_exact/common/vowel_context20/n10/max_1s/cross_text_verification/far_1pct,evaluable,common/vowel_exact/n10/max_1s/cross_text_verification,0.0,-10.349364791288565,9.375,10000,0,same query cohort
method_minus_exact/common/vowel_context20/n10/max_1s/cross_text_verification/far_0_1pct,evaluable,common/vowel_exact/n10/max_1s/cross_text_verification,-7.14285714285714,-19.23076923076923,0.0,10000,0,same query cohort
method_minus_exact/common/vowel_context20/n10/max_1s/cross_text_verification/eer_operating,evaluable,common/vowel_exact/n10/max_1s/cross_text_verification,7.142857142857142,0.0,20.689655172413797,10000,0,same query cohort
cap_minus_full/common/vowel_context20/n10/max_1s/cross_text_verification/far_1pct,evaluable,common/vowel_context20/n10/full/cross_text_verification,12.5,0.0,30.976547632645552,10000,0,common support changes across caps
cap_minus_full/common/vowel_context20/n10/max_1s/cross_text_verification/far_0_1pct,evaluable,common/vowel_context20/n10/full/cross_text_verification,19.13265306122449,-0.8404741902212306,38.550148993669325,10000,0,common support changes across caps
cap_minus_full/common/vowel_context20/n10/max_1s/cross_text_verification/eer_operating,evaluable,common/vowel_context20/n10/full/cross_text_verification,9.948979591836734,-1.7811704834605597,26.369880665241734,10000,0,common support changes across caps
method_minus_exact/common/vowel_context20/n10/max_1s/verification/far_1pct,evaluable,common/vowel_exact/n10/max_1s/verification,0.0,-8.823529411764707,6.8181818181818175,10000,0,same query cohort
method_minus_exact/common/vowel_context20/n10/max_1s/verification/far_0_1pct,evaluable,common/vowel_exact/n10/max_1s/verification,-10.81081081081081,-20.833333333333332,-2.564102564102566,10000,0,same query cohort
method_minus_exact/common/vowel_context20/n10/max_1s/verification/eer_operating,evaluable,common/vowel_exact/n10/max_1s/verification,2.7027027027027026,0.0,7.894736842105263,10000,0,same query cohort
cap_minus_full/common/vowel_context20/n10/max_1s/verification/far_1pct,evaluable,common/vowel_context20/n10/full/verification,0.11766868909726079,-6.530612244897959,5.7142857142857135,10000,0,common support changes across caps
cap_minus_full/common/vowel_context20/n10/max_1s/verification/far_0_1pct,evaluable,common/vowel_context20/n10/full/verification,9.66721823864681,-4.085990646258503,24.829931972789115,10000,0,common support changes across caps
cap_minus_full/common/vowel_context20/n10/max_1s/verification/eer_operating,evaluable,common/vowel_context20/n10/full/verification,1.3237727523441816,-0.7232366630862873,4.570693142121714,10000,0,common support changes across caps
method_minus_exact/common/vowel_context20/n10/max_2s/cross_text_verification/far_1pct,evaluable,common/vowel_exact/n10/max_2s/cross_text_verification,-1.0152284263959395,-4.123711340206185,2.1368092691622103,10000,0,same query cohort
method_minus_exact/common/vowel_context20/n10/max_2s/cross_text_verification/far_0_1pct,evaluable,common/vowel_exact/n10/max_2s/cross_text_verification,-3.5532994923857864,-10.606060606060602,1.0810810810810811,10000,0,same query cohort
method_minus_exact/common/vowel_context20/n10/max_2s/cross_text_verification/eer_operating,evaluable,common/vowel_exact/n10/max_2s/cross_text_verification,-1.522842639593909,-4.736842105263158,1.8020056255350354,10000,0,same query cohort
cap_minus_full/common/vowel_context20/n10/max_2s/cross_text_verification/far_1pct,evaluable,common/vowel_context20/n10/full/cross_text_verification,4.305656272661349,0.0,10.087282828060331,10000,0,common support changes across caps
cap_minus_full/common/vowel_context20/n10/max_2s/cross_text_verification/far_0_1pct,evaluable,common/vowel_context20/n10/full/cross_text_verification,15.416191857453644,7.453130629895672,23.30041590309646,10000,0,common support changes across caps
cap_minus_full/common/vowel_context20/n10/max_2s/cross_text_verification/eer_operating,evaluable,common/vowel_context20/n10/full/cross_text_verification,0.23179322490417473,-2.031273783148423,2.6525034497626057,10000,0,common support changes across caps
method_minus_exact/common/vowel_context20/n10/max_2s/verification/far_1pct,evaluable,common/vowel_exact/n10/max_2s/verification,-0.8230452674897116,-3.5436572157729302,1.1029411764705885,10000,0,same query cohort
method_minus_exact/common/vowel_context20/n10/max_2s/verification/far_0_1pct,evaluable,common/vowel_exact/n10/max_2s/verification,0.0,-3.18181818181818,2.868852459016397,10000,0,same query cohort
method_minus_exact/common/vowel_context20/n10/max_2s/verification/eer_operating,evaluable,common/vowel_exact/n10/max_2s/verification,-1.2345679012345678,-3.6811701699688215,0.0,10000,0,same query cohort
cap_minus_full/common/vowel_context20/n10/max_2s/verification/far_1pct,evaluable,common/vowel_context20/n10/full/verification,0.7071470563534059,-0.15257925032361105,1.5966768491840835,10000,0,common support changes across caps
cap_minus_full/common/vowel_context20/n10/max_2s/verification/far_0_1pct,evaluable,common/vowel_context20/n10/full/verification,16.67422524565382,8.748790373587452,23.2526941200778,10000,0,common support changes across caps
cap_minus_full/common/vowel_context20/n10/max_2s/verification/eer_operating,evaluable,common/vowel_context20/n10/full/verification,-1.2009742168472324,-3.837787052333615,0.6827672536508145,10000,0,common support changes across caps
method_minus_exact/common/vowel_context20/n10/max_3s/cross_text_verification/far_1pct,evaluable,common/vowel_exact/n10/max_3s/cross_text_verification,-1.1940298507462686,-2.593659942363112,0.0,10000,0,same query cohort
method_minus_exact/common/vowel_context20/n10/max_3s/cross_text_verification/far_0_1pct,evaluable,common/vowel_exact/n10/max_3s/cross_text_verification,-4.477611940298506,-8.857142857142858,-0.6269592476489033,10000,0,same query cohort
method_minus_exact/common/vowel_context20/n10/max_3s/cross_text_verification/eer_operating,evaluable,common/vowel_exact/n10/max_3s/cross_text_verification,1.7910447761194028,-0.5714285714285714,5.1671732522796345,10000,0,same query cohort
cap_minus_full/common/vowel_context20/n10/max_3s/cross_text_verification/far_1pct,evaluable,common/vowel_context20/n10/full/cross_text_verification,1.7963752665245205,0.0,3.852464334175404,10000,0,common support changes across caps
cap_minus_full/common/vowel_context20/n10/max_3s/cross_text_verification/far_0_1pct,evaluable,common/vowel_context20/n10/full/cross_text_verification,10.273378007919584,4.643760579688079,16.5167595821548,10000,0,common support changes across caps
cap_minus_full/common/vowel_context20/n10/max_3s/cross_text_verification/eer_operating,evaluable,common/vowel_context20/n10/full/cross_text_verification,2.2304294852269266,0.4874881031633143,4.475610106449197,10000,0,common support changes across caps
method_minus_exact/common/vowel_context20/n10/max_3s/verification/far_1pct,evaluable,common/vowel_exact/n10/max_3s/verification,-1.3539651837524174,-3.1659572581360287,0.0,10000,0,same query cohort
method_minus_exact/common/vowel_context20/n10/max_3s/verification/far_0_1pct,evaluable,common/vowel_exact/n10/max_3s/verification,-3.6750483558994214,-6.666666666666665,-0.7707129094412345,10000,0,same query cohort
method_minus_exact/common/vowel_context20/n10/max_3s/verification/eer_operating,evaluable,common/vowel_exact/n10/max_3s/verification,-0.19342359767891698,-2.2430956631313665,1.5414258188824665,10000,0,same query cohort
cap_minus_full/common/vowel_context20/n10/max_3s/verification/far_1pct,evaluable,common/vowel_context20/n10/full/verification,1.0900143422939779,0.17573696145124704,2.2215301255916198,10000,0,common support changes across caps
cap_minus_full/common/vowel_context20/n10/max_3s/verification/far_0_1pct,evaluable,common/vowel_context20/n10/full/verification,12.21831866208766,6.953452562671832,17.578385316390705,10000,0,common support changes across caps
cap_minus_full/common/vowel_context20/n10/max_3s/verification/eer_operating,evaluable,common/vowel_context20/n10/full/verification,0.7539572889116962,-0.9439255928360049,2.452193475815523,10000,0,common support changes across caps
method_minus_exact/common/vowel_context20/n10/max_5s/cross_text_verification/far_1pct,evaluable,common/vowel_exact/n10/max_5s/cross_text_verification,0.0,-1.7766497461928936,2.0671834625322996,10000,0,same query cohort
method_minus_exact/common/vowel_context20/n10/max_5s/cross_text_verification/far_0_1pct,evaluable,common/vowel_exact/n10/max_5s/cross_text_verification,-5.1679586563307485,-9.694497364163055,-1.3053980363359439,10000,0,same query cohort
method_minus_exact/common/vowel_context20/n10/max_5s/cross_text_verification/eer_operating,evaluable,common/vowel_exact/n10/max_5s/cross_text_verification,-0.7751937984496124,-2.088772845953003,0.2724795640326974,10000,0,same query cohort
cap_minus_full/common/vowel_context20/n10/max_5s/cross_text_verification/far_1pct,evaluable,common/vowel_context20/n10/full/cross_text_verification,0.5398671096345515,0.0,1.6439000815792248,10000,0,common support changes across caps
cap_minus_full/common/vowel_context20/n10/max_5s/cross_text_verification/far_0_1pct,evaluable,common/vowel_context20/n10/full/cross_text_verification,5.07765121552497,1.87333426973739,8.9570588940866,10000,0,common support changes across caps
cap_minus_full/common/vowel_context20/n10/max_5s/cross_text_verification/eer_operating,evaluable,common/vowel_context20/n10/full/cross_text_verification,0.5728260296366611,0.012301585065200548,1.3177603784714473,10000,0,common support changes across caps
method_minus_exact/common/vowel_context20/n10/max_5s/verification/far_1pct,evaluable,common/vowel_exact/n10/max_5s/verification,-0.14836795252225546,-0.886262924667651,0.43731778425655976,10000,0,same query cohort
method_minus_exact/common/vowel_context20/n10/max_5s/verification/far_0_1pct,evaluable,common/vowel_exact/n10/max_5s/verification,-3.5608308605341255,-7.048458149779735,-0.29850746268656747,10000,0,same query cohort
method_minus_exact/common/vowel_context20/n10/max_5s/verification/eer_operating,evaluable,common/vowel_exact/n10/max_5s/verification,-0.4451038575667657,-2.2321428571428568,1.0204454044391473,10000,0,same query cohort
cap_minus_full/common/vowel_context20/n10/max_5s/verification/far_1pct,evaluable,common/vowel_context20/n10/full/verification,0.23395708431740644,0.0,0.7092293057573904,10000,0,common support changes across caps
cap_minus_full/common/vowel_context20/n10/max_5s/verification/far_0_1pct,evaluable,common/vowel_context20/n10/full/verification,6.326934334564687,3.2542917729620036,9.523616714127511,10000,0,common support changes across caps
cap_minus_full/common/vowel_context20/n10/max_5s/verification/eer_operating,evaluable,common/vowel_context20/n10/full/verification,0.07267001756192104,-0.5819631525756902,0.6260958980495951,10000,0,common support changes across caps
cap_minus_full/common/vowel_exact/n1/max_1s/cross_text_verification/far_1pct,evaluable,common/vowel_exact/n1/full/cross_text_verification,17.857142857142854,0.08825749542951604,40.02512428818443,10000,0,common support changes across caps
cap_minus_full/common/vowel_exact/n1/max_1s/cross_text_verification/far_0_1pct,evaluable,common/vowel_exact/n1/full/cross_text_verification,7.397959183673464,-9.61051448551449,26.93194203485233,10000,0,common support changes across caps
cap_minus_full/common/vowel_exact/n1/max_1s/cross_text_verification/eer_operating,evaluable,common/vowel_exact/n1/full/cross_text_verification,8.928571428571427,-5.00031328320802,26.237693389592117,10000,0,common support changes across caps
cap_minus_full/common/vowel_exact/n1/max_1s/verification/far_1pct,evaluable,common/vowel_exact/n1/full/verification,15.46975546975547,-4.676705799376609,36.08353181089369,10000,0,common support changes across caps
cap_minus_full/common/vowel_exact/n1/max_1s/verification/far_0_1pct,evaluable,common/vowel_exact/n1/full/verification,9.626769626769626,-4.235741665087091,24.45283288140431,10000,0,common support changes across caps
cap_minus_full/common/vowel_exact/n1/max_1s/verification/eer_operating,evaluable,common/vowel_exact/n1/full/verification,2.357050928479501,-5.472280439775397,11.666772959183671,10000,0,common support changes across caps
cap_minus_full/common/vowel_exact/n1/max_2s/cross_text_verification/far_1pct,evaluable,common/vowel_exact/n1/full/cross_text_verification,11.004350978970267,3.17075955451561,18.035335259222435,10000,0,common support changes across caps
cap_minus_full/common/vowel_exact/n1/max_2s/cross_text_verification/far_0_1pct,evaluable,common/vowel_exact/n1/full/cross_text_verification,16.73443489070755,7.365819828313513,26.06543620842466,10000,0,common support changes across caps
cap_minus_full/common/vowel_exact/n1/max_2s/cross_text_verification/eer_operating,evaluable,common/vowel_exact/n1/full/cross_text_verification,0.6979695431472088,-2.7062640598754637,3.5197412019653798,10000,0,common support changes across caps
cap_minus_full/common/vowel_exact/n1/max_2s/verification/far_1pct,evaluable,common/vowel_exact/n1/full/verification,16.84891240446796,8.706155394801192,24.09240232521416,10000,0,common support changes across caps
cap_minus_full/common/vowel_exact/n1/max_2s/verification/far_0_1pct,evaluable,common/vowel_exact/n1/full/verification,15.955320399764839,6.772068999188523,24.237809581663996,10000,0,common support changes across caps
cap_minus_full/common/vowel_exact/n1/max_2s/verification/eer_operating,evaluable,common/vowel_exact/n1/full/verification,4.069874863525658,-1.0189639306726954,8.31063318011809,10000,0,common support changes across caps
cap_minus_full/common/vowel_exact/n1/max_3s/cross_text_verification/far_1pct,evaluable,common/vowel_exact/n1/full/cross_text_verification,4.872068230277183,1.145988107030376,8.918369383031367,10000,0,common support changes across caps
cap_minus_full/common/vowel_exact/n1/max_3s/cross_text_verification/far_0_1pct,evaluable,common/vowel_exact/n1/full/cross_text_verification,8.474718245507162,3.1665913013100107,14.086544951752543,10000,0,common support changes across caps
cap_minus_full/common/vowel_exact/n1/max_3s/cross_text_verification/eer_operating,evaluable,common/vowel_exact/n1/full/cross_text_verification,-0.2611940298507462,-2.6140811462490103,2.3440788118670017,10000,0,common support changes across caps
cap_minus_full/common/vowel_exact/n1/max_3s/verification/far_1pct,evaluable,common/vowel_exact/n1/full/verification,6.467716680482632,2.2968000759625857,10.515003200011504,10000,0,common support changes across caps
cap_minus_full/common/vowel_exact/n1/max_3s/verification/far_0_1pct,evaluable,common/vowel_exact/n1/full/verification,8.011421202910562,2.258578838209775,14.122963715137072,10000,0,common support changes across caps
cap_minus_full/common/vowel_exact/n1/max_3s/verification/eer_operating,evaluable,common/vowel_exact/n1/full/verification,0.8358004710588298,-2.245370218530699,3.857965998263217,10000,0,common support changes across caps
cap_minus_full/common/vowel_exact/n1/max_5s/cross_text_verification/far_1pct,evaluable,common/vowel_exact/n1/full/cross_text_verification,1.448874123292726,0.4565570613200704,2.5157968121563625,10000,0,common support changes across caps
cap_minus_full/common/vowel_exact/n1/max_5s/cross_text_verification/far_0_1pct,evaluable,common/vowel_exact/n1/full/cross_text_verification,1.7224331593102327,0.37169056263748335,3.0914170857605723,10000,0,common support changes across caps
cap_minus_full/common/vowel_exact/n1/max_5s/cross_text_verification/eer_operating,evaluable,common/vowel_exact/n1/full/cross_text_verification,-0.8720930232558142,-2.4627992707196,0.45517956723189074,10000,0,common support changes across caps
cap_minus_full/common/vowel_exact/n1/max_5s/verification/far_1pct,evaluable,common/vowel_exact/n1/full/verification,2.016391126183409,-0.2124048667165103,4.370757027151041,10000,0,common support changes across caps
cap_minus_full/common/vowel_exact/n1/max_5s/verification/far_0_1pct,evaluable,common/vowel_exact/n1/full/verification,2.1803023880175187,-0.7568151309584558,5.092650407249208,10000,0,common support changes across caps
cap_minus_full/common/vowel_exact/n1/max_5s/verification/eer_operating,evaluable,common/vowel_exact/n1/full/verification,0.4162377117018917,-0.5038745380695278,1.2483634599933597,10000,0,common support changes across caps
cap_minus_full/common/vowel_exact/n5/max_1s/cross_text_verification/far_1pct,evaluable,common/vowel_exact/n5/full/cross_text_verification,13.775510204081634,-1.7886731051373241,32.61575317682267,10000,0,common support changes across caps
cap_minus_full/common/vowel_exact/n5/max_1s/cross_text_verification/far_0_1pct,evaluable,common/vowel_exact/n5/full/cross_text_verification,17.602040816326532,-0.5938391291325101,37.25,10000,0,common support changes across caps
cap_minus_full/common/vowel_exact/n5/max_1s/cross_text_verification/eer_operating,evaluable,common/vowel_exact/n5/full/cross_text_verification,-3.826530612244898,-11.195928753180661,6.776371237468945,10000,0,common support changes across caps
cap_minus_full/common/vowel_exact/n5/max_1s/verification/far_1pct,evaluable,common/vowel_exact/n5/full/verification,-1.6510387938959363,-3.6734693877551017,0.17006802721088454,10000,0,common support changes across caps
cap_minus_full/common/vowel_exact/n5/max_1s/verification/far_0_1pct,evaluable,common/vowel_exact/n5/full/verification,4.0706012134583585,-7.79499489140971,15.641979372394117,10000,0,common support changes across caps
cap_minus_full/common/vowel_exact/n5/max_1s/verification/eer_operating,evaluable,common/vowel_exact/n5/full/verification,-3.0115830115830113,-6.310602619426149,-0.27210884353741494,10000,0,common support changes across caps
cap_minus_full/common/vowel_exact/n5/max_2s/cross_text_verification/far_1pct,evaluable,common/vowel_exact/n5/full/cross_text_verification,11.146793742877865,5.35630699088146,17.300494603599724,10000,0,common support changes across caps
cap_minus_full/common/vowel_exact/n5/max_2s/cross_text_verification/far_0_1pct,evaluable,common/vowel_exact/n5/full/cross_text_verification,11.293121309437481,3.931613582699014,18.400289698357845,10000,0,common support changes across caps
cap_minus_full/common/vowel_exact/n5/max_2s/cross_text_verification/eer_operating,evaluable,common/vowel_exact/n5/full/cross_text_verification,1.7390966538899821,-0.8549983449373365,4.835440870232948,10000,0,common support changes across caps
cap_minus_full/common/vowel_exact/n5/max_2s/verification/far_1pct,evaluable,common/vowel_exact/n5/full/verification,9.638028050726463,3.276732385034682,16.6457543491705,10000,0,common support changes across caps
cap_minus_full/common/vowel_exact/n5/max_2s/verification/far_0_1pct,evaluable,common/vowel_exact/n5/full/verification,13.72469975644579,4.888336604283447,21.711515666872813,10000,0,common support changes across caps
cap_minus_full/common/vowel_exact/n5/max_2s/verification/eer_operating,evaluable,common/vowel_exact/n5/full/verification,1.2815990593768374,-1.4004479840716766,3.707161019747704,10000,0,common support changes across caps
cap_minus_full/common/vowel_exact/n5/max_3s/cross_text_verification/far_1pct,evaluable,common/vowel_exact/n5/full/cross_text_verification,4.87359122753579,1.5350818236078023,8.852980220103023,10000,0,common support changes across caps
cap_minus_full/common/vowel_exact/n5/max_3s/cross_text_verification/far_0_1pct,evaluable,common/vowel_exact/n5/full/cross_text_verification,8.1777337800792,4.215051995339978,12.210185928193393,10000,0,common support changes across caps
cap_minus_full/common/vowel_exact/n5/max_3s/cross_text_verification/eer_operating,evaluable,common/vowel_exact/n5/full/cross_text_verification,-2.3233323180018277,-5.858277561805316,0.37830505061664443,10000,0,common support changes across caps
cap_minus_full/common/vowel_exact/n5/max_3s/verification/far_1pct,evaluable,common/vowel_exact/n5/full/verification,3.3832024105580345,1.3089188244467747,5.692232519562418,10000,0,common support changes across caps
cap_minus_full/common/vowel_exact/n5/max_3s/verification/far_0_1pct,evaluable,common/vowel_exact/n5/full/verification,10.88224845063751,6.465321492054582,15.341136729361804,10000,0,common support changes across caps
cap_minus_full/common/vowel_exact/n5/max_3s/verification/eer_operating,evaluable,common/vowel_exact/n5/full/verification,0.4752694114396244,-0.8047052565547731,1.470721848541948,10000,0,common support changes across caps
cap_minus_full/common/vowel_exact/n5/max_5s/cross_text_verification/far_1pct,evaluable,common/vowel_exact/n5/full/cross_text_verification,1.3447239360860626,0.2950291325337791,2.603546216529384,10000,0,common support changes across caps
cap_minus_full/common/vowel_exact/n5/max_5s/cross_text_verification/far_0_1pct,evaluable,common/vowel_exact/n5/full/cross_text_verification,7.044639561250859,3.715738927510293,10.564394672586609,10000,0,common support changes across caps
cap_minus_full/common/vowel_exact/n5/max_5s/cross_text_verification/eer_operating,evaluable,common/vowel_exact/n5/full/cross_text_verification,-2.23000052734272,-4.510876531815618,-0.47092728872369155,10000,0,common support changes across caps
cap_minus_full/common/vowel_exact/n5/max_5s/verification/far_1pct,evaluable,common/vowel_exact/n5/full/verification,1.135872746724803,0.15432700443361386,2.5315964466746226,10000,0,common support changes across caps
cap_minus_full/common/vowel_exact/n5/max_5s/verification/far_0_1pct,evaluable,common/vowel_exact/n5/full/verification,9.15521104584267,5.06492684575894,13.563688651832347,10000,0,common support changes across caps
cap_minus_full/common/vowel_exact/n5/max_5s/verification/eer_operating,evaluable,common/vowel_exact/n5/full/verification,-0.22467147096227186,-1.3303150088864375,0.5424009366357819,10000,0,common support changes across caps
cap_minus_full/common/vowel_exact/n10/max_1s/cross_text_verification/far_1pct,evaluable,common/vowel_exact/n10/full/cross_text_verification,12.244897959183673,-0.25,25.577152600170503,10000,0,common support changes across caps
cap_minus_full/common/vowel_exact/n10/max_1s/cross_text_verification/far_0_1pct,evaluable,common/vowel_exact/n10/full/cross_text_verification,21.428571428571427,-0.025225231639704113,44.13633475111831,10000,0,common support changes across caps
cap_minus_full/common/vowel_exact/n10/max_1s/cross_text_verification/eer_operating,evaluable,common/vowel_exact/n10/full/cross_text_verification,1.275510204081632,-4.786154258792798,11.701837362548394,10000,0,common support changes across caps
cap_minus_full/common/vowel_exact/n10/max_1s/verification/far_1pct,evaluable,common/vowel_exact/n10/full/verification,0.11766868909726079,-0.9612811190223706,2.9176114890400604,10000,0,common support changes across caps
cap_minus_full/common/vowel_exact/n10/max_1s/verification/far_0_1pct,evaluable,common/vowel_exact/n10/full/verification,16.940614083471228,2.1505756148613298,31.543114543114537,10000,0,common support changes across caps
cap_minus_full/common/vowel_exact/n10/max_1s/verification/eer_operating,evaluable,common/vowel_exact/n10/full/verification,-1.7870932156646437,-4.217687074829931,0.3954081632653067,10000,0,common support changes across caps
cap_minus_full/common/vowel_exact/n10/max_2s/cross_text_verification/far_1pct,evaluable,common/vowel_exact/n10/full/cross_text_verification,5.065782658240963,1.1368307204304646,9.360639666999155,10000,0,common support changes across caps
cap_minus_full/common/vowel_exact/n10/max_2s/cross_text_verification/far_0_1pct,evaluable,common/vowel_exact/n10/full/cross_text_verification,14.122552574329225,6.447383084813292,21.31670359917388,10000,0,common support changes across caps
cap_minus_full/common/vowel_exact/n10/max_2s/cross_text_verification/eer_operating,evaluable,common/vowel_exact/n10/full/cross_text_verification,0.22402361960012426,-2.519181090979385,2.3668240034433214,10000,0,common support changes across caps
cap_minus_full/common/vowel_exact/n10/max_2s/verification/far_1pct,evaluable,common/vowel_exact/n10/full/verification,1.5301923238431177,0.011784241255556605,3.505146509804891,10000,0,common support changes across caps
cap_minus_full/common/vowel_exact/n10/max_2s/verification/far_0_1pct,evaluable,common/vowel_exact/n10/full/verification,13.136810279667422,7.039978207117705,17.640889060026524,10000,0,common support changes across caps
cap_minus_full/common/vowel_exact/n10/max_2s/verification/eer_operating,evaluable,common/vowel_exact/n10/full/verification,-0.374569580918787,-3.012549847525217,1.3976499690785404,10000,0,common support changes across caps
cap_minus_full/common/vowel_exact/n10/max_3s/cross_text_verification/far_1pct,evaluable,common/vowel_exact/n10/full/cross_text_verification,2.735303076454463,0.6859150698298927,5.149179496750784,10000,0,common support changes across caps
cap_minus_full/common/vowel_exact/n10/max_3s/cross_text_verification/far_0_1pct,evaluable,common/vowel_exact/n10/full/cross_text_verification,9.904051172707886,3.9874193495822694,16.27347811202536,10000,0,common support changes across caps
cap_minus_full/common/vowel_exact/n10/max_3s/cross_text_verification/eer_operating,evaluable,common/vowel_exact/n10/full/cross_text_verification,-1.0912275357904357,-3.608751600355147,0.7960481370800417,10000,0,common support changes across caps
cap_minus_full/common/vowel_exact/n10/max_3s/verification/far_1pct,evaluable,common/vowel_exact/n10/full/verification,2.4439795260463955,0.5425551075827478,4.670371177326923,10000,0,common support changes across caps
cap_minus_full/common/vowel_exact/n10/max_3s/verification/far_0_1pct,evaluable,common/vowel_exact/n10/full/verification,12.355952052000685,7.501678860693837,17.128801224101018,10000,0,common support changes across caps
cap_minus_full/common/vowel_exact/n10/max_3s/verification/eer_operating,evaluable,common/vowel_exact/n10/full/verification,0.5392176212844907,-0.4887661088039157,1.3916715671873192,10000,0,common support changes across caps
cap_minus_full/common/vowel_exact/n10/max_5s/cross_text_verification/far_1pct,evaluable,common/vowel_exact/n10/full/cross_text_verification,0.2847650688182251,0.0025000625015625475,0.810886080530687,10000,0,common support changes across caps
cap_minus_full/common/vowel_exact/n10/max_5s/cross_text_verification/far_0_1pct,evaluable,common/vowel_exact/n10/full/cross_text_verification,5.398671096345514,2.3057911664507555,8.874398558997573,10000,0,common support changes across caps
cap_minus_full/common/vowel_exact/n10/max_5s/cross_text_verification/eer_operating,evaluable,common/vowel_exact/n10/full/cross_text_verification,-0.18259241681168603,-1.016959029276219,0.6128247176899501,10000,0,common support changes across caps
cap_minus_full/common/vowel_exact/n10/max_5s/verification/far_1pct,evaluable,common/vowel_exact/n10/full/verification,0.3823250368396619,0.0,0.8895866038723179,10000,0,common support changes across caps
cap_minus_full/common/vowel_exact/n10/max_5s/verification/far_0_1pct,evaluable,common/vowel_exact/n10/full/verification,6.350350229112417,3.544545248129509,9.37587341721349,10000,0,common support changes across caps
cap_minus_full/common/vowel_exact/n10/max_5s/verification/eer_operating,evaluable,common/vowel_exact/n10/full/verification,0.10961060982256424,-1.1916026150720034,1.1250594118741086,10000,0,common support changes across caps
